2025-12-24 11:35:11 - c.c.h.service.HRDataProcessService - 更新員工: 楊智閔 (BI097)
2025-12-24 11:35:11 - c.c.h.service.HRDataProcessService - 處理員工: 張家瑜 (BJ003)
2025-12-24 11:35:11 - o.s.jdbc.core.JdbcTemplate - Executing prepared SQL query
2025-12-24 11:35:11 - o.s.jdbc.core.JdbcTemplate - Executing prepared SQL statement [SELECT COUNT(*) FROM public."TsAccount" WHERE "FLoginName" = ?]
2025-12-24 11:35:11 - o.s.jdbc.core.JdbcTemplate - Executing prepared SQL query
2025-12-24 11:35:11 - o.s.jdbc.core.JdbcTemplate - Executing prepared SQL statement [SELECT "id" FROM public."CUS_HRImport_Department" WHERE "full_name" = ?]
2025-12-24 11:35:11 - o.s.jdbc.core.JdbcTemplate - Executing prepared SQL query
2025-12-24 11:35:11 - o.s.jdbc.core.JdbcTemplate - Executing prepared SQL statement [SELECT "tree_level" FROM public."CUS_HRImport_Department" WHERE "id" = ?]
2025-12-24 11:35:11 - o.s.jdbc.core.JdbcTemplate - Executing prepared SQL update
2025-12-24 11:35:11 - o.s.jdbc.core.JdbcTemplate - Executing prepared SQL statement [UPDATE public."TsUser" SET "FName" = ?, "FMobile" = ?, "FDepartmentId" = ?, "U_EmployeeCore" = ?, "FSeatId" = ? WHERE "FLoginName" = ?]
2025-12-24 11:35:11 - o.s.jdbc.core.JdbcTemplate - Executing prepared SQL update
2025-12-24 11:35:11 - o.s.jdbc.core.JdbcTemplate - Executing prepared SQL statement [UPDATE public."TsAccount" SET "FName" = ?, "FMobile" = ? WHERE "FLoginName" = ?]
2025-12-24 11:35:11 - c.c.h.service.HRDataProcessService - 更新員工: 張家瑜 (BJ003)
2025-12-24 11:35:11 - c.c.h.service.HRDataProcessService - 處理員工: 蕭郁靜 (BK026)
2025-12-24 11:35:11 - o.s.jdbc.core.JdbcTemplate - Executing prepared SQL query
2025-12-24 11:35:11 - o.s.jdbc.core.JdbcTemplate - Executing prepared SQL statement [SELECT COUNT(*) FROM public."TsAccount" WHERE "FLoginName" = ?]
2025-12-24 11:35:11 - o.s.jdbc.core.JdbcTemplate - Executing prepared SQL query
2025-12-24 11:35:11 - o.s.jdbc.core.JdbcTemplate - Executing prepared SQL statement [SELECT "id" FROM public."CUS_HRImport_Department" WHERE "full_name" = ?]
2025-12-24 11:35:11 - o.s.jdbc.core.JdbcTemplate - Executing prepared SQL query
2025-12-24 11:35:11 - o.s.jdbc.core.JdbcTemplate - Executing prepared SQL statement [SELECT "tree_level" FROM public."CUS_HRImport_Department" WHERE "id" = ?]
2025-12-24 11:35:11 - o.s.jdbc.core.JdbcTemplate - Executing prepared SQL update
2025-12-24 11:35:11 - o.s.jdbc.core.JdbcTemplate - Executing prepared SQL statement [UPDATE public."TsUser" SET "FName" = ?, "FMobile" = ?, "FDepartmentId" = ?, "U_EmployeeCore" = ?, "FSeatId" = ? WHERE "FLoginName" = ?]
2025-12-24 11:35:11 - o.s.jdbc.core.JdbcTemplate - Executing prepared SQL update
2025-12-24 11:35:11 - o.s.jdbc.core.JdbcTemplate - Executing prepared SQL statement [UPDATE public."TsAccount" SET "FName" = ?, "FMobile" = ? WHERE "FLoginName" = ?]
2025-12-24 11:35:11 - c.c.h.service.HRDataProcessService - 更新員工: 蕭郁靜 (BK026)
2025-12-24 11:35:11 - c.c.h.service.HRDataProcessService - 處理員工: 陳亭方 (BI076)
2025-12-24 11:35:11 - o.s.jdbc.core.JdbcTemplate - Executing prepared SQL query
2025-12-24 11:35:11 - o.s.jdbc.core.JdbcTemplate - Executing prepared SQL statement [SELECT COUNT(*) FROM public."TsAccount" WHERE "FLoginName" = ?]
2025-12-24 11:35:11 - o.s.jdbc.core.JdbcTemplate - Executing prepared SQL query
2025-12-24 11:35:11 - o.s.jdbc.core.JdbcTemplate - Executing prepared SQL statement [SELECT "id" FROM public."CUS_HRImport_Department" WHERE "full_name" = ?]
2025-12-24 11:35:11 - o.s.jdbc.core.JdbcTemplate - Executing prepared SQL query
2025-12-24 11:35:11 - o.s.jdbc.core.JdbcTemplate - Executing prepared SQL statement [SELECT "tree_level" FROM public."CUS_HRImport_Department" WHERE "id" = ?]
2025-12-24 11:35:11 - o.s.jdbc.core.JdbcTemplate - Executing prepared SQL update
2025-12-24 11:35:11 - o.s.jdbc.core.JdbcTemplate - Executing prepared SQL statement [UPDATE public."TsUser" SET "FName" = ?, "FMobile" = ?, "FDepartmentId" = ?, "U_EmployeeCore" = ?, "FSeatId" = ? WHERE "FLoginName" = ?]
2025-12-24 11:35:11 - o.s.jdbc.core.JdbcTemplate - Executing prepared SQL update
2025-12-24 11:35:11 - o.s.jdbc.core.JdbcTemplate - Executing prepared SQL statement [UPDATE public."TsAccount" SET "FName" = ?, "FMobile" = ? WHERE "FLoginName" = ?]
2025-12-24 11:35:11 - c.c.h.service.HRDataProcessService - 更新員工: 陳亭方 (BI076)
2025-12-24 11:35:11 - c.c.h.service.HRDataProcessService - 處理員工: 黃瀞萱 (CD056)
2025-12-24 11:35:11 - o.s.jdbc.core.JdbcTemplate - Executing prepared SQL query
2025-12-24 11:35:11 - o.s.jdbc.core.JdbcTemplate - Executing prepared SQL statement [SELECT COUNT(*) FROM public."TsAccount" WHERE "FLoginName" = ?]
2025-12-24 11:35:11 - o.s.jdbc.core.JdbcTemplate - Executing prepared SQL query
2025-12-24 11:35:11 - o.s.jdbc.core.JdbcTemplate - Executing prepared SQL statement [SELECT "id" FROM public."CUS_HRImport_Department" WHERE "full_name" = ?]
2025-12-24 11:35:11 - o.s.jdbc.core.JdbcTemplate - Executing prepared SQL query
2025-12-24 11:35:11 - o.s.jdbc.core.JdbcTemplate - Executing prepared SQL statement [SELECT "tree_level" FROM public."CUS_HRImport_Department" WHERE "id" = ?]
2025-12-24 11:35:11 - o.s.jdbc.core.JdbcTemplate - Executing prepared SQL update
2025-12-24 11:35:11 - o.s.jdbc.core.JdbcTemplate - Executing prepared SQL statement [UPDATE public."TsUser" SET "FName" = ?, "FMobile" = ?, "FDepartmentId" = ?, "U_EmployeeCore" = ?, "FSeatId" = ? WHERE "FLoginName" = ?]
2025-12-24 11:35:11 - o.s.jdbc.core.JdbcTemplate - Executing prepared SQL update
2025-12-24 11:35:11 - o.s.jdbc.core.JdbcTemplate - Executing prepared SQL statement [UPDATE public."TsAccount" SET "FName" = ?, "FMobile" = ? WHERE "FLoginName" = ?]
2025-12-24 11:35:11 - c.c.h.service.HRDataProcessService - 更新員工: 黃瀞萱 (CD056)
2025-12-24 11:35:11 - c.c.h.service.HRDataProcessService - 處理員工: 陳昱潔 (BI028)
2025-12-24 11:35:11 - o.s.jdbc.core.JdbcTemplate - Executing prepared SQL query
2025-12-24 11:35:11 - o.s.jdbc.core.JdbcTemplate - Executing prepared SQL statement [SELECT COUNT(*) FROM public."TsAccount" WHERE "FLoginName" = ?]
2025-12-24 11:35:11 - o.s.jdbc.core.JdbcTemplate - Executing prepared SQL query
2025-12-24 11:35:11 - o.s.jdbc.core.JdbcTemplate - Executing prepared SQL statement [SELECT "id" FROM public."CUS_HRImport_Department" WHERE "full_name" = ?]
2025-12-24 11:35:11 - o.s.jdbc.core.JdbcTemplate - Executing prepared SQL query
2025-12-24 11:35:11 - o.s.jdbc.core.JdbcTemplate - Executing prepared SQL statement [SELECT "tree_level" FROM public."CUS_HRImport_Department" WHERE "id" = ?]
2025-12-24 11:35:11 - o.s.jdbc.core.JdbcTemplate - Executing prepared SQL update
2025-12-24 11:35:11 - o.s.jdbc.core.JdbcTemplate - Executing prepared SQL statement [UPDATE public."TsUser" SET "FName" = ?, "FMobile" = ?, "FDepartmentId" = ?, "U_EmployeeCore" = ?, "FSeatId" = ? WHERE "FLoginName" = ?]
2025-12-24 11:35:11 - o.s.jdbc.core.JdbcTemplate - Executing prepared SQL update
2025-12-24 11:35:11 - o.s.jdbc.core.JdbcTemplate - Executing prepared SQL statement [UPDATE public."TsAccount" SET "FName" = ?, "FMobile" = ? WHERE "FLoginName" = ?]
2025-12-24 11:35:11 - c.c.h.service.HRDataProcessService - 更新員工: 陳昱潔 (BI028)
2025-12-24 11:35:11 - c.c.h.service.HRDataProcessService - 處理員工: 張家銘 (BJ020)
2025-12-24 11:35:11 - o.s.jdbc.core.JdbcTemplate - Executing prepared SQL query
2025-12-24 11:35:11 - o.s.jdbc.core.JdbcTemplate - Executing prepared SQL statement [SELECT COUNT(*) FROM public."TsAccount" WHERE "FLoginName" = ?]
2025-12-24 11:35:11 - o.s.jdbc.core.JdbcTemplate - Executing prepared SQL query
2025-12-24 11:35:11 - o.s.jdbc.core.JdbcTemplate - Executing prepared SQL statement [SELECT "id" FROM public."CUS_HRImport_Department" WHERE "full_name" = ?]
2025-12-24 11:35:11 - o.s.jdbc.core.JdbcTemplate - Executing prepared SQL query
2025-12-24 11:35:11 - o.s.jdbc.core.JdbcTemplate - Executing prepared SQL statement [SELECT "tree_level" FROM public."CUS_HRImport_Department" WHERE "id" = ?]
2025-12-24 11:35:11 - o.s.jdbc.core.JdbcTemplate - Executing prepared SQL update
2025-12-24 11:35:11 - o.s.jdbc.core.JdbcTemplate - Executing prepared SQL statement [UPDATE public."TsUser" SET "FName" = ?, "FMobile" = ?, "FDepartmentId" = ?, "U_EmployeeCore" = ?, "FSeatId" = ? WHERE "FLoginName" = ?]
2025-12-24 11:35:11 - o.s.jdbc.core.JdbcTemplate - Executing prepared SQL update
2025-12-24 11:35:11 - o.s.jdbc.core.JdbcTemplate - Executing prepared SQL statement [UPDATE public."TsAccount" SET "FName" = ?, "FMobile" = ? WHERE "FLoginName" = ?]
2025-12-24 11:35:11 - c.c.h.service.HRDataProcessService - 更新員工: 張家銘 (BJ020)
2025-12-24 11:35:11 - c.c.h.service.HRDataProcessService - 處理員工: 游凱晴 (CE026)
2025-12-24 11:35:11 - o.s.jdbc.core.JdbcTemplate - Executing prepared SQL query
2025-12-24 11:35:11 - o.s.jdbc.core.JdbcTemplate - Executing prepared SQL statement [SELECT COUNT(*) FROM public."TsAccount" WHERE "FLoginName" = ?]
2025-12-24 11:35:11 - o.s.jdbc.core.JdbcTemplate - Executing prepared SQL query
2025-12-24 11:35:11 - o.s.jdbc.core.JdbcTemplate - Executing prepared SQL statement [SELECT "id" FROM public."CUS_HRImport_Department" WHERE "full_name" = ?]
2025-12-24 11:35:11 - o.s.jdbc.core.JdbcTemplate - Executing prepared SQL query
2025-12-24 11:35:11 - o.s.jdbc.core.JdbcTemplate - Executing prepared SQL statement [SELECT "tree_level" FROM public."CUS_HRImport_Department" WHERE "id" = ?]
2025-12-24 11:35:11 - o.s.jdbc.core.JdbcTemplate - Executing prepared SQL update
2025-12-24 11:35:11 - o.s.jdbc.core.JdbcTemplate - Executing prepared SQL statement [UPDATE public."TsUser" SET "FName" = ?, "FMobile" = ?, "FDepartmentId" = ?, "U_EmployeeCore" = ?, "FSeatId" = ? WHERE "FLoginName" = ?]
2025-12-24 11:35:11 - o.s.jdbc.core.JdbcTemplate - Executing prepared SQL update
2025-12-24 11:35:11 - o.s.jdbc.core.JdbcTemplate - Executing prepared SQL statement [UPDATE public."TsAccount" SET "FName" = ?, "FMobile" = ? WHERE "FLoginName" = ?]
2025-12-24 11:35:11 - c.c.h.service.HRDataProcessService - 更新員工: 游凱晴 (CE026)
2025-12-24 11:35:11 - c.c.h.service.HRDataProcessService - 處理員工: 吳信忠 (BI090)
2025-12-24 11:35:11 - o.s.jdbc.core.JdbcTemplate - Executing prepared SQL query
2025-12-24 11:35:11 - o.s.jdbc.core.JdbcTemplate - Executing prepared SQL statement [SELECT COUNT(*) FROM public."TsAccount" WHERE "FLoginName" = ?]
2025-12-24 11:35:11 - o.s.jdbc.core.JdbcTemplate - Executing prepared SQL query
2025-12-24 11:35:11 - o.s.jdbc.core.JdbcTemplate - Executing prepared SQL statement [SELECT "id" FROM public."CUS_HRImport_Department" WHERE "full_name" = ?]
2025-12-24 11:35:11 - o.s.jdbc.core.JdbcTemplate - Executing prepared SQL query
2025-12-24 11:35:11 - o.s.jdbc.core.JdbcTemplate - Executing prepared SQL statement [SELECT "tree_level" FROM public."CUS_HRImport_Department" WHERE "id" = ?]
2025-12-24 11:35:11 - o.s.jdbc.core.JdbcTemplate - Executing prepared SQL update
2025-12-24 11:35:11 - o.s.jdbc.core.JdbcTemplate - Executing prepared SQL statement [UPDATE public."TsUser" SET "FName" = ?, "FMobile" = ?, "FDepartmentId" = ?, "U_EmployeeCore" = ?, "FSeatId" = ? WHERE "FLoginName" = ?]
2025-12-24 11:35:11 - o.s.jdbc.core.JdbcTemplate - Executing prepared SQL update
2025-12-24 11:35:11 - o.s.jdbc.core.JdbcTemplate - Executing prepared SQL statement [UPDATE public."TsAccount" SET "FName" = ?, "FMobile" = ? WHERE "FLoginName" = ?]
2025-12-24 11:35:11 - c.c.h.service.HRDataProcessService - 更新員工: 吳信忠 (BI090)
2025-12-24 11:35:11 - c.c.h.service.HRDataProcessService - 處理員工: 陳玉欣 (BF108)
2025-12-24 11:35:11 - o.s.jdbc.core.JdbcTemplate - Executing prepared SQL query
2025-12-24 11:35:11 - o.s.jdbc.core.JdbcTemplate - Executing prepared SQL statement [SELECT COUNT(*) FROM public."TsAccount" WHERE "FLoginName" = ?]
2025-12-24 11:35:11 - o.s.jdbc.core.JdbcTemplate - Executing prepared SQL query
2025-12-24 11:35:11 - o.s.jdbc.core.JdbcTemplate - Executing prepared SQL statement [SELECT "id" FROM public."CUS_HRImport_Department" WHERE "full_name" = ?]
2025-12-24 11:35:11 - o.s.jdbc.core.JdbcTemplate - Executing prepared SQL query
2025-12-24 11:35:11 - o.s.jdbc.core.JdbcTemplate - Executing prepared SQL statement [SELECT "tree_level" FROM public."CUS_HRImport_Department" WHERE "id" = ?]
2025-12-24 11:35:11 - o.s.jdbc.core.JdbcTemplate - Executing prepared SQL update
2025-12-24 11:35:11 - o.s.jdbc.core.JdbcTemplate - Executing prepared SQL statement [UPDATE public."TsUser" SET "FName" = ?, "FMobile" = ?, "FDepartmentId" = ?, "U_EmployeeCore" = ?, "FSeatId" = ? WHERE "FLoginName" = ?]
2025-12-24 11:35:11 - o.s.jdbc.core.JdbcTemplate - Executing prepared SQL update
2025-12-24 11:35:11 - o.s.jdbc.core.JdbcTemplate - Executing prepared SQL statement [UPDATE public."TsAccount" SET "FName" = ?, "FMobile" = ? WHERE "FLoginName" = ?]
2025-12-24 11:35:11 - c.c.h.service.HRDataProcessService - 更新員工: 陳玉欣 (BF108)
2025-12-24 11:35:11 - c.c.h.service.HRDataProcessService - 處理員工: 周品言 (BH156)
2025-12-24 11:35:11 - o.s.jdbc.core.JdbcTemplate - Executing prepared SQL query
2025-12-24 11:35:11 - o.s.jdbc.core.JdbcTemplate - Executing prepared SQL statement [SELECT COUNT(*) FROM public."TsAccount" WHERE "FLoginName" = ?]
2025-12-24 11:35:11 - o.s.jdbc.core.JdbcTemplate - Executing prepared SQL query
2025-12-24 11:35:11 - o.s.jdbc.core.JdbcTemplate - Executing prepared SQL statement [SELECT "id" FROM public."CUS_HRImport_Department" WHERE "full_name" = ?]
2025-12-24 11:35:11 - o.s.jdbc.core.JdbcTemplate - Executing prepared SQL query
2025-12-24 11:35:11 - o.s.jdbc.core.JdbcTemplate - Executing prepared SQL statement [SELECT "tree_level" FROM public."CUS_HRImport_Department" WHERE "id" = ?]
2025-12-24 11:35:11 - o.s.jdbc.core.JdbcTemplate - Executing prepared SQL update
2025-12-24 11:35:11 - o.s.jdbc.core.JdbcTemplate - Executing prepared SQL statement [UPDATE public."TsUser" SET "FName" = ?, "FMobile" = ?, "FDepartmentId" = ?, "U_EmployeeCore" = ?, "FSeatId" = ? WHERE "FLoginName" = ?]
2025-12-24 11:35:11 - o.s.jdbc.core.JdbcTemplate - Executing prepared SQL update
2025-12-24 11:35:11 - o.s.jdbc.core.JdbcTemplate - Executing prepared SQL statement [UPDATE public."TsAccount" SET "FName" = ?, "FMobile" = ? WHERE "FLoginName" = ?]
2025-12-24 11:35:11 - c.c.h.service.HRDataProcessService - 更新員工: 周品言 (BH156)
2025-12-24 11:35:11 - c.c.h.service.HRDataProcessService - 處理員工: 楊士賢 (BJ059)
2025-12-24 11:35:11 - o.s.jdbc.core.JdbcTemplate - Executing prepared SQL query
2025-12-24 11:35:11 - o.s.jdbc.core.JdbcTemplate - Executing prepared SQL statement [SELECT COUNT(*) FROM public."TsAccount" WHERE "FLoginName" = ?]
2025-12-24 11:35:11 - o.s.jdbc.core.JdbcTemplate - Executing prepared SQL query
2025-12-24 11:35:11 - o.s.jdbc.core.JdbcTemplate - Executing prepared SQL statement [SELECT "id" FROM public."CUS_HRImport_Department" WHERE "full_name" = ?]
2025-12-24 11:35:11 - o.s.jdbc.core.JdbcTemplate - Executing prepared SQL query
2025-12-24 11:35:11 - o.s.jdbc.core.JdbcTemplate - Executing prepared SQL statement [SELECT "tree_level" FROM public."CUS_HRImport_Department" WHERE "id" = ?]
2025-12-24 11:35:11 - o.s.jdbc.core.JdbcTemplate - Executing prepared SQL update
2025-12-24 11:35:11 - o.s.jdbc.core.JdbcTemplate - Executing prepared SQL statement [UPDATE public."TsUser" SET "FName" = ?, "FMobile" = ?, "FDepartmentId" = ?, "U_EmployeeCore" = ?, "FSeatId" = ? WHERE "FLoginName" = ?]
2025-12-24 11:35:11 - o.s.jdbc.core.JdbcTemplate - Executing prepared SQL update
2025-12-24 11:35:11 - o.s.jdbc.core.JdbcTemplate - Executing prepared SQL statement [UPDATE public."TsAccount" SET "FName" = ?, "FMobile" = ? WHERE "FLoginName" = ?]
2025-12-24 11:35:11 - c.c.h.service.HRDataProcessService - 更新員工: 楊士賢 (BJ059)
2025-12-24 11:35:11 - c.c.h.service.HRDataProcessService - 處理員工: 劉芳安 (BG079)
2025-12-24 11:35:11 - o.s.jdbc.core.JdbcTemplate - Executing prepared SQL query
2025-12-24 11:35:11 - o.s.jdbc.core.JdbcTemplate - Executing prepared SQL statement [SELECT COUNT(*) FROM public."TsAccount" WHERE "FLoginName" = ?]
2025-12-24 11:35:11 - o.s.jdbc.core.JdbcTemplate - Executing prepared SQL query
2025-12-24 11:35:11 - o.s.jdbc.core.JdbcTemplate - Executing prepared SQL statement [SELECT "id" FROM public."CUS_HRImport_Department" WHERE "full_name" = ?]
2025-12-24 11:35:12 - o.s.jdbc.core.JdbcTemplate - Executing prepared SQL query
2025-12-24 11:35:12 - o.s.jdbc.core.JdbcTemplate - Executing prepared SQL statement [SELECT "tree_level" FROM public."CUS_HRImport_Department" WHERE "id" = ?]
2025-12-24 11:35:12 - o.s.jdbc.core.JdbcTemplate - Executing prepared SQL update
2025-12-24 11:35:12 - o.s.jdbc.core.JdbcTemplate - Executing prepared SQL statement [UPDATE public."TsUser" SET "FName" = ?, "FMobile" = ?, "FDepartmentId" = ?, "U_EmployeeCore" = ?, "FSeatId" = ? WHERE "FLoginName" = ?]
2025-12-24 11:35:12 - o.s.jdbc.core.JdbcTemplate - Executing prepared SQL update
2025-12-24 11:35:12 - o.s.jdbc.core.JdbcTemplate - Executing prepared SQL statement [UPDATE public."TsAccount" SET "FName" = ?, "FMobile" = ? WHERE "FLoginName" = ?]
2025-12-24 11:35:12 - c.c.h.service.HRDataProcessService - 更新員工: 劉芳安 (BG079)
2025-12-24 11:35:12 - c.c.h.service.HRDataProcessService - 處理員工: 黃釗輝 (CC028)
2025-12-24 11:35:12 - o.s.jdbc.core.JdbcTemplate - Executing prepared SQL query
2025-12-24 11:35:12 - o.s.jdbc.core.JdbcTemplate - Executing prepared SQL statement [SELECT COUNT(*) FROM public."TsAccount" WHERE "FLoginName" = ?]
2025-12-24 11:35:12 - o.s.jdbc.core.JdbcTemplate - Executing prepared SQL query
2025-12-24 11:35:12 - o.s.jdbc.core.JdbcTemplate - Executing prepared SQL statement [SELECT "id" FROM public."CUS_HRImport_Department" WHERE "full_name" = ?]
2025-12-24 11:35:12 - o.s.jdbc.core.JdbcTemplate - Executing prepared SQL query
2025-12-24 11:35:12 - o.s.jdbc.core.JdbcTemplate - Executing prepared SQL statement [SELECT "tree_level" FROM public."CUS_HRImport_Department" WHERE "id" = ?]
2025-12-24 11:35:12 - o.s.jdbc.core.JdbcTemplate - Executing prepared SQL update
2025-12-24 11:35:12 - o.s.jdbc.core.JdbcTemplate - Executing prepared SQL statement [UPDATE public."TsUser" SET "FName" = ?, "FMobile" = ?, "FDepartmentId" = ?, "U_EmployeeCore" = ?, "FSeatId" = ? WHERE "FLoginName" = ?]
2025-12-24 11:35:12 - o.s.jdbc.core.JdbcTemplate - Executing prepared SQL update
2025-12-24 11:35:12 - o.s.jdbc.core.JdbcTemplate - Executing prepared SQL statement [UPDATE public."TsAccount" SET "FName" = ?, "FMobile" = ? WHERE "FLoginName" = ?]
2025-12-24 11:35:12 - c.c.h.service.HRDataProcessService - 更新員工: 黃釗輝 (CC028)
2025-12-24 11:35:12 - c.c.h.service.HRDataProcessService - 處理員工: 何玉婷 (CD052)
2025-12-24 11:35:12 - o.s.jdbc.core.JdbcTemplate - Executing prepared SQL query
2025-12-24 11:35:12 - o.s.jdbc.core.JdbcTemplate - Executing prepared SQL statement [SELECT COUNT(*) FROM public."TsAccount" WHERE "FLoginName" = ?]
2025-12-24 11:35:12 - o.s.jdbc.core.JdbcTemplate - Executing prepared SQL query
2025-12-24 11:35:12 - o.s.jdbc.core.JdbcTemplate - Executing prepared SQL statement [SELECT "id" FROM public."CUS_HRImport_Department" WHERE "full_name" = ?]
2025-12-24 11:35:12 - o.s.jdbc.core.JdbcTemplate - Executing prepared SQL query
2025-12-24 11:35:12 - o.s.jdbc.core.JdbcTemplate - Executing prepared SQL statement [SELECT "tree_level" FROM public."CUS_HRImport_Department" WHERE "id" = ?]
2025-12-24 11:35:12 - o.s.jdbc.core.JdbcTemplate - Executing prepared SQL update
2025-12-24 11:35:12 - o.s.jdbc.core.JdbcTemplate - Executing prepared SQL statement [UPDATE public."TsUser" SET "FName" = ?, "FMobile" = ?, "FDepartmentId" = ?, "U_EmployeeCore" = ?, "FSeatId" = ? WHERE "FLoginName" = ?]
2025-12-24 11:35:12 - o.s.jdbc.core.JdbcTemplate - Executing prepared SQL update
2025-12-24 11:35:12 - o.s.jdbc.core.JdbcTemplate - Executing prepared SQL statement [UPDATE public."TsAccount" SET "FName" = ?, "FMobile" = ? WHERE "FLoginName" = ?]
2025-12-24 11:35:12 - c.c.h.service.HRDataProcessService - 更新員工: 何玉婷 (CD052)
2025-12-24 11:35:12 - c.c.h.service.HRDataProcessService - 處理員工: 黃震羽 (BI091)
2025-12-24 11:35:12 - o.s.jdbc.core.JdbcTemplate - Executing prepared SQL query
2025-12-24 11:35:12 - o.s.jdbc.core.JdbcTemplate - Executing prepared SQL statement [SELECT COUNT(*) FROM public."TsAccount" WHERE "FLoginName" = ?]
2025-12-24 11:35:12 - o.s.jdbc.core.JdbcTemplate - Executing prepared SQL query
2025-12-24 11:35:12 - o.s.jdbc.core.JdbcTemplate - Executing prepared SQL statement [SELECT "id" FROM public."CUS_HRImport_Department" WHERE "full_name" = ?]
2025-12-24 11:35:12 - o.s.jdbc.core.JdbcTemplate - Executing prepared SQL query
2025-12-24 11:35:12 - o.s.jdbc.core.JdbcTemplate - Executing prepared SQL statement [SELECT "tree_level" FROM public."CUS_HRImport_Department" WHERE "id" = ?]
2025-12-24 11:35:12 - o.s.jdbc.core.JdbcTemplate - Executing prepared SQL update
2025-12-24 11:35:12 - o.s.jdbc.core.JdbcTemplate - Executing prepared SQL statement [UPDATE public."TsUser" SET "FName" = ?, "FMobile" = ?, "FDepartmentId" = ?, "U_EmployeeCore" = ?, "FSeatId" = ? WHERE "FLoginName" = ?]
2025-12-24 11:35:12 - o.s.jdbc.core.JdbcTemplate - Executing prepared SQL update
2025-12-24 11:35:12 - o.s.jdbc.core.JdbcTemplate - Executing prepared SQL statement [UPDATE public."TsAccount" SET "FName" = ?, "FMobile" = ? WHERE "FLoginName" = ?]
2025-12-24 11:35:12 - c.c.h.service.HRDataProcessService - 更新員工: 黃震羽 (BI091)
2025-12-24 11:35:12 - c.c.h.service.HRDataProcessService - 處理員工: 郭尚儒 (BJ056)
2025-12-24 11:35:12 - o.s.jdbc.core.JdbcTemplate - Executing prepared SQL query
2025-12-24 11:35:12 - o.s.jdbc.core.JdbcTemplate - Executing prepared SQL statement [SELECT COUNT(*) FROM public."TsAccount" WHERE "FLoginName" = ?]
2025-12-24 11:35:12 - o.s.jdbc.core.JdbcTemplate - Executing prepared SQL query
2025-12-24 11:35:12 - o.s.jdbc.core.JdbcTemplate - Executing prepared SQL statement [SELECT "id" FROM public."CUS_HRImport_Department" WHERE "full_name" = ?]
2025-12-24 11:35:12 - o.s.jdbc.core.JdbcTemplate - Executing prepared SQL query
2025-12-24 11:35:12 - o.s.jdbc.core.JdbcTemplate - Executing prepared SQL statement [SELECT "tree_level" FROM public."CUS_HRImport_Department" WHERE "id" = ?]
2025-12-24 11:35:12 - o.s.jdbc.core.JdbcTemplate - Executing prepared SQL update
2025-12-24 11:35:12 - o.s.jdbc.core.JdbcTemplate - Executing prepared SQL statement [UPDATE public."TsUser" SET "FName" = ?, "FMobile" = ?, "FDepartmentId" = ?, "U_EmployeeCore" = ?, "FSeatId" = ? WHERE "FLoginName" = ?]
2025-12-24 11:35:12 - o.s.jdbc.core.JdbcTemplate - Executing prepared SQL update
2025-12-24 11:35:12 - o.s.jdbc.core.JdbcTemplate - Executing prepared SQL statement [UPDATE public."TsAccount" SET "FName" = ?, "FMobile" = ? WHERE "FLoginName" = ?]
2025-12-24 11:35:12 - c.c.h.service.HRDataProcessService - 更新員工: 郭尚儒 (BJ056)
2025-12-24 11:35:12 - c.c.h.service.HRDataProcessService - 處理員工: 邱信耀 (BI070)
2025-12-24 11:35:12 - o.s.jdbc.core.JdbcTemplate - Executing prepared SQL query
2025-12-24 11:35:12 - o.s.jdbc.core.JdbcTemplate - Executing prepared SQL statement [SELECT COUNT(*) FROM public."TsAccount" WHERE "FLoginName" = ?]
2025-12-24 11:35:12 - o.s.jdbc.core.JdbcTemplate - Executing prepared SQL query
2025-12-24 11:35:12 - o.s.jdbc.core.JdbcTemplate - Executing prepared SQL statement [SELECT "id" FROM public."CUS_HRImport_Department" WHERE "full_name" = ?]
2025-12-24 11:35:12 - o.s.jdbc.core.JdbcTemplate - Executing prepared SQL query
2025-12-24 11:35:12 - o.s.jdbc.core.JdbcTemplate - Executing prepared SQL statement [SELECT "tree_level" FROM public."CUS_HRImport_Department" WHERE "id" = ?]
2025-12-24 11:35:12 - o.s.jdbc.core.JdbcTemplate - Executing prepared SQL update
2025-12-24 11:35:12 - o.s.jdbc.core.JdbcTemplate - Executing prepared SQL statement [UPDATE public."TsUser" SET "FName" = ?, "FMobile" = ?, "FDepartmentId" = ?, "U_EmployeeCore" = ?, "FSeatId" = ? WHERE "FLoginName" = ?]
2025-12-24 11:35:12 - o.s.jdbc.core.JdbcTemplate - Executing prepared SQL update
2025-12-24 11:35:12 - o.s.jdbc.core.JdbcTemplate - Executing prepared SQL statement [UPDATE public."TsAccount" SET "FName" = ?, "FMobile" = ? WHERE "FLoginName" = ?]
2025-12-24 11:35:12 - c.c.h.service.HRDataProcessService - 更新員工: 邱信耀 (BI070)
2025-12-24 11:35:12 - c.c.h.service.HRDataProcessService - 處理員工: 李坤隆 (BI080)
2025-12-24 11:35:12 - o.s.jdbc.core.JdbcTemplate - Executing prepared SQL query
2025-12-24 11:35:12 - o.s.jdbc.core.JdbcTemplate - Executing prepared SQL statement [SELECT COUNT(*) FROM public."TsAccount" WHERE "FLoginName" = ?]
2025-12-24 11:35:12 - o.s.jdbc.core.JdbcTemplate - Executing prepared SQL query
2025-12-24 11:35:12 - o.s.jdbc.core.JdbcTemplate - Executing prepared SQL statement [SELECT "id" FROM public."CUS_HRImport_Department" WHERE "full_name" = ?]
2025-12-24 11:35:12 - o.s.jdbc.core.JdbcTemplate - Executing prepared SQL query
2025-12-24 11:35:12 - o.s.jdbc.core.JdbcTemplate - Executing prepared SQL statement [SELECT "tree_level" FROM public."CUS_HRImport_Department" WHERE "id" = ?]
2025-12-24 11:35:12 - o.s.jdbc.core.JdbcTemplate - Executing prepared SQL update
2025-12-24 11:35:12 - o.s.jdbc.core.JdbcTemplate - Executing prepared SQL statement [UPDATE public."TsUser" SET "FName" = ?, "FMobile" = ?, "FDepartmentId" = ?, "U_EmployeeCore" = ?, "FSeatId" = ? WHERE "FLoginName" = ?]
2025-12-24 11:35:12 - o.s.jdbc.core.JdbcTemplate - Executing prepared SQL update
2025-12-24 11:35:12 - o.s.jdbc.core.JdbcTemplate - Executing prepared SQL statement [UPDATE public."TsAccount" SET "FName" = ?, "FMobile" = ? WHERE "FLoginName" = ?]
2025-12-24 11:35:12 - c.c.h.service.HRDataProcessService - 更新員工: 李坤隆 (BI080)
2025-12-24 11:35:12 - c.c.h.service.HRDataProcessService - 處理員工: 葉美蘭 (BJ055)
2025-12-24 11:35:12 - o.s.jdbc.core.JdbcTemplate - Executing prepared SQL query
2025-12-24 11:35:12 - o.s.jdbc.core.JdbcTemplate - Executing prepared SQL statement [SELECT COUNT(*) FROM public."TsAccount" WHERE "FLoginName" = ?]
2025-12-24 11:35:12 - o.s.jdbc.core.JdbcTemplate - Executing prepared SQL query
2025-12-24 11:35:12 - o.s.jdbc.core.JdbcTemplate - Executing prepared SQL statement [SELECT "id" FROM public."CUS_HRImport_Department" WHERE "full_name" = ?]
2025-12-24 11:35:12 - o.s.jdbc.core.JdbcTemplate - Executing prepared SQL query
2025-12-24 11:35:12 - o.s.jdbc.core.JdbcTemplate - Executing prepared SQL statement [SELECT "tree_level" FROM public."CUS_HRImport_Department" WHERE "id" = ?]
2025-12-24 11:35:12 - o.s.jdbc.core.JdbcTemplate - Executing prepared SQL update
2025-12-24 11:35:12 - o.s.jdbc.core.JdbcTemplate - Executing prepared SQL statement [UPDATE public."TsUser" SET "FName" = ?, "FMobile" = ?, "FDepartmentId" = ?, "U_EmployeeCore" = ?, "FSeatId" = ? WHERE "FLoginName" = ?]
2025-12-24 11:35:12 - o.s.jdbc.core.JdbcTemplate - Executing prepared SQL update
2025-12-24 11:35:12 - o.s.jdbc.core.JdbcTemplate - Executing prepared SQL statement [UPDATE public."TsAccount" SET "FName" = ?, "FMobile" = ? WHERE "FLoginName" = ?]
2025-12-24 11:35:12 - c.c.h.service.HRDataProcessService - 更新員工: 葉美蘭 (BJ055)
2025-12-24 11:35:12 - c.c.h.service.HRDataProcessService - 處理員工: 邱柏議 (BL038)
2025-12-24 11:35:12 - o.s.jdbc.core.JdbcTemplate - Executing prepared SQL query
2025-12-24 11:35:12 - o.s.jdbc.core.JdbcTemplate - Executing prepared SQL statement [SELECT COUNT(*) FROM public."TsAccount" WHERE "FLoginName" = ?]
2025-12-24 11:35:12 - o.s.jdbc.core.JdbcTemplate - Executing prepared SQL query
2025-12-24 11:35:12 - o.s.jdbc.core.JdbcTemplate - Executing prepared SQL statement [SELECT "id" FROM public."CUS_HRImport_Department" WHERE "full_name" = ?]
2025-12-24 11:35:12 - o.s.jdbc.core.JdbcTemplate - Executing prepared SQL query
2025-12-24 11:35:12 - o.s.jdbc.core.JdbcTemplate - Executing prepared SQL statement [SELECT "tree_level" FROM public."CUS_HRImport_Department" WHERE "id" = ?]
2025-12-24 11:35:12 - o.s.jdbc.core.JdbcTemplate - Executing prepared SQL update
2025-12-24 11:35:12 - o.s.jdbc.core.JdbcTemplate - Executing prepared SQL statement [UPDATE public."TsUser" SET "FName" = ?, "FMobile" = ?, "FDepartmentId" = ?, "U_EmployeeCore" = ?, "FSeatId" = ? WHERE "FLoginName" = ?]
2025-12-24 11:35:12 - o.s.jdbc.core.JdbcTemplate - Executing prepared SQL update
2025-12-24 11:35:12 - o.s.jdbc.core.JdbcTemplate - Executing prepared SQL statement [UPDATE public."TsAccount" SET "FName" = ?, "FMobile" = ? WHERE "FLoginName" = ?]
2025-12-24 11:35:12 - c.c.h.service.HRDataProcessService - 更新員工: 邱柏議 (BL038)
2025-12-24 11:35:12 - c.c.h.service.HRDataProcessService - 處理員工: 廖祥暉 (CD048)
2025-12-24 11:35:12 - o.s.jdbc.core.JdbcTemplate - Executing prepared SQL query
2025-12-24 11:35:12 - o.s.jdbc.core.JdbcTemplate - Executing prepared SQL statement [SELECT COUNT(*) FROM public."TsAccount" WHERE "FLoginName" = ?]
2025-12-24 11:35:12 - o.s.jdbc.core.JdbcTemplate - Executing prepared SQL query
2025-12-24 11:35:12 - o.s.jdbc.core.JdbcTemplate - Executing prepared SQL statement [SELECT "id" FROM public."CUS_HRImport_Department" WHERE "full_name" = ?]
2025-12-24 11:35:12 - o.s.jdbc.core.JdbcTemplate - Executing prepared SQL query
2025-12-24 11:35:12 - o.s.jdbc.core.JdbcTemplate - Executing prepared SQL statement [SELECT "tree_level" FROM public."CUS_HRImport_Department" WHERE "id" = ?]
2025-12-24 11:35:12 - o.s.jdbc.core.JdbcTemplate - Executing prepared SQL update
2025-12-24 11:35:12 - o.s.jdbc.core.JdbcTemplate - Executing prepared SQL statement [UPDATE public."TsUser" SET "FName" = ?, "FMobile" = ?, "FDepartmentId" = ?, "U_EmployeeCore" = ?, "FSeatId" = ? WHERE "FLoginName" = ?]
2025-12-24 11:35:12 - o.s.jdbc.core.JdbcTemplate - Executing prepared SQL update
2025-12-24 11:35:12 - o.s.jdbc.core.JdbcTemplate - Executing prepared SQL statement [UPDATE public."TsAccount" SET "FName" = ?, "FMobile" = ? WHERE "FLoginName" = ?]
2025-12-24 11:35:12 - c.c.h.service.HRDataProcessService - 更新員工: 廖祥暉 (CD048)
2025-12-24 11:35:12 - c.c.h.service.HRDataProcessService - 處理員工: 蔡佳成 (CD070)
2025-12-24 11:35:12 - o.s.jdbc.core.JdbcTemplate - Executing prepared SQL query
2025-12-24 11:35:12 - o.s.jdbc.core.JdbcTemplate - Executing prepared SQL statement [SELECT COUNT(*) FROM public."TsAccount" WHERE "FLoginName" = ?]
2025-12-24 11:35:12 - o.s.jdbc.core.JdbcTemplate - Executing prepared SQL query
2025-12-24 11:35:12 - o.s.jdbc.core.JdbcTemplate - Executing prepared SQL statement [SELECT "id" FROM public."CUS_HRImport_Department" WHERE "full_name" = ?]
2025-12-24 11:35:12 - o.s.jdbc.core.JdbcTemplate - Executing prepared SQL query
2025-12-24 11:35:12 - o.s.jdbc.core.JdbcTemplate - Executing prepared SQL statement [SELECT "tree_level" FROM public."CUS_HRImport_Department" WHERE "id" = ?]
2025-12-24 11:35:12 - o.s.jdbc.core.JdbcTemplate - Executing prepared SQL update
2025-12-24 11:35:12 - o.s.jdbc.core.JdbcTemplate - Executing prepared SQL statement [UPDATE public."TsUser" SET "FName" = ?, "FMobile" = ?, "FDepartmentId" = ?, "U_EmployeeCore" = ?, "FSeatId" = ? WHERE "FLoginName" = ?]
2025-12-24 11:35:12 - o.s.jdbc.core.JdbcTemplate - Executing prepared SQL update
2025-12-24 11:35:12 - o.s.jdbc.core.JdbcTemplate - Executing prepared SQL statement [UPDATE public."TsAccount" SET "FName" = ?, "FMobile" = ? WHERE "FLoginName" = ?]
2025-12-24 11:35:12 - c.c.h.service.HRDataProcessService - 更新員工: 蔡佳成 (CD070)
2025-12-24 11:35:12 - c.c.h.service.HRDataProcessService - 處理員工: 沈宜萱 (CC046)
2025-12-24 11:35:12 - o.s.jdbc.core.JdbcTemplate - Executing prepared SQL query
2025-12-24 11:35:12 - o.s.jdbc.core.JdbcTemplate - Executing prepared SQL statement [SELECT COUNT(*) FROM public."TsAccount" WHERE "FLoginName" = ?]
2025-12-24 11:35:12 - o.s.jdbc.core.JdbcTemplate - Executing prepared SQL query
2025-12-24 11:35:12 - o.s.jdbc.core.JdbcTemplate - Executing prepared SQL statement [SELECT "id" FROM public."CUS_HRImport_Department" WHERE "full_name" = ?]
2025-12-24 11:35:12 - o.s.jdbc.core.JdbcTemplate - Executing prepared SQL query
2025-12-24 11:35:12 - o.s.jdbc.core.JdbcTemplate - Executing prepared SQL statement [SELECT "tree_level" FROM public."CUS_HRImport_Department" WHERE "id" = ?]
2025-12-24 11:35:12 - o.s.jdbc.core.JdbcTemplate - Executing prepared SQL update
2025-12-24 11:35:12 - o.s.jdbc.core.JdbcTemplate - Executing prepared SQL statement [UPDATE public."TsUser" SET "FName" = ?, "FMobile" = ?, "FDepartmentId" = ?, "U_EmployeeCore" = ?, "FSeatId" = ? WHERE "FLoginName" = ?]
2025-12-24 11:35:12 - o.s.jdbc.core.JdbcTemplate - Executing prepared SQL update
2025-12-24 11:35:12 - o.s.jdbc.core.JdbcTemplate - Executing prepared SQL statement [UPDATE public."TsAccount" SET "FName" = ?, "FMobile" = ? WHERE "FLoginName" = ?]
2025-12-24 11:35:12 - c.c.h.service.HRDataProcessService - 更新員工: 沈宜萱 (CC046)
2025-12-24 11:35:12 - c.c.h.service.HRDataProcessService - 處理員工: 簡廷宇 (CC041)
2025-12-24 11:35:12 - o.s.jdbc.core.JdbcTemplate - Executing prepared SQL query
2025-12-24 11:35:12 - o.s.jdbc.core.JdbcTemplate - Executing prepared SQL statement [SELECT COUNT(*) FROM public."TsAccount" WHERE "FLoginName" = ?]
2025-12-24 11:35:12 - o.s.jdbc.core.JdbcTemplate - Executing prepared SQL query
2025-12-24 11:35:12 - o.s.jdbc.core.JdbcTemplate - Executing prepared SQL statement [SELECT "id" FROM public."CUS_HRImport_Department" WHERE "full_name" = ?]
2025-12-24 11:35:12 - o.s.jdbc.core.JdbcTemplate - Executing prepared SQL query
2025-12-24 11:35:12 - o.s.jdbc.core.JdbcTemplate - Executing prepared SQL statement [SELECT "tree_level" FROM public."CUS_HRImport_Department" WHERE "id" = ?]
2025-12-24 11:35:12 - o.s.jdbc.core.JdbcTemplate - Executing prepared SQL update
2025-12-24 11:35:12 - o.s.jdbc.core.JdbcTemplate - Executing prepared SQL statement [UPDATE public."TsUser" SET "FName" = ?, "FMobile" = ?, "FDepartmentId" = ?, "U_EmployeeCore" = ?, "FSeatId" = ? WHERE "FLoginName" = ?]
2025-12-24 11:35:12 - o.s.jdbc.core.JdbcTemplate - Executing prepared SQL update
2025-12-24 11:35:12 - o.s.jdbc.core.JdbcTemplate - Executing prepared SQL statement [UPDATE public."TsAccount" SET "FName" = ?, "FMobile" = ? WHERE "FLoginName" = ?]
2025-12-24 11:35:12 - c.c.h.service.HRDataProcessService - 更新員工: 簡廷宇 (CC041)
2025-12-24 11:35:12 - c.c.h.service.HRDataProcessService - 處理員工: 陳志忠 (CE041)
2025-12-24 11:35:12 - o.s.jdbc.core.JdbcTemplate - Executing prepared SQL query
2025-12-24 11:35:12 - o.s.jdbc.core.JdbcTemplate - Executing prepared SQL statement [SELECT COUNT(*) FROM public."TsAccount" WHERE "FLoginName" = ?]
2025-12-24 11:35:12 - o.s.jdbc.core.JdbcTemplate - Executing prepared SQL query
2025-12-24 11:35:12 - o.s.jdbc.core.JdbcTemplate - Executing prepared SQL statement [SELECT "id" FROM public."CUS_HRImport_Department" WHERE "full_name" = ?]
2025-12-24 11:35:12 - o.s.jdbc.core.JdbcTemplate - Executing prepared SQL query
2025-12-24 11:35:12 - o.s.jdbc.core.JdbcTemplate - Executing prepared SQL statement [SELECT "tree_level" FROM public."CUS_HRImport_Department" WHERE "id" = ?]
2025-12-24 11:35:12 - o.s.jdbc.core.JdbcTemplate - Executing prepared SQL update
2025-12-24 11:35:12 - o.s.jdbc.core.JdbcTemplate - Executing prepared SQL statement [UPDATE public."TsUser" SET "FName" = ?, "FMobile" = ?, "FDepartmentId" = ?, "U_EmployeeCore" = ?, "FSeatId" = ? WHERE "FLoginName" = ?]
2025-12-24 11:35:12 - o.s.jdbc.core.JdbcTemplate - Executing prepared SQL update
2025-12-24 11:35:12 - o.s.jdbc.core.JdbcTemplate - Executing prepared SQL statement [UPDATE public."TsAccount" SET "FName" = ?, "FMobile" = ? WHERE "FLoginName" = ?]
2025-12-24 11:35:12 - c.c.h.service.HRDataProcessService - 更新員工: 陳志忠 (CE041)
2025-12-24 11:35:12 - c.c.h.service.HRDataProcessService - 處理員工: 詹啟志 (BJ074)
2025-12-24 11:35:12 - o.s.jdbc.core.JdbcTemplate - Executing prepared SQL query
2025-12-24 11:35:12 - o.s.jdbc.core.JdbcTemplate - Executing prepared SQL statement [SELECT COUNT(*) FROM public."TsAccount" WHERE "FLoginName" = ?]
2025-12-24 11:35:12 - o.s.jdbc.core.JdbcTemplate - Executing prepared SQL query
2025-12-24 11:35:12 - o.s.jdbc.core.JdbcTemplate - Executing prepared SQL statement [SELECT "id" FROM public."CUS_HRImport_Department" WHERE "full_name" = ?]
2025-12-24 11:35:12 - o.s.jdbc.core.JdbcTemplate - Executing prepared SQL query
2025-12-24 11:35:12 - o.s.jdbc.core.JdbcTemplate - Executing prepared SQL statement [SELECT "tree_level" FROM public."CUS_HRImport_Department" WHERE "id" = ?]
2025-12-24 11:35:12 - o.s.jdbc.core.JdbcTemplate - Executing prepared SQL update
2025-12-24 11:35:12 - o.s.jdbc.core.JdbcTemplate - Executing prepared SQL statement [UPDATE public."TsUser" SET "FName" = ?, "FMobile" = ?, "FDepartmentId" = ?, "U_EmployeeCore" = ?, "FSeatId" = ? WHERE "FLoginName" = ?]
2025-12-24 11:35:12 - o.s.jdbc.core.JdbcTemplate - Executing prepared SQL update
2025-12-24 11:35:12 - o.s.jdbc.core.JdbcTemplate - Executing prepared SQL statement [UPDATE public."TsAccount" SET "FName" = ?, "FMobile" = ? WHERE "FLoginName" = ?]
2025-12-24 11:35:12 - c.c.h.service.HRDataProcessService - 更新員工: 詹啟志 (BJ074)
2025-12-24 11:35:12 - c.c.h.service.HRDataProcessService - 處理員工: 林宗賢 (BI022)
2025-12-24 11:35:12 - o.s.jdbc.core.JdbcTemplate - Executing prepared SQL query
2025-12-24 11:35:12 - o.s.jdbc.core.JdbcTemplate - Executing prepared SQL statement [SELECT COUNT(*) FROM public."TsAccount" WHERE "FLoginName" = ?]
2025-12-24 11:35:12 - o.s.jdbc.core.JdbcTemplate - Executing prepared SQL query
2025-12-24 11:35:12 - o.s.jdbc.core.JdbcTemplate - Executing prepared SQL statement [SELECT "id" FROM public."CUS_HRImport_Department" WHERE "full_name" = ?]
2025-12-24 11:35:12 - o.s.jdbc.core.JdbcTemplate - Executing prepared SQL query
2025-12-24 11:35:12 - o.s.jdbc.core.JdbcTemplate - Executing prepared SQL statement [SELECT "tree_level" FROM public."CUS_HRImport_Department" WHERE "id" = ?]
2025-12-24 11:35:12 - o.s.jdbc.core.JdbcTemplate - Executing prepared SQL update
2025-12-24 11:35:12 - o.s.jdbc.core.JdbcTemplate - Executing prepared SQL statement [UPDATE public."TsUser" SET "FName" = ?, "FMobile" = ?, "FDepartmentId" = ?, "U_EmployeeCore" = ?, "FSeatId" = ? WHERE "FLoginName" = ?]
2025-12-24 11:35:12 - o.s.jdbc.core.JdbcTemplate - Executing prepared SQL update
2025-12-24 11:35:12 - o.s.jdbc.core.JdbcTemplate - Executing prepared SQL statement [UPDATE public."TsAccount" SET "FName" = ?, "FMobile" = ? WHERE "FLoginName" = ?]
2025-12-24 11:35:12 - c.c.h.service.HRDataProcessService - 更新員工: 林宗賢 (BI022)
2025-12-24 11:35:12 - c.c.h.service.HRDataProcessService - 處理員工: 廖健宇 (CC009)
2025-12-24 11:35:12 - o.s.jdbc.core.JdbcTemplate - Executing prepared SQL query
2025-12-24 11:35:12 - o.s.jdbc.core.JdbcTemplate - Executing prepared SQL statement [SELECT COUNT(*) FROM public."TsAccount" WHERE "FLoginName" = ?]
2025-12-24 11:35:12 - o.s.jdbc.core.JdbcTemplate - Executing prepared SQL query
2025-12-24 11:35:12 - o.s.jdbc.core.JdbcTemplate - Executing prepared SQL statement [SELECT "id" FROM public."CUS_HRImport_Department" WHERE "full_name" = ?]
2025-12-24 11:35:12 - c.c.h.service.HRDataProcessService - 處理員工資料失敗: 廖健宇 (CC009)
java.lang.RuntimeException: Department not found for depFullName=總經理直轄-資訊部-設計科
	at com.ctbcins.hrimport.service.HRDataProcessService.processSingleEmployee(HRDataProcessService.java:915)
	at com.ctbcins.hrimport.service.HRDataProcessService.processEmployees(HRDataProcessService.java:768)
	at com.ctbcins.hrimport.service.HRDataProcessService.processHRFile(HRDataProcessService.java:130)
	at com.ctbcins.hrimport.service.HRDataProcessService$$FastClassBySpringCGLIB$$2d1c3c53.invoke(<generated>)
	at org.springframework.cglib.proxy.MethodProxy.invoke(MethodProxy.java:218)
	at org.springframework.aop.framework.CglibAopProxy$CglibMethodInvocation.invokeJoinpoint(CglibAopProxy.java:792)
	at org.springframework.aop.framework.ReflectiveMethodInvocation.proceed(ReflectiveMethodInvocation.java:163)
	at org.springframework.aop.framework.CglibAopProxy$CglibMethodInvocation.proceed(CglibAopProxy.java:762)
	at org.springframework.transaction.interceptor.TransactionInterceptor$1.proceedWithInvocation(TransactionInterceptor.java:123)
	at org.springframework.transaction.interceptor.TransactionAspectSupport.invokeWithinTransaction(TransactionAspectSupport.java:388)
	at org.springframework.transaction.interceptor.TransactionInterceptor.invoke(TransactionInterceptor.java:119)
	at org.springframework.aop.framework.ReflectiveMethodInvocation.proceed(ReflectiveMethodInvocation.java:186)
	at org.springframework.aop.framework.CglibAopProxy$CglibMethodInvocation.proceed(CglibAopProxy.java:762)
	at org.springframework.aop.framework.CglibAopProxy$DynamicAdvisedInterceptor.intercept(CglibAopProxy.java:707)
	at com.ctbcins.hrimport.service.HRDataProcessService$$EnhancerBySpringCGLIB$$4b26de36.processHRFile(<generated>)
	at com.ctbcins.hrimport.job.ScheduledImportJob.runLocalImportJob(ScheduledImportJob.java:105)
	at com.ctbcins.hrimport.job.ScheduledImportJob.minuteImportJob(ScheduledImportJob.java:58)
	at java.base/jdk.internal.reflect.NativeMethodAccessorImpl.invoke0(Native Method)
	at java.base/jdk.internal.reflect.NativeMethodAccessorImpl.invoke(NativeMethodAccessorImpl.java:77)
	at java.base/jdk.internal.reflect.DelegatingMethodAccessorImpl.invoke(DelegatingMethodAccessorImpl.java:43)
	at java.base/java.lang.reflect.Method.invoke(Method.java:568)
	at org.springframework.scheduling.support.ScheduledMethodRunnable.run(ScheduledMethodRunnable.java:84)
	at org.springframework.scheduling.support.DelegatingErrorHandlingRunnable.run(DelegatingErrorHandlingRunnable.java:54)
	at org.springframework.scheduling.concurrent.ReschedulingRunnable.run(ReschedulingRunnable.java:95)
	at java.base/java.util.concurrent.Executors$RunnableAdapter.call(Executors.java:539)
	at java.base/java.util.concurrent.FutureTask.run(FutureTask.java:264)
	at java.base/java.util.concurrent.ScheduledThreadPoolExecutor$ScheduledFutureTask.run(ScheduledThreadPoolExecutor.java:304)
	at java.base/java.util.concurrent.ThreadPoolExecutor.runWorker(ThreadPoolExecutor.java:1136)
	at java.base/java.util.concurrent.ThreadPoolExecutor$Worker.run(ThreadPoolExecutor.java:635)
	at java.base/java.lang.Thread.run(Thread.java:833)
2025-12-24 11:35:12 - o.s.orm.jpa.JpaTransactionManager - Found thread-bound EntityManager [SessionImpl(1665584079<open>)] for JPA transaction
2025-12-24 11:35:12 - o.s.orm.jpa.JpaTransactionManager - Suspending current transaction, creating new transaction with name [com.ctbcins.hrimport.service.ErrorLogService.insertErrorLog]
2025-12-24 11:35:12 - o.s.orm.jpa.JpaTransactionManager - Opened new EntityManager [SessionImpl(729283090<open>)] for JPA transaction
2025-12-24 11:35:12 - o.h.e.t.internal.TransactionImpl - On TransactionImpl creation, JpaCompliance#isJpaTransactionComplianceEnabled == false
2025-12-24 11:35:12 - o.h.e.t.internal.TransactionImpl - begin
2025-12-24 11:35:12 - org.postgresql.jdbc.PgConnection -   setAutoCommit = false
2025-12-24 11:35:12 - o.s.orm.jpa.JpaTransactionManager - Exposing JPA transaction as JDBC [org.springframework.orm.jpa.vendor.HibernateJpaDialect$HibernateConnectionHandle@38487047]
2025-12-24 11:35:12 - o.s.jdbc.core.JdbcTemplate - Executing prepared SQL update
2025-12-24 11:35:12 - o.s.jdbc.core.JdbcTemplate - Executing prepared SQL statement [INSERT INTO public."CUS_HRImport_Error_Log" (id, file_name, record_type, record_key, payload, error_message, stack_trace, processed_at, created_by) VALUES (?, ?, ?, ?, ?, ?, ?, now(), ?)]
2025-12-24 11:35:12 - o.s.orm.jpa.JpaTransactionManager - Initiating transaction commit
2025-12-24 11:35:12 - o.s.orm.jpa.JpaTransactionManager - Committing JPA transaction on EntityManager [SessionImpl(729283090<open>)]
2025-12-24 11:35:12 - o.h.e.t.internal.TransactionImpl - committing
2025-12-24 11:35:12 - org.postgresql.jdbc.PgConnection -   setAutoCommit = true
2025-12-24 11:35:12 - o.s.orm.jpa.JpaTransactionManager - Closing JPA EntityManager [SessionImpl(729283090<open>)] after transaction
2025-12-24 11:35:12 - o.s.orm.jpa.JpaTransactionManager - Resuming suspended transaction after completion of inner transaction
2025-12-24 11:35:12 - c.c.h.service.HRDataProcessService - 處理員工資料失敗: 廖健宇 (CC009)
java.lang.RuntimeException: 員工處理失敗
	at com.ctbcins.hrimport.service.HRDataProcessService.processSingleEmployee(HRDataProcessService.java:944)
	at com.ctbcins.hrimport.service.HRDataProcessService.processEmployees(HRDataProcessService.java:768)
	at com.ctbcins.hrimport.service.HRDataProcessService.processHRFile(HRDataProcessService.java:130)
	at com.ctbcins.hrimport.service.HRDataProcessService$$FastClassBySpringCGLIB$$2d1c3c53.invoke(<generated>)
	at org.springframework.cglib.proxy.MethodProxy.invoke(MethodProxy.java:218)
	at org.springframework.aop.framework.CglibAopProxy$CglibMethodInvocation.invokeJoinpoint(CglibAopProxy.java:792)
	at org.springframework.aop.framework.ReflectiveMethodInvocation.proceed(ReflectiveMethodInvocation.java:163)
	at org.springframework.aop.framework.CglibAopProxy$CglibMethodInvocation.proceed(CglibAopProxy.java:762)
	at org.springframework.transaction.interceptor.TransactionInterceptor$1.proceedWithInvocation(TransactionInterceptor.java:123)
	at org.springframework.transaction.interceptor.TransactionAspectSupport.invokeWithinTransaction(TransactionAspectSupport.java:388)
	at org.springframework.transaction.interceptor.TransactionInterceptor.invoke(TransactionInterceptor.java:119)
	at org.springframework.aop.framework.ReflectiveMethodInvocation.proceed(ReflectiveMethodInvocation.java:186)
	at org.springframework.aop.framework.CglibAopProxy$CglibMethodInvocation.proceed(CglibAopProxy.java:762)
	at org.springframework.aop.framework.CglibAopProxy$DynamicAdvisedInterceptor.intercept(CglibAopProxy.java:707)
	at com.ctbcins.hrimport.service.HRDataProcessService$$EnhancerBySpringCGLIB$$4b26de36.processHRFile(<generated>)
	at com.ctbcins.hrimport.job.ScheduledImportJob.runLocalImportJob(ScheduledImportJob.java:105)
	at com.ctbcins.hrimport.job.ScheduledImportJob.minuteImportJob(ScheduledImportJob.java:58)
	at java.base/jdk.internal.reflect.NativeMethodAccessorImpl.invoke0(Native Method)
	at java.base/jdk.internal.reflect.NativeMethodAccessorImpl.invoke(NativeMethodAccessorImpl.java:77)
	at java.base/jdk.internal.reflect.DelegatingMethodAccessorImpl.invoke(DelegatingMethodAccessorImpl.java:43)
	at java.base/java.lang.reflect.Method.invoke(Method.java:568)
	at org.springframework.scheduling.support.ScheduledMethodRunnable.run(ScheduledMethodRunnable.java:84)
	at org.springframework.scheduling.support.DelegatingErrorHandlingRunnable.run(DelegatingErrorHandlingRunnable.java:54)
	at org.springframework.scheduling.concurrent.ReschedulingRunnable.run(ReschedulingRunnable.java:95)
	at java.base/java.util.concurrent.Executors$RunnableAdapter.call(Executors.java:539)
	at java.base/java.util.concurrent.FutureTask.run(FutureTask.java:264)
	at java.base/java.util.concurrent.ScheduledThreadPoolExecutor$ScheduledFutureTask.run(ScheduledThreadPoolExecutor.java:304)
	at java.base/java.util.concurrent.ThreadPoolExecutor.runWorker(ThreadPoolExecutor.java:1136)
	at java.base/java.util.concurrent.ThreadPoolExecutor$Worker.run(ThreadPoolExecutor.java:635)
	at java.base/java.lang.Thread.run(Thread.java:833)
Caused by: java.lang.RuntimeException: Department not found for depFullName=總經理直轄-資訊部-設計科
	at com.ctbcins.hrimport.service.HRDataProcessService.processSingleEmployee(HRDataProcessService.java:915)
	... 29 common frames omitted
2025-12-24 11:35:12 - o.s.orm.jpa.JpaTransactionManager - Found thread-bound EntityManager [SessionImpl(1665584079<open>)] for JPA transaction
2025-12-24 11:35:12 - o.s.orm.jpa.JpaTransactionManager - Suspending current transaction, creating new transaction with name [com.ctbcins.hrimport.service.ErrorLogService.insertErrorLog]
2025-12-24 11:35:12 - o.s.orm.jpa.JpaTransactionManager - Opened new EntityManager [SessionImpl(539782760<open>)] for JPA transaction
2025-12-24 11:35:12 - o.h.e.t.internal.TransactionImpl - On TransactionImpl creation, JpaCompliance#isJpaTransactionComplianceEnabled == false
2025-12-24 11:35:12 - o.h.e.t.internal.TransactionImpl - begin
2025-12-24 11:35:12 - org.postgresql.jdbc.PgConnection -   setAutoCommit = false
2025-12-24 11:35:12 - o.s.orm.jpa.JpaTransactionManager - Exposing JPA transaction as JDBC [org.springframework.orm.jpa.vendor.HibernateJpaDialect$HibernateConnectionHandle@6bd8ddf5]
2025-12-24 11:35:12 - o.s.jdbc.core.JdbcTemplate - Executing prepared SQL update
2025-12-24 11:35:12 - o.s.jdbc.core.JdbcTemplate - Executing prepared SQL statement [INSERT INTO public."CUS_HRImport_Error_Log" (id, file_name, record_type, record_key, payload, error_message, stack_trace, processed_at, created_by) VALUES (?, ?, ?, ?, ?, ?, ?, now(), ?)]
2025-12-24 11:35:12 - o.s.orm.jpa.JpaTransactionManager - Initiating transaction commit
2025-12-24 11:35:12 - o.s.orm.jpa.JpaTransactionManager - Committing JPA transaction on EntityManager [SessionImpl(539782760<open>)]
2025-12-24 11:35:12 - o.h.e.t.internal.TransactionImpl - committing
2025-12-24 11:35:12 - org.postgresql.jdbc.PgConnection -   setAutoCommit = true
2025-12-24 11:35:12 - o.s.orm.jpa.JpaTransactionManager - Closing JPA EntityManager [SessionImpl(539782760<open>)] after transaction
2025-12-24 11:35:12 - o.s.orm.jpa.JpaTransactionManager - Resuming suspended transaction after completion of inner transaction
2025-12-24 11:35:12 - c.c.h.service.HRDataProcessService - 處理員工: 張明財 (BL061)
2025-12-24 11:35:12 - o.s.jdbc.core.JdbcTemplate - Executing prepared SQL query
2025-12-24 11:35:12 - o.s.jdbc.core.JdbcTemplate - Executing prepared SQL statement [SELECT COUNT(*) FROM public."TsAccount" WHERE "FLoginName" = ?]
2025-12-24 11:35:12 - o.s.jdbc.core.JdbcTemplate - Executing prepared SQL query
2025-12-24 11:35:12 - o.s.jdbc.core.JdbcTemplate - Executing prepared SQL statement [SELECT "id" FROM public."CUS_HRImport_Department" WHERE "full_name" = ?]
2025-12-24 11:35:12 - c.c.h.service.HRDataProcessService - 處理員工資料失敗: 張明財 (BL061)
java.lang.RuntimeException: Department not found for depFullName=總經理直轄-資訊部-設計科
	at com.ctbcins.hrimport.service.HRDataProcessService.processSingleEmployee(HRDataProcessService.java:915)
	at com.ctbcins.hrimport.service.HRDataProcessService.processEmployees(HRDataProcessService.java:768)
	at com.ctbcins.hrimport.service.HRDataProcessService.processHRFile(HRDataProcessService.java:130)
	at com.ctbcins.hrimport.service.HRDataProcessService$$FastClassBySpringCGLIB$$2d1c3c53.invoke(<generated>)
	at org.springframework.cglib.proxy.MethodProxy.invoke(MethodProxy.java:218)
	at org.springframework.aop.framework.CglibAopProxy$CglibMethodInvocation.invokeJoinpoint(CglibAopProxy.java:792)
	at org.springframework.aop.framework.ReflectiveMethodInvocation.proceed(ReflectiveMethodInvocation.java:163)
	at org.springframework.aop.framework.CglibAopProxy$CglibMethodInvocation.proceed(CglibAopProxy.java:762)
	at org.springframework.transaction.interceptor.TransactionInterceptor$1.proceedWithInvocation(TransactionInterceptor.java:123)
	at org.springframework.transaction.interceptor.TransactionAspectSupport.invokeWithinTransaction(TransactionAspectSupport.java:388)
	at org.springframework.transaction.interceptor.TransactionInterceptor.invoke(TransactionInterceptor.java:119)
	at org.springframework.aop.framework.ReflectiveMethodInvocation.proceed(ReflectiveMethodInvocation.java:186)
	at org.springframework.aop.framework.CglibAopProxy$CglibMethodInvocation.proceed(CglibAopProxy.java:762)
	at org.springframework.aop.framework.CglibAopProxy$DynamicAdvisedInterceptor.intercept(CglibAopProxy.java:707)
	at com.ctbcins.hrimport.service.HRDataProcessService$$EnhancerBySpringCGLIB$$4b26de36.processHRFile(<generated>)
	at com.ctbcins.hrimport.job.ScheduledImportJob.runLocalImportJob(ScheduledImportJob.java:105)
	at com.ctbcins.hrimport.job.ScheduledImportJob.minuteImportJob(ScheduledImportJob.java:58)
	at java.base/jdk.internal.reflect.NativeMethodAccessorImpl.invoke0(Native Method)
	at java.base/jdk.internal.reflect.NativeMethodAccessorImpl.invoke(NativeMethodAccessorImpl.java:77)
	at java.base/jdk.internal.reflect.DelegatingMethodAccessorImpl.invoke(DelegatingMethodAccessorImpl.java:43)
	at java.base/java.lang.reflect.Method.invoke(Method.java:568)
	at org.springframework.scheduling.support.ScheduledMethodRunnable.run(ScheduledMethodRunnable.java:84)
	at org.springframework.scheduling.support.DelegatingErrorHandlingRunnable.run(DelegatingErrorHandlingRunnable.java:54)
	at org.springframework.scheduling.concurrent.ReschedulingRunnable.run(ReschedulingRunnable.java:95)
	at java.base/java.util.concurrent.Executors$RunnableAdapter.call(Executors.java:539)
	at java.base/java.util.concurrent.FutureTask.run(FutureTask.java:264)
	at java.base/java.util.concurrent.ScheduledThreadPoolExecutor$ScheduledFutureTask.run(ScheduledThreadPoolExecutor.java:304)
	at java.base/java.util.concurrent.ThreadPoolExecutor.runWorker(ThreadPoolExecutor.java:1136)
	at java.base/java.util.concurrent.ThreadPoolExecutor$Worker.run(ThreadPoolExecutor.java:635)
	at java.base/java.lang.Thread.run(Thread.java:833)
2025-12-24 11:35:12 - o.s.orm.jpa.JpaTransactionManager - Found thread-bound EntityManager [SessionImpl(1665584079<open>)] for JPA transaction
2025-12-24 11:35:12 - o.s.orm.jpa.JpaTransactionManager - Suspending current transaction, creating new transaction with name [com.ctbcins.hrimport.service.ErrorLogService.insertErrorLog]
2025-12-24 11:35:12 - o.s.orm.jpa.JpaTransactionManager - Opened new EntityManager [SessionImpl(1799111400<open>)] for JPA transaction
2025-12-24 11:35:12 - o.h.e.t.internal.TransactionImpl - On TransactionImpl creation, JpaCompliance#isJpaTransactionComplianceEnabled == false
2025-12-24 11:35:12 - o.h.e.t.internal.TransactionImpl - begin
2025-12-24 11:35:12 - org.postgresql.jdbc.PgConnection -   setAutoCommit = false
2025-12-24 11:35:12 - o.s.orm.jpa.JpaTransactionManager - Exposing JPA transaction as JDBC [org.springframework.orm.jpa.vendor.HibernateJpaDialect$HibernateConnectionHandle@28202ec9]
2025-12-24 11:35:12 - o.s.jdbc.core.JdbcTemplate - Executing prepared SQL update
2025-12-24 11:35:12 - o.s.jdbc.core.JdbcTemplate - Executing prepared SQL statement [INSERT INTO public."CUS_HRImport_Error_Log" (id, file_name, record_type, record_key, payload, error_message, stack_trace, processed_at, created_by) VALUES (?, ?, ?, ?, ?, ?, ?, now(), ?)]
2025-12-24 11:35:12 - o.s.orm.jpa.JpaTransactionManager - Initiating transaction commit
2025-12-24 11:35:12 - o.s.orm.jpa.JpaTransactionManager - Committing JPA transaction on EntityManager [SessionImpl(1799111400<open>)]
2025-12-24 11:35:12 - o.h.e.t.internal.TransactionImpl - committing
2025-12-24 11:35:12 - org.postgresql.jdbc.PgConnection -   setAutoCommit = true
2025-12-24 11:35:12 - o.s.orm.jpa.JpaTransactionManager - Closing JPA EntityManager [SessionImpl(1799111400<open>)] after transaction
2025-12-24 11:35:12 - o.s.orm.jpa.JpaTransactionManager - Resuming suspended transaction after completion of inner transaction
2025-12-24 11:35:12 - c.c.h.service.HRDataProcessService - 處理員工資料失敗: 張明財 (BL061)
java.lang.RuntimeException: 員工處理失敗
	at com.ctbcins.hrimport.service.HRDataProcessService.processSingleEmployee(HRDataProcessService.java:944)
	at com.ctbcins.hrimport.service.HRDataProcessService.processEmployees(HRDataProcessService.java:768)
	at com.ctbcins.hrimport.service.HRDataProcessService.processHRFile(HRDataProcessService.java:130)
	at com.ctbcins.hrimport.service.HRDataProcessService$$FastClassBySpringCGLIB$$2d1c3c53.invoke(<generated>)
	at org.springframework.cglib.proxy.MethodProxy.invoke(MethodProxy.java:218)
	at org.springframework.aop.framework.CglibAopProxy$CglibMethodInvocation.invokeJoinpoint(CglibAopProxy.java:792)
	at org.springframework.aop.framework.ReflectiveMethodInvocation.proceed(ReflectiveMethodInvocation.java:163)
	at org.springframework.aop.framework.CglibAopProxy$CglibMethodInvocation.proceed(CglibAopProxy.java:762)
	at org.springframework.transaction.interceptor.TransactionInterceptor$1.proceedWithInvocation(TransactionInterceptor.java:123)
	at org.springframework.transaction.interceptor.TransactionAspectSupport.invokeWithinTransaction(TransactionAspectSupport.java:388)
	at org.springframework.transaction.interceptor.TransactionInterceptor.invoke(TransactionInterceptor.java:119)
	at org.springframework.aop.framework.ReflectiveMethodInvocation.proceed(ReflectiveMethodInvocation.java:186)
	at org.springframework.aop.framework.CglibAopProxy$CglibMethodInvocation.proceed(CglibAopProxy.java:762)
	at org.springframework.aop.framework.CglibAopProxy$DynamicAdvisedInterceptor.intercept(CglibAopProxy.java:707)
	at com.ctbcins.hrimport.service.HRDataProcessService$$EnhancerBySpringCGLIB$$4b26de36.processHRFile(<generated>)
	at com.ctbcins.hrimport.job.ScheduledImportJob.runLocalImportJob(ScheduledImportJob.java:105)
	at com.ctbcins.hrimport.job.ScheduledImportJob.minuteImportJob(ScheduledImportJob.java:58)
	at java.base/jdk.internal.reflect.NativeMethodAccessorImpl.invoke0(Native Method)
	at java.base/jdk.internal.reflect.NativeMethodAccessorImpl.invoke(NativeMethodAccessorImpl.java:77)
	at java.base/jdk.internal.reflect.DelegatingMethodAccessorImpl.invoke(DelegatingMethodAccessorImpl.java:43)
	at java.base/java.lang.reflect.Method.invoke(Method.java:568)
	at org.springframework.scheduling.support.ScheduledMethodRunnable.run(ScheduledMethodRunnable.java:84)
	at org.springframework.scheduling.support.DelegatingErrorHandlingRunnable.run(DelegatingErrorHandlingRunnable.java:54)
	at org.springframework.scheduling.concurrent.ReschedulingRunnable.run(ReschedulingRunnable.java:95)
	at java.base/java.util.concurrent.Executors$RunnableAdapter.call(Executors.java:539)
	at java.base/java.util.concurrent.FutureTask.run(FutureTask.java:264)
	at java.base/java.util.concurrent.ScheduledThreadPoolExecutor$ScheduledFutureTask.run(ScheduledThreadPoolExecutor.java:304)
	at java.base/java.util.concurrent.ThreadPoolExecutor.runWorker(ThreadPoolExecutor.java:1136)
	at java.base/java.util.concurrent.ThreadPoolExecutor$Worker.run(ThreadPoolExecutor.java:635)
	at java.base/java.lang.Thread.run(Thread.java:833)
Caused by: java.lang.RuntimeException: Department not found for depFullName=總經理直轄-資訊部-設計科
	at com.ctbcins.hrimport.service.HRDataProcessService.processSingleEmployee(HRDataProcessService.java:915)
	... 29 common frames omitted
2025-12-24 11:35:12 - o.s.orm.jpa.JpaTransactionManager - Found thread-bound EntityManager [SessionImpl(1665584079<open>)] for JPA transaction
2025-12-24 11:35:12 - o.s.orm.jpa.JpaTransactionManager - Suspending current transaction, creating new transaction with name [com.ctbcins.hrimport.service.ErrorLogService.insertErrorLog]
2025-12-24 11:35:12 - o.s.orm.jpa.JpaTransactionManager - Opened new EntityManager [SessionImpl(1309773300<open>)] for JPA transaction
2025-12-24 11:35:12 - o.h.e.t.internal.TransactionImpl - On TransactionImpl creation, JpaCompliance#isJpaTransactionComplianceEnabled == false
2025-12-24 11:35:12 - o.h.e.t.internal.TransactionImpl - begin
2025-12-24 11:35:12 - org.postgresql.jdbc.PgConnection -   setAutoCommit = false
2025-12-24 11:35:12 - o.s.orm.jpa.JpaTransactionManager - Exposing JPA transaction as JDBC [org.springframework.orm.jpa.vendor.HibernateJpaDialect$HibernateConnectionHandle@4733addc]
2025-12-24 11:35:12 - o.s.jdbc.core.JdbcTemplate - Executing prepared SQL update
2025-12-24 11:35:12 - o.s.jdbc.core.JdbcTemplate - Executing prepared SQL statement [INSERT INTO public."CUS_HRImport_Error_Log" (id, file_name, record_type, record_key, payload, error_message, stack_trace, processed_at, created_by) VALUES (?, ?, ?, ?, ?, ?, ?, now(), ?)]
2025-12-24 11:35:12 - o.s.orm.jpa.JpaTransactionManager - Initiating transaction commit
2025-12-24 11:35:12 - o.s.orm.jpa.JpaTransactionManager - Committing JPA transaction on EntityManager [SessionImpl(1309773300<open>)]
2025-12-24 11:35:12 - o.h.e.t.internal.TransactionImpl - committing
2025-12-24 11:35:12 - org.postgresql.jdbc.PgConnection -   setAutoCommit = true
2025-12-24 11:35:12 - o.s.orm.jpa.JpaTransactionManager - Closing JPA EntityManager [SessionImpl(1309773300<open>)] after transaction
2025-12-24 11:35:12 - o.s.orm.jpa.JpaTransactionManager - Resuming suspended transaction after completion of inner transaction
2025-12-24 11:35:12 - c.c.h.service.HRDataProcessService - 處理員工: 許馨燕 (BK053)
2025-12-24 11:35:12 - o.s.jdbc.core.JdbcTemplate - Executing prepared SQL query
2025-12-24 11:35:12 - o.s.jdbc.core.JdbcTemplate - Executing prepared SQL statement [SELECT COUNT(*) FROM public."TsAccount" WHERE "FLoginName" = ?]
2025-12-24 11:35:12 - o.s.jdbc.core.JdbcTemplate - Executing prepared SQL query
2025-12-24 11:35:12 - o.s.jdbc.core.JdbcTemplate - Executing prepared SQL statement [SELECT "id" FROM public."CUS_HRImport_Department" WHERE "full_name" = ?]
2025-12-24 11:35:12 - c.c.h.service.HRDataProcessService - 處理員工資料失敗: 許馨燕 (BK053)
java.lang.RuntimeException: Department not found for depFullName=總經理直轄-資訊部-設計科
	at com.ctbcins.hrimport.service.HRDataProcessService.processSingleEmployee(HRDataProcessService.java:915)
	at com.ctbcins.hrimport.service.HRDataProcessService.processEmployees(HRDataProcessService.java:768)
	at com.ctbcins.hrimport.service.HRDataProcessService.processHRFile(HRDataProcessService.java:130)
	at com.ctbcins.hrimport.service.HRDataProcessService$$FastClassBySpringCGLIB$$2d1c3c53.invoke(<generated>)
	at org.springframework.cglib.proxy.MethodProxy.invoke(MethodProxy.java:218)
	at org.springframework.aop.framework.CglibAopProxy$CglibMethodInvocation.invokeJoinpoint(CglibAopProxy.java:792)
	at org.springframework.aop.framework.ReflectiveMethodInvocation.proceed(ReflectiveMethodInvocation.java:163)
	at org.springframework.aop.framework.CglibAopProxy$CglibMethodInvocation.proceed(CglibAopProxy.java:762)
	at org.springframework.transaction.interceptor.TransactionInterceptor$1.proceedWithInvocation(TransactionInterceptor.java:123)
	at org.springframework.transaction.interceptor.TransactionAspectSupport.invokeWithinTransaction(TransactionAspectSupport.java:388)
	at org.springframework.transaction.interceptor.TransactionInterceptor.invoke(TransactionInterceptor.java:119)
	at org.springframework.aop.framework.ReflectiveMethodInvocation.proceed(ReflectiveMethodInvocation.java:186)
	at org.springframework.aop.framework.CglibAopProxy$CglibMethodInvocation.proceed(CglibAopProxy.java:762)
	at org.springframework.aop.framework.CglibAopProxy$DynamicAdvisedInterceptor.intercept(CglibAopProxy.java:707)
	at com.ctbcins.hrimport.service.HRDataProcessService$$EnhancerBySpringCGLIB$$4b26de36.processHRFile(<generated>)
	at com.ctbcins.hrimport.job.ScheduledImportJob.runLocalImportJob(ScheduledImportJob.java:105)
	at com.ctbcins.hrimport.job.ScheduledImportJob.minuteImportJob(ScheduledImportJob.java:58)
	at java.base/jdk.internal.reflect.NativeMethodAccessorImpl.invoke0(Native Method)
	at java.base/jdk.internal.reflect.NativeMethodAccessorImpl.invoke(NativeMethodAccessorImpl.java:77)
	at java.base/jdk.internal.reflect.DelegatingMethodAccessorImpl.invoke(DelegatingMethodAccessorImpl.java:43)
	at java.base/java.lang.reflect.Method.invoke(Method.java:568)
	at org.springframework.scheduling.support.ScheduledMethodRunnable.run(ScheduledMethodRunnable.java:84)
	at org.springframework.scheduling.support.DelegatingErrorHandlingRunnable.run(DelegatingErrorHandlingRunnable.java:54)
	at org.springframework.scheduling.concurrent.ReschedulingRunnable.run(ReschedulingRunnable.java:95)
	at java.base/java.util.concurrent.Executors$RunnableAdapter.call(Executors.java:539)
	at java.base/java.util.concurrent.FutureTask.run(FutureTask.java:264)
	at java.base/java.util.concurrent.ScheduledThreadPoolExecutor$ScheduledFutureTask.run(ScheduledThreadPoolExecutor.java:304)
	at java.base/java.util.concurrent.ThreadPoolExecutor.runWorker(ThreadPoolExecutor.java:1136)
	at java.base/java.util.concurrent.ThreadPoolExecutor$Worker.run(ThreadPoolExecutor.java:635)
	at java.base/java.lang.Thread.run(Thread.java:833)
2025-12-24 11:35:12 - o.s.orm.jpa.JpaTransactionManager - Found thread-bound EntityManager [SessionImpl(1665584079<open>)] for JPA transaction
2025-12-24 11:35:12 - o.s.orm.jpa.JpaTransactionManager - Suspending current transaction, creating new transaction with name [com.ctbcins.hrimport.service.ErrorLogService.insertErrorLog]
2025-12-24 11:35:12 - o.s.orm.jpa.JpaTransactionManager - Opened new EntityManager [SessionImpl(946530576<open>)] for JPA transaction
2025-12-24 11:35:12 - o.h.e.t.internal.TransactionImpl - On TransactionImpl creation, JpaCompliance#isJpaTransactionComplianceEnabled == false
2025-12-24 11:35:12 - o.h.e.t.internal.TransactionImpl - begin
2025-12-24 11:35:12 - org.postgresql.jdbc.PgConnection -   setAutoCommit = false
2025-12-24 11:35:12 - o.s.orm.jpa.JpaTransactionManager - Exposing JPA transaction as JDBC [org.springframework.orm.jpa.vendor.HibernateJpaDialect$HibernateConnectionHandle@7ad6bdc4]
2025-12-24 11:35:12 - o.s.jdbc.core.JdbcTemplate - Executing prepared SQL update
2025-12-24 11:35:12 - o.s.jdbc.core.JdbcTemplate - Executing prepared SQL statement [INSERT INTO public."CUS_HRImport_Error_Log" (id, file_name, record_type, record_key, payload, error_message, stack_trace, processed_at, created_by) VALUES (?, ?, ?, ?, ?, ?, ?, now(), ?)]
2025-12-24 11:35:12 - o.s.orm.jpa.JpaTransactionManager - Initiating transaction commit
2025-12-24 11:35:12 - o.s.orm.jpa.JpaTransactionManager - Committing JPA transaction on EntityManager [SessionImpl(946530576<open>)]
2025-12-24 11:35:12 - o.h.e.t.internal.TransactionImpl - committing
2025-12-24 11:35:12 - org.postgresql.jdbc.PgConnection -   setAutoCommit = true
2025-12-24 11:35:12 - o.s.orm.jpa.JpaTransactionManager - Closing JPA EntityManager [SessionImpl(946530576<open>)] after transaction
2025-12-24 11:35:12 - o.s.orm.jpa.JpaTransactionManager - Resuming suspended transaction after completion of inner transaction
2025-12-24 11:35:12 - c.c.h.service.HRDataProcessService - 處理員工資料失敗: 許馨燕 (BK053)
java.lang.RuntimeException: 員工處理失敗
	at com.ctbcins.hrimport.service.HRDataProcessService.processSingleEmployee(HRDataProcessService.java:944)
	at com.ctbcins.hrimport.service.HRDataProcessService.processEmployees(HRDataProcessService.java:768)
	at com.ctbcins.hrimport.service.HRDataProcessService.processHRFile(HRDataProcessService.java:130)
	at com.ctbcins.hrimport.service.HRDataProcessService$$FastClassBySpringCGLIB$$2d1c3c53.invoke(<generated>)
	at org.springframework.cglib.proxy.MethodProxy.invoke(MethodProxy.java:218)
	at org.springframework.aop.framework.CglibAopProxy$CglibMethodInvocation.invokeJoinpoint(CglibAopProxy.java:792)
	at org.springframework.aop.framework.ReflectiveMethodInvocation.proceed(ReflectiveMethodInvocation.java:163)
	at org.springframework.aop.framework.CglibAopProxy$CglibMethodInvocation.proceed(CglibAopProxy.java:762)
	at org.springframework.transaction.interceptor.TransactionInterceptor$1.proceedWithInvocation(TransactionInterceptor.java:123)
	at org.springframework.transaction.interceptor.TransactionAspectSupport.invokeWithinTransaction(TransactionAspectSupport.java:388)
	at org.springframework.transaction.interceptor.TransactionInterceptor.invoke(TransactionInterceptor.java:119)
	at org.springframework.aop.framework.ReflectiveMethodInvocation.proceed(ReflectiveMethodInvocation.java:186)
	at org.springframework.aop.framework.CglibAopProxy$CglibMethodInvocation.proceed(CglibAopProxy.java:762)
	at org.springframework.aop.framework.CglibAopProxy$DynamicAdvisedInterceptor.intercept(CglibAopProxy.java:707)
	at com.ctbcins.hrimport.service.HRDataProcessService$$EnhancerBySpringCGLIB$$4b26de36.processHRFile(<generated>)
	at com.ctbcins.hrimport.job.ScheduledImportJob.runLocalImportJob(ScheduledImportJob.java:105)
	at com.ctbcins.hrimport.job.ScheduledImportJob.minuteImportJob(ScheduledImportJob.java:58)
	at java.base/jdk.internal.reflect.NativeMethodAccessorImpl.invoke0(Native Method)
	at java.base/jdk.internal.reflect.NativeMethodAccessorImpl.invoke(NativeMethodAccessorImpl.java:77)
	at java.base/jdk.internal.reflect.DelegatingMethodAccessorImpl.invoke(DelegatingMethodAccessorImpl.java:43)
	at java.base/java.lang.reflect.Method.invoke(Method.java:568)
	at org.springframework.scheduling.support.ScheduledMethodRunnable.run(ScheduledMethodRunnable.java:84)
	at org.springframework.scheduling.support.DelegatingErrorHandlingRunnable.run(DelegatingErrorHandlingRunnable.java:54)
	at org.springframework.scheduling.concurrent.ReschedulingRunnable.run(ReschedulingRunnable.java:95)
	at java.base/java.util.concurrent.Executors$RunnableAdapter.call(Executors.java:539)
	at java.base/java.util.concurrent.FutureTask.run(FutureTask.java:264)
	at java.base/java.util.concurrent.ScheduledThreadPoolExecutor$ScheduledFutureTask.run(ScheduledThreadPoolExecutor.java:304)
	at java.base/java.util.concurrent.ThreadPoolExecutor.runWorker(ThreadPoolExecutor.java:1136)
	at java.base/java.util.concurrent.ThreadPoolExecutor$Worker.run(ThreadPoolExecutor.java:635)
	at java.base/java.lang.Thread.run(Thread.java:833)
Caused by: java.lang.RuntimeException: Department not found for depFullName=總經理直轄-資訊部-設計科
	at com.ctbcins.hrimport.service.HRDataProcessService.processSingleEmployee(HRDataProcessService.java:915)
	... 29 common frames omitted
2025-12-24 11:35:12 - o.s.orm.jpa.JpaTransactionManager - Found thread-bound EntityManager [SessionImpl(1665584079<open>)] for JPA transaction
2025-12-24 11:35:12 - o.s.orm.jpa.JpaTransactionManager - Suspending current transaction, creating new transaction with name [com.ctbcins.hrimport.service.ErrorLogService.insertErrorLog]
2025-12-24 11:35:12 - o.s.orm.jpa.JpaTransactionManager - Opened new EntityManager [SessionImpl(176228452<open>)] for JPA transaction
2025-12-24 11:35:12 - o.h.e.t.internal.TransactionImpl - On TransactionImpl creation, JpaCompliance#isJpaTransactionComplianceEnabled == false
2025-12-24 11:35:12 - o.h.e.t.internal.TransactionImpl - begin
2025-12-24 11:35:12 - org.postgresql.jdbc.PgConnection -   setAutoCommit = false
2025-12-24 11:35:12 - o.s.orm.jpa.JpaTransactionManager - Exposing JPA transaction as JDBC [org.springframework.orm.jpa.vendor.HibernateJpaDialect$HibernateConnectionHandle@27ed12f1]
2025-12-24 11:35:12 - o.s.jdbc.core.JdbcTemplate - Executing prepared SQL update
2025-12-24 11:35:12 - o.s.jdbc.core.JdbcTemplate - Executing prepared SQL statement [INSERT INTO public."CUS_HRImport_Error_Log" (id, file_name, record_type, record_key, payload, error_message, stack_trace, processed_at, created_by) VALUES (?, ?, ?, ?, ?, ?, ?, now(), ?)]
2025-12-24 11:35:12 - o.s.orm.jpa.JpaTransactionManager - Initiating transaction commit
2025-12-24 11:35:12 - o.s.orm.jpa.JpaTransactionManager - Committing JPA transaction on EntityManager [SessionImpl(176228452<open>)]
2025-12-24 11:35:12 - o.h.e.t.internal.TransactionImpl - committing
2025-12-24 11:35:12 - org.postgresql.jdbc.PgConnection -   setAutoCommit = true
2025-12-24 11:35:12 - o.s.orm.jpa.JpaTransactionManager - Closing JPA EntityManager [SessionImpl(176228452<open>)] after transaction
2025-12-24 11:35:12 - o.s.orm.jpa.JpaTransactionManager - Resuming suspended transaction after completion of inner transaction
2025-12-24 11:35:12 - c.c.h.service.HRDataProcessService - 處理員工: 朱建達 (DP0709)
2025-12-24 11:35:12 - o.s.jdbc.core.JdbcTemplate - Executing prepared SQL query
2025-12-24 11:35:12 - o.s.jdbc.core.JdbcTemplate - Executing prepared SQL statement [SELECT COUNT(*) FROM public."TsAccount" WHERE "FLoginName" = ?]
2025-12-24 11:35:12 - o.s.jdbc.core.JdbcTemplate - Executing prepared SQL query
2025-12-24 11:35:12 - o.s.jdbc.core.JdbcTemplate - Executing prepared SQL statement [SELECT "id" FROM public."CUS_HRImport_Department" WHERE "full_name" = ?]
2025-12-24 11:35:12 - o.s.jdbc.core.JdbcTemplate - Executing prepared SQL query
2025-12-24 11:35:12 - o.s.jdbc.core.JdbcTemplate - Executing prepared SQL statement [SELECT "tree_level" FROM public."CUS_HRImport_Department" WHERE "id" = ?]
2025-12-24 11:35:12 - o.s.jdbc.core.JdbcTemplate - Executing prepared SQL update
2025-12-24 11:35:12 - o.s.jdbc.core.JdbcTemplate - Executing prepared SQL statement [UPDATE public."TsUser" SET "FName" = ?, "FMobile" = ?, "FDepartmentId" = ?, "U_EmployeeCore" = ?, "FSeatId" = ? WHERE "FLoginName" = ?]
2025-12-24 11:35:12 - o.s.jdbc.core.JdbcTemplate - Executing prepared SQL update
2025-12-24 11:35:12 - o.s.jdbc.core.JdbcTemplate - Executing prepared SQL statement [UPDATE public."TsAccount" SET "FName" = ?, "FMobile" = ? WHERE "FLoginName" = ?]
2025-12-24 11:35:12 - c.c.h.service.HRDataProcessService - 更新員工: 朱建達 (DP0709)
2025-12-24 11:35:12 - c.c.h.service.HRDataProcessService - 處理員工: 董欣瑜 (DP0716)
2025-12-24 11:35:12 - o.s.jdbc.core.JdbcTemplate - Executing prepared SQL query
2025-12-24 11:35:12 - o.s.jdbc.core.JdbcTemplate - Executing prepared SQL statement [SELECT COUNT(*) FROM public."TsAccount" WHERE "FLoginName" = ?]
2025-12-24 11:35:12 - o.s.jdbc.core.JdbcTemplate - Executing prepared SQL query
2025-12-24 11:35:12 - o.s.jdbc.core.JdbcTemplate - Executing prepared SQL statement [SELECT "id" FROM public."CUS_HRImport_Department" WHERE "full_name" = ?]
2025-12-24 11:35:12 - o.s.jdbc.core.JdbcTemplate - Executing prepared SQL query
2025-12-24 11:35:12 - o.s.jdbc.core.JdbcTemplate - Executing prepared SQL statement [SELECT "tree_level" FROM public."CUS_HRImport_Department" WHERE "id" = ?]
2025-12-24 11:35:12 - o.s.jdbc.core.JdbcTemplate - Executing prepared SQL update
2025-12-24 11:35:12 - o.s.jdbc.core.JdbcTemplate - Executing prepared SQL statement [UPDATE public."TsUser" SET "FName" = ?, "FMobile" = ?, "FDepartmentId" = ?, "U_EmployeeCore" = ?, "FSeatId" = ? WHERE "FLoginName" = ?]
2025-12-24 11:35:12 - o.s.jdbc.core.JdbcTemplate - Executing prepared SQL update
2025-12-24 11:35:12 - o.s.jdbc.core.JdbcTemplate - Executing prepared SQL statement [UPDATE public."TsAccount" SET "FName" = ?, "FMobile" = ? WHERE "FLoginName" = ?]
2025-12-24 11:35:12 - c.c.h.service.HRDataProcessService - 更新員工: 董欣瑜 (DP0716)
2025-12-24 11:35:12 - c.c.h.service.HRDataProcessService - 處理員工: 郭宸義 (DP1579)
2025-12-24 11:35:12 - o.s.jdbc.core.JdbcTemplate - Executing prepared SQL query
2025-12-24 11:35:12 - o.s.jdbc.core.JdbcTemplate - Executing prepared SQL statement [SELECT COUNT(*) FROM public."TsAccount" WHERE "FLoginName" = ?]
2025-12-24 11:35:12 - o.s.jdbc.core.JdbcTemplate - Executing prepared SQL query
2025-12-24 11:35:12 - o.s.jdbc.core.JdbcTemplate - Executing prepared SQL statement [SELECT "id" FROM public."CUS_HRImport_Department" WHERE "full_name" = ?]
2025-12-24 11:35:12 - o.s.jdbc.core.JdbcTemplate - Executing prepared SQL query
2025-12-24 11:35:12 - o.s.jdbc.core.JdbcTemplate - Executing prepared SQL statement [SELECT "tree_level" FROM public."CUS_HRImport_Department" WHERE "id" = ?]
2025-12-24 11:35:12 - o.s.jdbc.core.JdbcTemplate - Executing prepared SQL update
2025-12-24 11:35:12 - o.s.jdbc.core.JdbcTemplate - Executing prepared SQL statement [UPDATE public."TsUser" SET "FName" = ?, "FMobile" = ?, "FDepartmentId" = ?, "U_EmployeeCore" = ?, "FSeatId" = ? WHERE "FLoginName" = ?]
2025-12-24 11:35:12 - o.s.jdbc.core.JdbcTemplate - Executing prepared SQL update
2025-12-24 11:35:12 - o.s.jdbc.core.JdbcTemplate - Executing prepared SQL statement [UPDATE public."TsAccount" SET "FName" = ?, "FMobile" = ? WHERE "FLoginName" = ?]
2025-12-24 11:35:12 - c.c.h.service.HRDataProcessService - 更新員工: 郭宸義 (DP1579)
2025-12-24 11:35:12 - c.c.h.service.HRDataProcessService - 處理員工: 蔡瀞萱 (DP1588)
2025-12-24 11:35:12 - o.s.jdbc.core.JdbcTemplate - Executing prepared SQL query
2025-12-24 11:35:12 - o.s.jdbc.core.JdbcTemplate - Executing prepared SQL statement [SELECT COUNT(*) FROM public."TsAccount" WHERE "FLoginName" = ?]
2025-12-24 11:35:12 - o.s.jdbc.core.JdbcTemplate - Executing prepared SQL query
2025-12-24 11:35:12 - o.s.jdbc.core.JdbcTemplate - Executing prepared SQL statement [SELECT "id" FROM public."CUS_HRImport_Department" WHERE "full_name" = ?]
2025-12-24 11:35:12 - o.s.jdbc.core.JdbcTemplate - Executing prepared SQL query
2025-12-24 11:35:12 - o.s.jdbc.core.JdbcTemplate - Executing prepared SQL statement [SELECT "tree_level" FROM public."CUS_HRImport_Department" WHERE "id" = ?]
2025-12-24 11:35:12 - o.s.jdbc.core.JdbcTemplate - Executing prepared SQL update
2025-12-24 11:35:12 - o.s.jdbc.core.JdbcTemplate - Executing prepared SQL statement [UPDATE public."TsUser" SET "FName" = ?, "FMobile" = ?, "FDepartmentId" = ?, "U_EmployeeCore" = ?, "FSeatId" = ? WHERE "FLoginName" = ?]
2025-12-24 11:35:12 - o.s.jdbc.core.JdbcTemplate - Executing prepared SQL update
2025-12-24 11:35:12 - o.s.jdbc.core.JdbcTemplate - Executing prepared SQL statement [UPDATE public."TsAccount" SET "FName" = ?, "FMobile" = ? WHERE "FLoginName" = ?]
2025-12-24 11:35:12 - c.c.h.service.HRDataProcessService - 更新員工: 蔡瀞萱 (DP1588)
2025-12-24 11:35:12 - c.c.h.service.HRDataProcessService - 處理員工: 林愉芳 (DP1594)
2025-12-24 11:35:12 - o.s.jdbc.core.JdbcTemplate - Executing prepared SQL query
2025-12-24 11:35:12 - o.s.jdbc.core.JdbcTemplate - Executing prepared SQL statement [SELECT COUNT(*) FROM public."TsAccount" WHERE "FLoginName" = ?]
2025-12-24 11:35:12 - o.s.jdbc.core.JdbcTemplate - Executing prepared SQL query
2025-12-24 11:35:12 - o.s.jdbc.core.JdbcTemplate - Executing prepared SQL statement [SELECT "id" FROM public."CUS_HRImport_Department" WHERE "full_name" = ?]
2025-12-24 11:35:12 - o.s.jdbc.core.JdbcTemplate - Executing prepared SQL query
2025-12-24 11:35:12 - o.s.jdbc.core.JdbcTemplate - Executing prepared SQL statement [SELECT "tree_level" FROM public."CUS_HRImport_Department" WHERE "id" = ?]
2025-12-24 11:35:12 - o.s.jdbc.core.JdbcTemplate - Executing prepared SQL update
2025-12-24 11:35:12 - o.s.jdbc.core.JdbcTemplate - Executing prepared SQL statement [UPDATE public."TsUser" SET "FName" = ?, "FMobile" = ?, "FDepartmentId" = ?, "U_EmployeeCore" = ?, "FSeatId" = ? WHERE "FLoginName" = ?]
2025-12-24 11:35:12 - o.s.jdbc.core.JdbcTemplate - Executing prepared SQL update
2025-12-24 11:35:12 - o.s.jdbc.core.JdbcTemplate - Executing prepared SQL statement [UPDATE public."TsAccount" SET "FName" = ?, "FMobile" = ? WHERE "FLoginName" = ?]
2025-12-24 11:35:12 - c.c.h.service.HRDataProcessService - 更新員工: 林愉芳 (DP1594)
2025-12-24 11:35:12 - c.c.h.service.HRDataProcessService - 處理員工: 黃逸芳 (DP1595)
2025-12-24 11:35:12 - o.s.jdbc.core.JdbcTemplate - Executing prepared SQL query
2025-12-24 11:35:12 - o.s.jdbc.core.JdbcTemplate - Executing prepared SQL statement [SELECT COUNT(*) FROM public."TsAccount" WHERE "FLoginName" = ?]
2025-12-24 11:35:12 - o.s.jdbc.core.JdbcTemplate - Executing prepared SQL query
2025-12-24 11:35:12 - o.s.jdbc.core.JdbcTemplate - Executing prepared SQL statement [SELECT "id" FROM public."CUS_HRImport_Department" WHERE "full_name" = ?]
2025-12-24 11:35:12 - o.s.jdbc.core.JdbcTemplate - Executing prepared SQL query
2025-12-24 11:35:12 - o.s.jdbc.core.JdbcTemplate - Executing prepared SQL statement [SELECT "tree_level" FROM public."CUS_HRImport_Department" WHERE "id" = ?]
2025-12-24 11:35:12 - o.s.jdbc.core.JdbcTemplate - Executing prepared SQL update
2025-12-24 11:35:12 - o.s.jdbc.core.JdbcTemplate - Executing prepared SQL statement [UPDATE public."TsUser" SET "FName" = ?, "FMobile" = ?, "FDepartmentId" = ?, "U_EmployeeCore" = ?, "FSeatId" = ? WHERE "FLoginName" = ?]
2025-12-24 11:35:12 - o.s.jdbc.core.JdbcTemplate - Executing prepared SQL update
2025-12-24 11:35:12 - o.s.jdbc.core.JdbcTemplate - Executing prepared SQL statement [UPDATE public."TsAccount" SET "FName" = ?, "FMobile" = ? WHERE "FLoginName" = ?]
2025-12-24 11:35:12 - c.c.h.service.HRDataProcessService - 更新員工: 黃逸芳 (DP1595)
2025-12-24 11:35:12 - c.c.h.service.HRDataProcessService - 處理員工: 陳玫含 (DP1596)
2025-12-24 11:35:12 - o.s.jdbc.core.JdbcTemplate - Executing prepared SQL query
2025-12-24 11:35:12 - o.s.jdbc.core.JdbcTemplate - Executing prepared SQL statement [SELECT COUNT(*) FROM public."TsAccount" WHERE "FLoginName" = ?]
2025-12-24 11:35:12 - o.s.jdbc.core.JdbcTemplate - Executing prepared SQL query
2025-12-24 11:35:12 - o.s.jdbc.core.JdbcTemplate - Executing prepared SQL statement [SELECT "id" FROM public."CUS_HRImport_Department" WHERE "full_name" = ?]
2025-12-24 11:35:12 - o.s.jdbc.core.JdbcTemplate - Executing prepared SQL query
2025-12-24 11:35:12 - o.s.jdbc.core.JdbcTemplate - Executing prepared SQL statement [SELECT "tree_level" FROM public."CUS_HRImport_Department" WHERE "id" = ?]
2025-12-24 11:35:12 - o.s.jdbc.core.JdbcTemplate - Executing prepared SQL update
2025-12-24 11:35:12 - o.s.jdbc.core.JdbcTemplate - Executing prepared SQL statement [UPDATE public."TsUser" SET "FName" = ?, "FMobile" = ?, "FDepartmentId" = ?, "U_EmployeeCore" = ?, "FSeatId" = ? WHERE "FLoginName" = ?]
2025-12-24 11:35:12 - o.s.jdbc.core.JdbcTemplate - Executing prepared SQL update
2025-12-24 11:35:12 - o.s.jdbc.core.JdbcTemplate - Executing prepared SQL statement [UPDATE public."TsAccount" SET "FName" = ?, "FMobile" = ? WHERE "FLoginName" = ?]
2025-12-24 11:35:12 - c.c.h.service.HRDataProcessService - 更新員工: 陳玫含 (DP1596)
2025-12-24 11:35:12 - c.c.h.service.HRDataProcessService - 處理員工: 謝姵宸 (DP1599)
2025-12-24 11:35:12 - o.s.jdbc.core.JdbcTemplate - Executing prepared SQL query
2025-12-24 11:35:12 - o.s.jdbc.core.JdbcTemplate - Executing prepared SQL statement [SELECT COUNT(*) FROM public."TsAccount" WHERE "FLoginName" = ?]
2025-12-24 11:35:12 - o.s.jdbc.core.JdbcTemplate - Executing prepared SQL query
2025-12-24 11:35:12 - o.s.jdbc.core.JdbcTemplate - Executing prepared SQL statement [SELECT "id" FROM public."CUS_HRImport_Department" WHERE "full_name" = ?]
2025-12-24 11:35:12 - o.s.jdbc.core.JdbcTemplate - Executing prepared SQL query
2025-12-24 11:35:12 - o.s.jdbc.core.JdbcTemplate - Executing prepared SQL statement [SELECT "tree_level" FROM public."CUS_HRImport_Department" WHERE "id" = ?]
2025-12-24 11:35:12 - o.s.jdbc.core.JdbcTemplate - Executing prepared SQL update
2025-12-24 11:35:12 - o.s.jdbc.core.JdbcTemplate - Executing prepared SQL statement [UPDATE public."TsUser" SET "FName" = ?, "FMobile" = ?, "FDepartmentId" = ?, "U_EmployeeCore" = ?, "FSeatId" = ? WHERE "FLoginName" = ?]
2025-12-24 11:35:12 - o.s.jdbc.core.JdbcTemplate - Executing prepared SQL update
2025-12-24 11:35:12 - o.s.jdbc.core.JdbcTemplate - Executing prepared SQL statement [UPDATE public."TsAccount" SET "FName" = ?, "FMobile" = ? WHERE "FLoginName" = ?]
2025-12-24 11:35:12 - c.c.h.service.HRDataProcessService - 更新員工: 謝姵宸 (DP1599)
2025-12-24 11:35:12 - c.c.h.service.HRDataProcessService - 處理員工: 陳碧玲 (AG030)
2025-12-24 11:35:12 - o.s.jdbc.core.JdbcTemplate - Executing prepared SQL query
2025-12-24 11:35:12 - o.s.jdbc.core.JdbcTemplate - Executing prepared SQL statement [SELECT COUNT(*) FROM public."TsAccount" WHERE "FLoginName" = ?]
2025-12-24 11:35:12 - o.s.jdbc.core.JdbcTemplate - Executing prepared SQL query
2025-12-24 11:35:12 - o.s.jdbc.core.JdbcTemplate - Executing prepared SQL statement [SELECT "id" FROM public."CUS_HRImport_Department" WHERE "full_name" = ?]
2025-12-24 11:35:12 - o.s.jdbc.core.JdbcTemplate - Executing prepared SQL query
2025-12-24 11:35:12 - o.s.jdbc.core.JdbcTemplate - Executing prepared SQL statement [SELECT "tree_level" FROM public."CUS_HRImport_Department" WHERE "id" = ?]
2025-12-24 11:35:12 - o.s.jdbc.core.JdbcTemplate - Executing prepared SQL update
2025-12-24 11:35:12 - o.s.jdbc.core.JdbcTemplate - Executing prepared SQL statement [UPDATE public."TsUser" SET "FName" = ?, "FMobile" = ?, "FDepartmentId" = ?, "U_EmployeeCore" = ?, "FSeatId" = ? WHERE "FLoginName" = ?]
2025-12-24 11:35:12 - o.s.jdbc.core.JdbcTemplate - Executing prepared SQL update
2025-12-24 11:35:12 - o.s.jdbc.core.JdbcTemplate - Executing prepared SQL statement [UPDATE public."TsAccount" SET "FName" = ?, "FMobile" = ? WHERE "FLoginName" = ?]
2025-12-24 11:35:12 - c.c.h.service.HRDataProcessService - 更新員工: 陳碧玲 (AG030)
2025-12-24 11:35:12 - c.c.h.service.HRDataProcessService - 處理員工: 江玉芳 (BA037)
2025-12-24 11:35:12 - o.s.jdbc.core.JdbcTemplate - Executing prepared SQL query
2025-12-24 11:35:12 - o.s.jdbc.core.JdbcTemplate - Executing prepared SQL statement [SELECT COUNT(*) FROM public."TsAccount" WHERE "FLoginName" = ?]
2025-12-24 11:35:12 - o.s.jdbc.core.JdbcTemplate - Executing prepared SQL query
2025-12-24 11:35:12 - o.s.jdbc.core.JdbcTemplate - Executing prepared SQL statement [SELECT "id" FROM public."CUS_HRImport_Department" WHERE "full_name" = ?]
2025-12-24 11:35:12 - o.s.jdbc.core.JdbcTemplate - Executing prepared SQL query
2025-12-24 11:35:12 - o.s.jdbc.core.JdbcTemplate - Executing prepared SQL statement [SELECT "tree_level" FROM public."CUS_HRImport_Department" WHERE "id" = ?]
2025-12-24 11:35:12 - o.s.jdbc.core.JdbcTemplate - Executing prepared SQL update
2025-12-24 11:35:12 - o.s.jdbc.core.JdbcTemplate - Executing prepared SQL statement [UPDATE public."TsUser" SET "FName" = ?, "FMobile" = ?, "FDepartmentId" = ?, "U_EmployeeCore" = ?, "FSeatId" = ? WHERE "FLoginName" = ?]
2025-12-24 11:35:12 - o.s.jdbc.core.JdbcTemplate - Executing prepared SQL update
2025-12-24 11:35:12 - o.s.jdbc.core.JdbcTemplate - Executing prepared SQL statement [UPDATE public."TsAccount" SET "FName" = ?, "FMobile" = ? WHERE "FLoginName" = ?]
2025-12-24 11:35:12 - c.c.h.service.HRDataProcessService - 更新員工: 江玉芳 (BA037)
2025-12-24 11:35:12 - c.c.h.service.HRDataProcessService - 處理員工: 陳慧玲 (BA159)
2025-12-24 11:35:12 - o.s.jdbc.core.JdbcTemplate - Executing prepared SQL query
2025-12-24 11:35:12 - o.s.jdbc.core.JdbcTemplate - Executing prepared SQL statement [SELECT COUNT(*) FROM public."TsAccount" WHERE "FLoginName" = ?]
2025-12-24 11:35:12 - o.s.jdbc.core.JdbcTemplate - Executing prepared SQL query
2025-12-24 11:35:12 - o.s.jdbc.core.JdbcTemplate - Executing prepared SQL statement [SELECT "id" FROM public."CUS_HRImport_Department" WHERE "full_name" = ?]
2025-12-24 11:35:12 - o.s.jdbc.core.JdbcTemplate - Executing prepared SQL query
2025-12-24 11:35:12 - o.s.jdbc.core.JdbcTemplate - Executing prepared SQL statement [SELECT "tree_level" FROM public."CUS_HRImport_Department" WHERE "id" = ?]
2025-12-24 11:35:12 - o.s.jdbc.core.JdbcTemplate - Executing prepared SQL update
2025-12-24 11:35:12 - o.s.jdbc.core.JdbcTemplate - Executing prepared SQL statement [UPDATE public."TsUser" SET "FName" = ?, "FMobile" = ?, "FDepartmentId" = ?, "U_EmployeeCore" = ?, "FSeatId" = ? WHERE "FLoginName" = ?]
2025-12-24 11:35:12 - o.s.jdbc.core.JdbcTemplate - Executing prepared SQL update
2025-12-24 11:35:12 - o.s.jdbc.core.JdbcTemplate - Executing prepared SQL statement [UPDATE public."TsAccount" SET "FName" = ?, "FMobile" = ? WHERE "FLoginName" = ?]
2025-12-24 11:35:12 - c.c.h.service.HRDataProcessService - 更新員工: 陳慧玲 (BA159)
2025-12-24 11:35:12 - c.c.h.service.HRDataProcessService - 處理員工: 李兆蔚 (BH081)
2025-12-24 11:35:12 - o.s.jdbc.core.JdbcTemplate - Executing prepared SQL query
2025-12-24 11:35:12 - o.s.jdbc.core.JdbcTemplate - Executing prepared SQL statement [SELECT COUNT(*) FROM public."TsAccount" WHERE "FLoginName" = ?]
2025-12-24 11:35:12 - o.s.jdbc.core.JdbcTemplate - Executing prepared SQL query
2025-12-24 11:35:12 - o.s.jdbc.core.JdbcTemplate - Executing prepared SQL statement [SELECT "id" FROM public."CUS_HRImport_Department" WHERE "full_name" = ?]
2025-12-24 11:35:12 - o.s.jdbc.core.JdbcTemplate - Executing prepared SQL query
2025-12-24 11:35:12 - o.s.jdbc.core.JdbcTemplate - Executing prepared SQL statement [SELECT "tree_level" FROM public."CUS_HRImport_Department" WHERE "id" = ?]
2025-12-24 11:35:12 - o.s.jdbc.core.JdbcTemplate - Executing prepared SQL update
2025-12-24 11:35:12 - o.s.jdbc.core.JdbcTemplate - Executing prepared SQL statement [UPDATE public."TsUser" SET "FName" = ?, "FMobile" = ?, "FDepartmentId" = ?, "U_EmployeeCore" = ?, "FSeatId" = ? WHERE "FLoginName" = ?]
2025-12-24 11:35:12 - o.s.jdbc.core.JdbcTemplate - Executing prepared SQL update
2025-12-24 11:35:12 - o.s.jdbc.core.JdbcTemplate - Executing prepared SQL statement [UPDATE public."TsAccount" SET "FName" = ?, "FMobile" = ? WHERE "FLoginName" = ?]
2025-12-24 11:35:12 - c.c.h.service.HRDataProcessService - 更新員工: 李兆蔚 (BH081)
2025-12-24 11:35:12 - c.c.h.service.HRDataProcessService - 處理員工: 徐成財 (BI009)
2025-12-24 11:35:12 - o.s.jdbc.core.JdbcTemplate - Executing prepared SQL query
2025-12-24 11:35:12 - o.s.jdbc.core.JdbcTemplate - Executing prepared SQL statement [SELECT COUNT(*) FROM public."TsAccount" WHERE "FLoginName" = ?]
2025-12-24 11:35:12 - o.s.jdbc.core.JdbcTemplate - Executing prepared SQL query
2025-12-24 11:35:12 - o.s.jdbc.core.JdbcTemplate - Executing prepared SQL statement [SELECT "id" FROM public."CUS_HRImport_Department" WHERE "full_name" = ?]
2025-12-24 11:35:12 - o.s.jdbc.core.JdbcTemplate - Executing prepared SQL query
2025-12-24 11:35:12 - o.s.jdbc.core.JdbcTemplate - Executing prepared SQL statement [SELECT "tree_level" FROM public."CUS_HRImport_Department" WHERE "id" = ?]
2025-12-24 11:35:12 - o.s.jdbc.core.JdbcTemplate - Executing prepared SQL update
2025-12-24 11:35:12 - o.s.jdbc.core.JdbcTemplate - Executing prepared SQL statement [UPDATE public."TsUser" SET "FName" = ?, "FMobile" = ?, "FDepartmentId" = ?, "U_EmployeeCore" = ?, "FSeatId" = ? WHERE "FLoginName" = ?]
2025-12-24 11:35:12 - o.s.jdbc.core.JdbcTemplate - Executing prepared SQL update
2025-12-24 11:35:12 - o.s.jdbc.core.JdbcTemplate - Executing prepared SQL statement [UPDATE public."TsAccount" SET "FName" = ?, "FMobile" = ? WHERE "FLoginName" = ?]
2025-12-24 11:35:12 - c.c.h.service.HRDataProcessService - 更新員工: 徐成財 (BI009)
2025-12-24 11:35:12 - c.c.h.service.HRDataProcessService - 處理員工: 林宏融 (BJ049)
2025-12-24 11:35:12 - o.s.jdbc.core.JdbcTemplate - Executing prepared SQL query
2025-12-24 11:35:12 - o.s.jdbc.core.JdbcTemplate - Executing prepared SQL statement [SELECT COUNT(*) FROM public."TsAccount" WHERE "FLoginName" = ?]
2025-12-24 11:35:12 - o.s.jdbc.core.JdbcTemplate - Executing prepared SQL query
2025-12-24 11:35:12 - o.s.jdbc.core.JdbcTemplate - Executing prepared SQL statement [SELECT "id" FROM public."CUS_HRImport_Department" WHERE "full_name" = ?]
2025-12-24 11:35:12 - o.s.jdbc.core.JdbcTemplate - Executing prepared SQL query
2025-12-24 11:35:12 - o.s.jdbc.core.JdbcTemplate - Executing prepared SQL statement [SELECT "tree_level" FROM public."CUS_HRImport_Department" WHERE "id" = ?]
2025-12-24 11:35:12 - o.s.jdbc.core.JdbcTemplate - Executing prepared SQL update
2025-12-24 11:35:12 - o.s.jdbc.core.JdbcTemplate - Executing prepared SQL statement [UPDATE public."TsUser" SET "FName" = ?, "FMobile" = ?, "FDepartmentId" = ?, "U_EmployeeCore" = ?, "FSeatId" = ? WHERE "FLoginName" = ?]
2025-12-24 11:35:12 - o.s.jdbc.core.JdbcTemplate - Executing prepared SQL update
2025-12-24 11:35:12 - o.s.jdbc.core.JdbcTemplate - Executing prepared SQL statement [UPDATE public."TsAccount" SET "FName" = ?, "FMobile" = ? WHERE "FLoginName" = ?]
2025-12-24 11:35:12 - c.c.h.service.HRDataProcessService - 更新員工: 林宏融 (BJ049)
2025-12-24 11:35:12 - c.c.h.service.HRDataProcessService - 處理員工: 吳宜樺 (BK054)
2025-12-24 11:35:12 - o.s.jdbc.core.JdbcTemplate - Executing prepared SQL query
2025-12-24 11:35:12 - o.s.jdbc.core.JdbcTemplate - Executing prepared SQL statement [SELECT COUNT(*) FROM public."TsAccount" WHERE "FLoginName" = ?]
2025-12-24 11:35:12 - o.s.jdbc.core.JdbcTemplate - Executing prepared SQL query
2025-12-24 11:35:12 - o.s.jdbc.core.JdbcTemplate - Executing prepared SQL statement [SELECT "id" FROM public."CUS_HRImport_Department" WHERE "full_name" = ?]
2025-12-24 11:35:12 - o.s.jdbc.core.JdbcTemplate - Executing prepared SQL query
2025-12-24 11:35:12 - o.s.jdbc.core.JdbcTemplate - Executing prepared SQL statement [SELECT "tree_level" FROM public."CUS_HRImport_Department" WHERE "id" = ?]
2025-12-24 11:35:12 - o.s.jdbc.core.JdbcTemplate - Executing prepared SQL update
2025-12-24 11:35:12 - o.s.jdbc.core.JdbcTemplate - Executing prepared SQL statement [UPDATE public."TsUser" SET "FName" = ?, "FMobile" = ?, "FDepartmentId" = ?, "U_EmployeeCore" = ?, "FSeatId" = ? WHERE "FLoginName" = ?]
2025-12-24 11:35:12 - o.s.jdbc.core.JdbcTemplate - Executing prepared SQL update
2025-12-24 11:35:12 - o.s.jdbc.core.JdbcTemplate - Executing prepared SQL statement [UPDATE public."TsAccount" SET "FName" = ?, "FMobile" = ? WHERE "FLoginName" = ?]
2025-12-24 11:35:12 - c.c.h.service.HRDataProcessService - 更新員工: 吳宜樺 (BK054)
2025-12-24 11:35:12 - c.c.h.service.HRDataProcessService - 處理員工: 劉芳君 (BI048)
2025-12-24 11:35:12 - o.s.jdbc.core.JdbcTemplate - Executing prepared SQL query
2025-12-24 11:35:12 - o.s.jdbc.core.JdbcTemplate - Executing prepared SQL statement [SELECT COUNT(*) FROM public."TsAccount" WHERE "FLoginName" = ?]
2025-12-24 11:35:12 - o.s.jdbc.core.JdbcTemplate - Executing prepared SQL query
2025-12-24 11:35:12 - o.s.jdbc.core.JdbcTemplate - Executing prepared SQL statement [SELECT "id" FROM public."CUS_HRImport_Department" WHERE "full_name" = ?]
2025-12-24 11:35:12 - o.s.jdbc.core.JdbcTemplate - Executing prepared SQL query
2025-12-24 11:35:12 - o.s.jdbc.core.JdbcTemplate - Executing prepared SQL statement [SELECT "tree_level" FROM public."CUS_HRImport_Department" WHERE "id" = ?]
2025-12-24 11:35:12 - o.s.jdbc.core.JdbcTemplate - Executing prepared SQL update
2025-12-24 11:35:12 - o.s.jdbc.core.JdbcTemplate - Executing prepared SQL statement [UPDATE public."TsUser" SET "FName" = ?, "FMobile" = ?, "FDepartmentId" = ?, "U_EmployeeCore" = ?, "FSeatId" = ? WHERE "FLoginName" = ?]
2025-12-24 11:35:12 - o.s.jdbc.core.JdbcTemplate - Executing prepared SQL update
2025-12-24 11:35:12 - o.s.jdbc.core.JdbcTemplate - Executing prepared SQL statement [UPDATE public."TsAccount" SET "FName" = ?, "FMobile" = ? WHERE "FLoginName" = ?]
2025-12-24 11:35:12 - c.c.h.service.HRDataProcessService - 更新員工: 劉芳君 (BI048)
2025-12-24 11:35:12 - c.c.h.service.HRDataProcessService - 處理員工: 賴怡頻 (BL057)
2025-12-24 11:35:12 - o.s.jdbc.core.JdbcTemplate - Executing prepared SQL query
2025-12-24 11:35:12 - o.s.jdbc.core.JdbcTemplate - Executing prepared SQL statement [SELECT COUNT(*) FROM public."TsAccount" WHERE "FLoginName" = ?]
2025-12-24 11:35:12 - o.s.jdbc.core.JdbcTemplate - Executing prepared SQL query
2025-12-24 11:35:12 - o.s.jdbc.core.JdbcTemplate - Executing prepared SQL statement [SELECT "id" FROM public."CUS_HRImport_Department" WHERE "full_name" = ?]
2025-12-24 11:35:12 - o.s.jdbc.core.JdbcTemplate - Executing prepared SQL query
2025-12-24 11:35:12 - o.s.jdbc.core.JdbcTemplate - Executing prepared SQL statement [SELECT "tree_level" FROM public."CUS_HRImport_Department" WHERE "id" = ?]
2025-12-24 11:35:12 - o.s.jdbc.core.JdbcTemplate - Executing prepared SQL update
2025-12-24 11:35:12 - o.s.jdbc.core.JdbcTemplate - Executing prepared SQL statement [UPDATE public."TsUser" SET "FName" = ?, "FMobile" = ?, "FDepartmentId" = ?, "U_EmployeeCore" = ?, "FSeatId" = ? WHERE "FLoginName" = ?]
2025-12-24 11:35:12 - o.s.jdbc.core.JdbcTemplate - Executing prepared SQL update
2025-12-24 11:35:12 - o.s.jdbc.core.JdbcTemplate - Executing prepared SQL statement [UPDATE public."TsAccount" SET "FName" = ?, "FMobile" = ? WHERE "FLoginName" = ?]
2025-12-24 11:35:12 - c.c.h.service.HRDataProcessService - 更新員工: 賴怡頻 (BL057)
2025-12-24 11:35:12 - c.c.h.service.HRDataProcessService - 處理員工: 周冠吟 (BL066)
2025-12-24 11:35:12 - o.s.jdbc.core.JdbcTemplate - Executing prepared SQL query
2025-12-24 11:35:12 - o.s.jdbc.core.JdbcTemplate - Executing prepared SQL statement [SELECT COUNT(*) FROM public."TsAccount" WHERE "FLoginName" = ?]
2025-12-24 11:35:12 - o.s.jdbc.core.JdbcTemplate - Executing prepared SQL query
2025-12-24 11:35:12 - o.s.jdbc.core.JdbcTemplate - Executing prepared SQL statement [SELECT "id" FROM public."CUS_HRImport_Department" WHERE "full_name" = ?]
2025-12-24 11:35:12 - o.s.jdbc.core.JdbcTemplate - Executing prepared SQL query
2025-12-24 11:35:12 - o.s.jdbc.core.JdbcTemplate - Executing prepared SQL statement [SELECT "tree_level" FROM public."CUS_HRImport_Department" WHERE "id" = ?]
2025-12-24 11:35:12 - o.s.jdbc.core.JdbcTemplate - Executing prepared SQL update
2025-12-24 11:35:12 - o.s.jdbc.core.JdbcTemplate - Executing prepared SQL statement [UPDATE public."TsUser" SET "FName" = ?, "FMobile" = ?, "FDepartmentId" = ?, "U_EmployeeCore" = ?, "FSeatId" = ? WHERE "FLoginName" = ?]
2025-12-24 11:35:12 - o.s.jdbc.core.JdbcTemplate - Executing prepared SQL update
2025-12-24 11:35:12 - o.s.jdbc.core.JdbcTemplate - Executing prepared SQL statement [UPDATE public."TsAccount" SET "FName" = ?, "FMobile" = ? WHERE "FLoginName" = ?]
2025-12-24 11:35:12 - c.c.h.service.HRDataProcessService - 更新員工: 周冠吟 (BL066)
2025-12-24 11:35:12 - c.c.h.service.HRDataProcessService - 處理員工: 魏裕興 (CD014)
2025-12-24 11:35:12 - o.s.jdbc.core.JdbcTemplate - Executing prepared SQL query
2025-12-24 11:35:12 - o.s.jdbc.core.JdbcTemplate - Executing prepared SQL statement [SELECT COUNT(*) FROM public."TsAccount" WHERE "FLoginName" = ?]
2025-12-24 11:35:12 - o.s.jdbc.core.JdbcTemplate - Executing prepared SQL query
2025-12-24 11:35:12 - o.s.jdbc.core.JdbcTemplate - Executing prepared SQL statement [SELECT "id" FROM public."CUS_HRImport_Department" WHERE "full_name" = ?]
2025-12-24 11:35:12 - o.s.jdbc.core.JdbcTemplate - Executing prepared SQL query
2025-12-24 11:35:12 - o.s.jdbc.core.JdbcTemplate - Executing prepared SQL statement [SELECT "tree_level" FROM public."CUS_HRImport_Department" WHERE "id" = ?]
2025-12-24 11:35:12 - o.s.jdbc.core.JdbcTemplate - Executing prepared SQL update
2025-12-24 11:35:12 - o.s.jdbc.core.JdbcTemplate - Executing prepared SQL statement [UPDATE public."TsUser" SET "FName" = ?, "FMobile" = ?, "FDepartmentId" = ?, "U_EmployeeCore" = ?, "FSeatId" = ? WHERE "FLoginName" = ?]
2025-12-24 11:35:12 - o.s.jdbc.core.JdbcTemplate - Executing prepared SQL update
2025-12-24 11:35:12 - o.s.jdbc.core.JdbcTemplate - Executing prepared SQL statement [UPDATE public."TsAccount" SET "FName" = ?, "FMobile" = ? WHERE "FLoginName" = ?]
2025-12-24 11:35:12 - c.c.h.service.HRDataProcessService - 更新員工: 魏裕興 (CD014)
2025-12-24 11:35:12 - c.c.h.service.HRDataProcessService - 處理員工: 陳友寧 (BI087)
2025-12-24 11:35:12 - o.s.jdbc.core.JdbcTemplate - Executing prepared SQL query
2025-12-24 11:35:12 - o.s.jdbc.core.JdbcTemplate - Executing prepared SQL statement [SELECT COUNT(*) FROM public."TsAccount" WHERE "FLoginName" = ?]
2025-12-24 11:35:12 - o.s.jdbc.core.JdbcTemplate - Executing prepared SQL query
2025-12-24 11:35:12 - o.s.jdbc.core.JdbcTemplate - Executing prepared SQL statement [SELECT "id" FROM public."CUS_HRImport_Department" WHERE "full_name" = ?]
2025-12-24 11:35:12 - o.s.jdbc.core.JdbcTemplate - Executing prepared SQL query
2025-12-24 11:35:12 - o.s.jdbc.core.JdbcTemplate - Executing prepared SQL statement [SELECT "tree_level" FROM public."CUS_HRImport_Department" WHERE "id" = ?]
2025-12-24 11:35:12 - o.s.jdbc.core.JdbcTemplate - Executing prepared SQL update
2025-12-24 11:35:12 - o.s.jdbc.core.JdbcTemplate - Executing prepared SQL statement [UPDATE public."TsUser" SET "FName" = ?, "FMobile" = ?, "FDepartmentId" = ?, "U_EmployeeCore" = ?, "FSeatId" = ? WHERE "FLoginName" = ?]
2025-12-24 11:35:12 - o.s.jdbc.core.JdbcTemplate - Executing prepared SQL update
2025-12-24 11:35:12 - o.s.jdbc.core.JdbcTemplate - Executing prepared SQL statement [UPDATE public."TsAccount" SET "FName" = ?, "FMobile" = ? WHERE "FLoginName" = ?]
2025-12-24 11:35:12 - c.c.h.service.HRDataProcessService - 更新員工: 陳友寧 (BI087)
2025-12-24 11:35:12 - c.c.h.service.HRDataProcessService - 處理員工: 李昆翰 (CE078)
2025-12-24 11:35:12 - o.s.jdbc.core.JdbcTemplate - Executing prepared SQL query
2025-12-24 11:35:12 - o.s.jdbc.core.JdbcTemplate - Executing prepared SQL statement [SELECT COUNT(*) FROM public."TsAccount" WHERE "FLoginName" = ?]
2025-12-24 11:35:12 - o.s.jdbc.core.JdbcTemplate - Executing prepared SQL query
2025-12-24 11:35:12 - o.s.jdbc.core.JdbcTemplate - Executing prepared SQL statement [SELECT "id" FROM public."CUS_HRImport_Department" WHERE "full_name" = ?]
2025-12-24 11:35:12 - o.s.jdbc.core.JdbcTemplate - Executing prepared SQL query
2025-12-24 11:35:12 - o.s.jdbc.core.JdbcTemplate - Executing prepared SQL statement [SELECT "tree_level" FROM public."CUS_HRImport_Department" WHERE "id" = ?]
2025-12-24 11:35:12 - o.s.jdbc.core.JdbcTemplate - Executing prepared SQL update
2025-12-24 11:35:12 - o.s.jdbc.core.JdbcTemplate - Executing prepared SQL statement [UPDATE public."TsUser" SET "FName" = ?, "FMobile" = ?, "FDepartmentId" = ?, "U_EmployeeCore" = ?, "FSeatId" = ? WHERE "FLoginName" = ?]
2025-12-24 11:35:12 - o.s.jdbc.core.JdbcTemplate - Executing prepared SQL update
2025-12-24 11:35:12 - o.s.jdbc.core.JdbcTemplate - Executing prepared SQL statement [UPDATE public."TsAccount" SET "FName" = ?, "FMobile" = ? WHERE "FLoginName" = ?]
2025-12-24 11:35:12 - c.c.h.service.HRDataProcessService - 更新員工: 李昆翰 (CE078)
2025-12-24 11:35:12 - c.c.h.service.HRDataProcessService - 處理員工: 蘇琬琇 (CF032)
2025-12-24 11:35:12 - o.s.jdbc.core.JdbcTemplate - Executing prepared SQL query
2025-12-24 11:35:12 - o.s.jdbc.core.JdbcTemplate - Executing prepared SQL statement [SELECT COUNT(*) FROM public."TsAccount" WHERE "FLoginName" = ?]
2025-12-24 11:35:12 - o.s.jdbc.core.JdbcTemplate - Executing prepared SQL query
2025-12-24 11:35:12 - o.s.jdbc.core.JdbcTemplate - Executing prepared SQL statement [SELECT "id" FROM public."CUS_HRImport_Department" WHERE "full_name" = ?]
2025-12-24 11:35:12 - o.s.jdbc.core.JdbcTemplate - Executing prepared SQL query
2025-12-24 11:35:12 - o.s.jdbc.core.JdbcTemplate - Executing prepared SQL statement [SELECT "tree_level" FROM public."CUS_HRImport_Department" WHERE "id" = ?]
2025-12-24 11:35:12 - o.s.jdbc.core.JdbcTemplate - Executing prepared SQL update
2025-12-24 11:35:12 - o.s.jdbc.core.JdbcTemplate - Executing prepared SQL statement [UPDATE public."TsUser" SET "FName" = ?, "FMobile" = ?, "FDepartmentId" = ?, "U_EmployeeCore" = ?, "FSeatId" = ? WHERE "FLoginName" = ?]
2025-12-24 11:35:12 - o.s.jdbc.core.JdbcTemplate - Executing prepared SQL update
2025-12-24 11:35:12 - o.s.jdbc.core.JdbcTemplate - Executing prepared SQL statement [UPDATE public."TsAccount" SET "FName" = ?, "FMobile" = ? WHERE "FLoginName" = ?]
2025-12-24 11:35:12 - c.c.h.service.HRDataProcessService - 更新員工: 蘇琬琇 (CF032)
2025-12-24 11:35:12 - c.c.h.service.HRDataProcessService - 處理員工: 蕭琴靜 (CE031)
2025-12-24 11:35:12 - o.s.jdbc.core.JdbcTemplate - Executing prepared SQL query
2025-12-24 11:35:12 - o.s.jdbc.core.JdbcTemplate - Executing prepared SQL statement [SELECT COUNT(*) FROM public."TsAccount" WHERE "FLoginName" = ?]
2025-12-24 11:35:12 - o.s.jdbc.core.JdbcTemplate - Executing prepared SQL query
2025-12-24 11:35:12 - o.s.jdbc.core.JdbcTemplate - Executing prepared SQL statement [SELECT "id" FROM public."CUS_HRImport_Department" WHERE "full_name" = ?]
2025-12-24 11:35:12 - o.s.jdbc.core.JdbcTemplate - Executing prepared SQL query
2025-12-24 11:35:12 - o.s.jdbc.core.JdbcTemplate - Executing prepared SQL statement [SELECT "tree_level" FROM public."CUS_HRImport_Department" WHERE "id" = ?]
2025-12-24 11:35:12 - o.s.jdbc.core.JdbcTemplate - Executing prepared SQL update
2025-12-24 11:35:12 - o.s.jdbc.core.JdbcTemplate - Executing prepared SQL statement [UPDATE public."TsUser" SET "FName" = ?, "FMobile" = ?, "FDepartmentId" = ?, "U_EmployeeCore" = ?, "FSeatId" = ? WHERE "FLoginName" = ?]
2025-12-24 11:35:12 - o.s.jdbc.core.JdbcTemplate - Executing prepared SQL update
2025-12-24 11:35:12 - o.s.jdbc.core.JdbcTemplate - Executing prepared SQL statement [UPDATE public."TsAccount" SET "FName" = ?, "FMobile" = ? WHERE "FLoginName" = ?]
2025-12-24 11:35:12 - c.c.h.service.HRDataProcessService - 更新員工: 蕭琴靜 (CE031)
2025-12-24 11:35:12 - c.c.h.service.HRDataProcessService - 處理員工: 陳芝柔 (CE032)
2025-12-24 11:35:12 - o.s.jdbc.core.JdbcTemplate - Executing prepared SQL query
2025-12-24 11:35:12 - o.s.jdbc.core.JdbcTemplate - Executing prepared SQL statement [SELECT COUNT(*) FROM public."TsAccount" WHERE "FLoginName" = ?]
2025-12-24 11:35:12 - o.s.jdbc.core.JdbcTemplate - Executing prepared SQL query
2025-12-24 11:35:12 - o.s.jdbc.core.JdbcTemplate - Executing prepared SQL statement [SELECT "id" FROM public."CUS_HRImport_Department" WHERE "full_name" = ?]
2025-12-24 11:35:12 - o.s.jdbc.core.JdbcTemplate - Executing prepared SQL query
2025-12-24 11:35:12 - o.s.jdbc.core.JdbcTemplate - Executing prepared SQL statement [SELECT "tree_level" FROM public."CUS_HRImport_Department" WHERE "id" = ?]
2025-12-24 11:35:12 - o.s.jdbc.core.JdbcTemplate - Executing prepared SQL update
2025-12-24 11:35:12 - o.s.jdbc.core.JdbcTemplate - Executing prepared SQL statement [UPDATE public."TsUser" SET "FName" = ?, "FMobile" = ?, "FDepartmentId" = ?, "U_EmployeeCore" = ?, "FSeatId" = ? WHERE "FLoginName" = ?]
2025-12-24 11:35:12 - o.s.jdbc.core.JdbcTemplate - Executing prepared SQL update
2025-12-24 11:35:12 - o.s.jdbc.core.JdbcTemplate - Executing prepared SQL statement [UPDATE public."TsAccount" SET "FName" = ?, "FMobile" = ? WHERE "FLoginName" = ?]
2025-12-24 11:35:12 - c.c.h.service.HRDataProcessService - 更新員工: 陳芝柔 (CE032)
2025-12-24 11:35:12 - c.c.h.service.HRDataProcessService - 處理員工: 高娸瑄 (BK069)
2025-12-24 11:35:12 - o.s.jdbc.core.JdbcTemplate - Executing prepared SQL query
2025-12-24 11:35:12 - o.s.jdbc.core.JdbcTemplate - Executing prepared SQL statement [SELECT COUNT(*) FROM public."TsAccount" WHERE "FLoginName" = ?]
2025-12-24 11:35:12 - o.s.jdbc.core.JdbcTemplate - Executing prepared SQL query
2025-12-24 11:35:12 - o.s.jdbc.core.JdbcTemplate - Executing prepared SQL statement [SELECT "id" FROM public."CUS_HRImport_Department" WHERE "full_name" = ?]
2025-12-24 11:35:12 - o.s.jdbc.core.JdbcTemplate - Executing prepared SQL query
2025-12-24 11:35:12 - o.s.jdbc.core.JdbcTemplate - Executing prepared SQL statement [SELECT "tree_level" FROM public."CUS_HRImport_Department" WHERE "id" = ?]
2025-12-24 11:35:12 - o.s.jdbc.core.JdbcTemplate - Executing prepared SQL update
2025-12-24 11:35:12 - o.s.jdbc.core.JdbcTemplate - Executing prepared SQL statement [UPDATE public."TsUser" SET "FName" = ?, "FMobile" = ?, "FDepartmentId" = ?, "U_EmployeeCore" = ?, "FSeatId" = ? WHERE "FLoginName" = ?]
2025-12-24 11:35:12 - o.s.jdbc.core.JdbcTemplate - Executing prepared SQL update
2025-12-24 11:35:12 - o.s.jdbc.core.JdbcTemplate - Executing prepared SQL statement [UPDATE public."TsAccount" SET "FName" = ?, "FMobile" = ? WHERE "FLoginName" = ?]
2025-12-24 11:35:12 - c.c.h.service.HRDataProcessService - 更新員工: 高娸瑄 (BK069)
2025-12-24 11:35:12 - c.c.h.service.HRDataProcessService - 處理員工: 呂怡君 (BL010)
2025-12-24 11:35:12 - o.s.jdbc.core.JdbcTemplate - Executing prepared SQL query
2025-12-24 11:35:12 - o.s.jdbc.core.JdbcTemplate - Executing prepared SQL statement [SELECT COUNT(*) FROM public."TsAccount" WHERE "FLoginName" = ?]
2025-12-24 11:35:12 - o.s.jdbc.core.JdbcTemplate - Executing prepared SQL query
2025-12-24 11:35:12 - o.s.jdbc.core.JdbcTemplate - Executing prepared SQL statement [SELECT "id" FROM public."CUS_HRImport_Department" WHERE "full_name" = ?]
2025-12-24 11:35:12 - o.s.jdbc.core.JdbcTemplate - Executing prepared SQL query
2025-12-24 11:35:12 - o.s.jdbc.core.JdbcTemplate - Executing prepared SQL statement [SELECT "tree_level" FROM public."CUS_HRImport_Department" WHERE "id" = ?]
2025-12-24 11:35:12 - o.s.jdbc.core.JdbcTemplate - Executing prepared SQL update
2025-12-24 11:35:12 - o.s.jdbc.core.JdbcTemplate - Executing prepared SQL statement [UPDATE public."TsUser" SET "FName" = ?, "FMobile" = ?, "FDepartmentId" = ?, "U_EmployeeCore" = ?, "FSeatId" = ? WHERE "FLoginName" = ?]
2025-12-24 11:35:12 - o.s.jdbc.core.JdbcTemplate - Executing prepared SQL update
2025-12-24 11:35:12 - o.s.jdbc.core.JdbcTemplate - Executing prepared SQL statement [UPDATE public."TsAccount" SET "FName" = ?, "FMobile" = ? WHERE "FLoginName" = ?]
2025-12-24 11:35:12 - c.c.h.service.HRDataProcessService - 更新員工: 呂怡君 (BL010)
2025-12-24 11:35:12 - c.c.h.service.HRDataProcessService - 處理員工: 范怡雯 (CC054)
2025-12-24 11:35:12 - o.s.jdbc.core.JdbcTemplate - Executing prepared SQL query
2025-12-24 11:35:12 - o.s.jdbc.core.JdbcTemplate - Executing prepared SQL statement [SELECT COUNT(*) FROM public."TsAccount" WHERE "FLoginName" = ?]
2025-12-24 11:35:12 - o.s.jdbc.core.JdbcTemplate - Executing prepared SQL query
2025-12-24 11:35:12 - o.s.jdbc.core.JdbcTemplate - Executing prepared SQL statement [SELECT "id" FROM public."CUS_HRImport_Department" WHERE "full_name" = ?]
2025-12-24 11:35:12 - o.s.jdbc.core.JdbcTemplate - Executing prepared SQL query
2025-12-24 11:35:12 - o.s.jdbc.core.JdbcTemplate - Executing prepared SQL statement [SELECT "tree_level" FROM public."CUS_HRImport_Department" WHERE "id" = ?]
2025-12-24 11:35:12 - o.s.jdbc.core.JdbcTemplate - Executing prepared SQL update
2025-12-24 11:35:12 - o.s.jdbc.core.JdbcTemplate - Executing prepared SQL statement [UPDATE public."TsUser" SET "FName" = ?, "FMobile" = ?, "FDepartmentId" = ?, "U_EmployeeCore" = ?, "FSeatId" = ? WHERE "FLoginName" = ?]
2025-12-24 11:35:12 - o.s.jdbc.core.JdbcTemplate - Executing prepared SQL update
2025-12-24 11:35:12 - o.s.jdbc.core.JdbcTemplate - Executing prepared SQL statement [UPDATE public."TsAccount" SET "FName" = ?, "FMobile" = ? WHERE "FLoginName" = ?]
2025-12-24 11:35:12 - c.c.h.service.HRDataProcessService - 更新員工: 范怡雯 (CC054)
2025-12-24 11:35:12 - c.c.h.service.HRDataProcessService - 處理員工: 李聖芬 (CC077)
2025-12-24 11:35:12 - o.s.jdbc.core.JdbcTemplate - Executing prepared SQL query
2025-12-24 11:35:12 - o.s.jdbc.core.JdbcTemplate - Executing prepared SQL statement [SELECT COUNT(*) FROM public."TsAccount" WHERE "FLoginName" = ?]
2025-12-24 11:35:12 - o.s.jdbc.core.JdbcTemplate - Executing prepared SQL query
2025-12-24 11:35:12 - o.s.jdbc.core.JdbcTemplate - Executing prepared SQL statement [SELECT "id" FROM public."CUS_HRImport_Department" WHERE "full_name" = ?]
2025-12-24 11:35:12 - o.s.jdbc.core.JdbcTemplate - Executing prepared SQL query
2025-12-24 11:35:12 - o.s.jdbc.core.JdbcTemplate - Executing prepared SQL statement [SELECT "tree_level" FROM public."CUS_HRImport_Department" WHERE "id" = ?]
2025-12-24 11:35:12 - o.s.jdbc.core.JdbcTemplate - Executing prepared SQL update
2025-12-24 11:35:12 - o.s.jdbc.core.JdbcTemplate - Executing prepared SQL statement [UPDATE public."TsUser" SET "FName" = ?, "FMobile" = ?, "FDepartmentId" = ?, "U_EmployeeCore" = ?, "FSeatId" = ? WHERE "FLoginName" = ?]
2025-12-24 11:35:12 - o.s.jdbc.core.JdbcTemplate - Executing prepared SQL update
2025-12-24 11:35:12 - o.s.jdbc.core.JdbcTemplate - Executing prepared SQL statement [UPDATE public."TsAccount" SET "FName" = ?, "FMobile" = ? WHERE "FLoginName" = ?]
2025-12-24 11:35:12 - c.c.h.service.HRDataProcessService - 更新員工: 李聖芬 (CC077)
2025-12-24 11:35:12 - c.c.h.service.HRDataProcessService - 處理員工: 張斐琇 (CD089)
2025-12-24 11:35:12 - o.s.jdbc.core.JdbcTemplate - Executing prepared SQL query
2025-12-24 11:35:12 - o.s.jdbc.core.JdbcTemplate - Executing prepared SQL statement [SELECT COUNT(*) FROM public."TsAccount" WHERE "FLoginName" = ?]
2025-12-24 11:35:12 - o.s.jdbc.core.JdbcTemplate - Executing prepared SQL query
2025-12-24 11:35:12 - o.s.jdbc.core.JdbcTemplate - Executing prepared SQL statement [SELECT "id" FROM public."CUS_HRImport_Department" WHERE "full_name" = ?]
2025-12-24 11:35:12 - o.s.jdbc.core.JdbcTemplate - Executing prepared SQL query
2025-12-24 11:35:12 - o.s.jdbc.core.JdbcTemplate - Executing prepared SQL statement [SELECT "tree_level" FROM public."CUS_HRImport_Department" WHERE "id" = ?]
2025-12-24 11:35:12 - o.s.jdbc.core.JdbcTemplate - Executing prepared SQL update
2025-12-24 11:35:12 - o.s.jdbc.core.JdbcTemplate - Executing prepared SQL statement [UPDATE public."TsUser" SET "FName" = ?, "FMobile" = ?, "FDepartmentId" = ?, "U_EmployeeCore" = ?, "FSeatId" = ? WHERE "FLoginName" = ?]
2025-12-24 11:35:12 - o.s.jdbc.core.JdbcTemplate - Executing prepared SQL update
2025-12-24 11:35:12 - o.s.jdbc.core.JdbcTemplate - Executing prepared SQL statement [UPDATE public."TsAccount" SET "FName" = ?, "FMobile" = ? WHERE "FLoginName" = ?]
2025-12-24 11:35:12 - c.c.h.service.HRDataProcessService - 更新員工: 張斐琇 (CD089)
2025-12-24 11:35:12 - c.c.h.service.HRDataProcessService - 處理員工: 劉宛榛 (BL052)
2025-12-24 11:35:12 - o.s.jdbc.core.JdbcTemplate - Executing prepared SQL query
2025-12-24 11:35:12 - o.s.jdbc.core.JdbcTemplate - Executing prepared SQL statement [SELECT COUNT(*) FROM public."TsAccount" WHERE "FLoginName" = ?]
2025-12-24 11:35:12 - o.s.jdbc.core.JdbcTemplate - Executing prepared SQL query
2025-12-24 11:35:12 - o.s.jdbc.core.JdbcTemplate - Executing prepared SQL statement [SELECT "id" FROM public."CUS_HRImport_Department" WHERE "full_name" = ?]
2025-12-24 11:35:12 - o.s.jdbc.core.JdbcTemplate - Executing prepared SQL query
2025-12-24 11:35:12 - o.s.jdbc.core.JdbcTemplate - Executing prepared SQL statement [SELECT "tree_level" FROM public."CUS_HRImport_Department" WHERE "id" = ?]
2025-12-24 11:35:12 - o.s.jdbc.core.JdbcTemplate - Executing prepared SQL update
2025-12-24 11:35:12 - o.s.jdbc.core.JdbcTemplate - Executing prepared SQL statement [UPDATE public."TsUser" SET "FName" = ?, "FMobile" = ?, "FDepartmentId" = ?, "U_EmployeeCore" = ?, "FSeatId" = ? WHERE "FLoginName" = ?]
2025-12-24 11:35:12 - o.s.jdbc.core.JdbcTemplate - Executing prepared SQL update
2025-12-24 11:35:12 - o.s.jdbc.core.JdbcTemplate - Executing prepared SQL statement [UPDATE public."TsAccount" SET "FName" = ?, "FMobile" = ? WHERE "FLoginName" = ?]
2025-12-24 11:35:12 - c.c.h.service.HRDataProcessService - 更新員工: 劉宛榛 (BL052)
2025-12-24 11:35:12 - c.c.h.service.HRDataProcessService - 處理員工: 曹郁絃 (CF052)
2025-12-24 11:35:12 - o.s.jdbc.core.JdbcTemplate - Executing prepared SQL query
2025-12-24 11:35:12 - o.s.jdbc.core.JdbcTemplate - Executing prepared SQL statement [SELECT COUNT(*) FROM public."TsAccount" WHERE "FLoginName" = ?]
2025-12-24 11:35:12 - o.s.jdbc.core.JdbcTemplate - Executing prepared SQL query
2025-12-24 11:35:12 - o.s.jdbc.core.JdbcTemplate - Executing prepared SQL statement [SELECT "id" FROM public."CUS_HRImport_Department" WHERE "full_name" = ?]
2025-12-24 11:35:12 - o.s.jdbc.core.JdbcTemplate - Executing prepared SQL query
2025-12-24 11:35:12 - o.s.jdbc.core.JdbcTemplate - Executing prepared SQL statement [SELECT "tree_level" FROM public."CUS_HRImport_Department" WHERE "id" = ?]
2025-12-24 11:35:12 - o.s.jdbc.core.JdbcTemplate - Executing prepared SQL update
2025-12-24 11:35:12 - o.s.jdbc.core.JdbcTemplate - Executing prepared SQL statement [UPDATE public."TsUser" SET "FName" = ?, "FMobile" = ?, "FDepartmentId" = ?, "U_EmployeeCore" = ?, "FSeatId" = ? WHERE "FLoginName" = ?]
2025-12-24 11:35:12 - o.s.jdbc.core.JdbcTemplate - Executing prepared SQL update
2025-12-24 11:35:12 - o.s.jdbc.core.JdbcTemplate - Executing prepared SQL statement [UPDATE public."TsAccount" SET "FName" = ?, "FMobile" = ? WHERE "FLoginName" = ?]
2025-12-24 11:35:12 - c.c.h.service.HRDataProcessService - 更新員工: 曹郁絃 (CF052)
2025-12-24 11:35:12 - c.c.h.service.HRDataProcessService - 處理員工: 范宇祺 (CF062)
2025-12-24 11:35:12 - o.s.jdbc.core.JdbcTemplate - Executing prepared SQL query
2025-12-24 11:35:12 - o.s.jdbc.core.JdbcTemplate - Executing prepared SQL statement [SELECT COUNT(*) FROM public."TsAccount" WHERE "FLoginName" = ?]
2025-12-24 11:35:12 - o.s.jdbc.core.JdbcTemplate - Executing prepared SQL query
2025-12-24 11:35:12 - o.s.jdbc.core.JdbcTemplate - Executing prepared SQL statement [SELECT "id" FROM public."CUS_HRImport_Department" WHERE "full_name" = ?]
2025-12-24 11:35:12 - o.s.jdbc.core.JdbcTemplate - Executing prepared SQL query
2025-12-24 11:35:12 - o.s.jdbc.core.JdbcTemplate - Executing prepared SQL statement [SELECT "tree_level" FROM public."CUS_HRImport_Department" WHERE "id" = ?]
2025-12-24 11:35:12 - o.s.jdbc.core.JdbcTemplate - Executing prepared SQL update
2025-12-24 11:35:12 - o.s.jdbc.core.JdbcTemplate - Executing prepared SQL statement [UPDATE public."TsUser" SET "FName" = ?, "FMobile" = ?, "FDepartmentId" = ?, "U_EmployeeCore" = ?, "FSeatId" = ? WHERE "FLoginName" = ?]
2025-12-24 11:35:12 - o.s.jdbc.core.JdbcTemplate - Executing prepared SQL update
2025-12-24 11:35:12 - o.s.jdbc.core.JdbcTemplate - Executing prepared SQL statement [UPDATE public."TsAccount" SET "FName" = ?, "FMobile" = ? WHERE "FLoginName" = ?]
2025-12-24 11:35:12 - c.c.h.service.HRDataProcessService - 更新員工: 范宇祺 (CF062)
2025-12-24 11:35:12 - c.c.h.service.HRDataProcessService - 處理員工: 詹閔婷 (CE093)
2025-12-24 11:35:12 - o.s.jdbc.core.JdbcTemplate - Executing prepared SQL query
2025-12-24 11:35:12 - o.s.jdbc.core.JdbcTemplate - Executing prepared SQL statement [SELECT COUNT(*) FROM public."TsAccount" WHERE "FLoginName" = ?]
2025-12-24 11:35:12 - o.s.jdbc.core.JdbcTemplate - Executing prepared SQL query
2025-12-24 11:35:12 - o.s.jdbc.core.JdbcTemplate - Executing prepared SQL statement [SELECT "id" FROM public."CUS_HRImport_Department" WHERE "full_name" = ?]
2025-12-24 11:35:12 - o.s.jdbc.core.JdbcTemplate - Executing prepared SQL query
2025-12-24 11:35:12 - o.s.jdbc.core.JdbcTemplate - Executing prepared SQL statement [SELECT "tree_level" FROM public."CUS_HRImport_Department" WHERE "id" = ?]
2025-12-24 11:35:12 - o.s.jdbc.core.JdbcTemplate - Executing prepared SQL update
2025-12-24 11:35:12 - o.s.jdbc.core.JdbcTemplate - Executing prepared SQL statement [UPDATE public."TsUser" SET "FName" = ?, "FMobile" = ?, "FDepartmentId" = ?, "U_EmployeeCore" = ?, "FSeatId" = ? WHERE "FLoginName" = ?]
2025-12-24 11:35:12 - o.s.jdbc.core.JdbcTemplate - Executing prepared SQL update
2025-12-24 11:35:12 - o.s.jdbc.core.JdbcTemplate - Executing prepared SQL statement [UPDATE public."TsAccount" SET "FName" = ?, "FMobile" = ? WHERE "FLoginName" = ?]
2025-12-24 11:35:12 - c.c.h.service.HRDataProcessService - 更新員工: 詹閔婷 (CE093)
2025-12-24 11:35:12 - c.c.h.service.HRDataProcessService - 處理員工: 湯傑閔 (CF005)
2025-12-24 11:35:12 - o.s.jdbc.core.JdbcTemplate - Executing prepared SQL query
2025-12-24 11:35:12 - o.s.jdbc.core.JdbcTemplate - Executing prepared SQL statement [SELECT COUNT(*) FROM public."TsAccount" WHERE "FLoginName" = ?]
2025-12-24 11:35:12 - o.s.jdbc.core.JdbcTemplate - Executing prepared SQL query
2025-12-24 11:35:12 - o.s.jdbc.core.JdbcTemplate - Executing prepared SQL statement [SELECT "id" FROM public."CUS_HRImport_Department" WHERE "full_name" = ?]
2025-12-24 11:35:12 - o.s.jdbc.core.JdbcTemplate - Executing prepared SQL query
2025-12-24 11:35:12 - o.s.jdbc.core.JdbcTemplate - Executing prepared SQL statement [SELECT "tree_level" FROM public."CUS_HRImport_Department" WHERE "id" = ?]
2025-12-24 11:35:12 - o.s.jdbc.core.JdbcTemplate - Executing prepared SQL update
2025-12-24 11:35:12 - o.s.jdbc.core.JdbcTemplate - Executing prepared SQL statement [UPDATE public."TsUser" SET "FName" = ?, "FMobile" = ?, "FDepartmentId" = ?, "U_EmployeeCore" = ?, "FSeatId" = ? WHERE "FLoginName" = ?]
2025-12-24 11:35:12 - o.s.jdbc.core.JdbcTemplate - Executing prepared SQL update
2025-12-24 11:35:12 - o.s.jdbc.core.JdbcTemplate - Executing prepared SQL statement [UPDATE public."TsAccount" SET "FName" = ?, "FMobile" = ? WHERE "FLoginName" = ?]
2025-12-24 11:35:12 - c.c.h.service.HRDataProcessService - 更新員工: 湯傑閔 (CF005)
2025-12-24 11:35:12 - c.c.h.service.HRDataProcessService - 處理員工: 王婉馨 (CE048)
2025-12-24 11:35:12 - o.s.jdbc.core.JdbcTemplate - Executing prepared SQL query
2025-12-24 11:35:12 - o.s.jdbc.core.JdbcTemplate - Executing prepared SQL statement [SELECT COUNT(*) FROM public."TsAccount" WHERE "FLoginName" = ?]
2025-12-24 11:35:12 - o.s.jdbc.core.JdbcTemplate - Executing prepared SQL query
2025-12-24 11:35:12 - o.s.jdbc.core.JdbcTemplate - Executing prepared SQL statement [SELECT "id" FROM public."CUS_HRImport_Department" WHERE "full_name" = ?]
2025-12-24 11:35:12 - o.s.jdbc.core.JdbcTemplate - Executing prepared SQL query
2025-12-24 11:35:12 - o.s.jdbc.core.JdbcTemplate - Executing prepared SQL statement [SELECT "tree_level" FROM public."CUS_HRImport_Department" WHERE "id" = ?]
2025-12-24 11:35:12 - o.s.jdbc.core.JdbcTemplate - Executing prepared SQL update
2025-12-24 11:35:12 - o.s.jdbc.core.JdbcTemplate - Executing prepared SQL statement [UPDATE public."TsUser" SET "FName" = ?, "FMobile" = ?, "FDepartmentId" = ?, "U_EmployeeCore" = ?, "FSeatId" = ? WHERE "FLoginName" = ?]
2025-12-24 11:35:12 - o.s.jdbc.core.JdbcTemplate - Executing prepared SQL update
2025-12-24 11:35:12 - o.s.jdbc.core.JdbcTemplate - Executing prepared SQL statement [UPDATE public."TsAccount" SET "FName" = ?, "FMobile" = ? WHERE "FLoginName" = ?]
2025-12-24 11:35:12 - c.c.h.service.HRDataProcessService - 更新員工: 王婉馨 (CE048)
2025-12-24 11:35:12 - c.c.h.service.HRDataProcessService - 處理員工: 曾琬惇 (BL054)
2025-12-24 11:35:12 - o.s.jdbc.core.JdbcTemplate - Executing prepared SQL query
2025-12-24 11:35:12 - o.s.jdbc.core.JdbcTemplate - Executing prepared SQL statement [SELECT COUNT(*) FROM public."TsAccount" WHERE "FLoginName" = ?]
2025-12-24 11:35:12 - o.s.jdbc.core.JdbcTemplate - Executing prepared SQL query
2025-12-24 11:35:12 - o.s.jdbc.core.JdbcTemplate - Executing prepared SQL statement [SELECT "id" FROM public."CUS_HRImport_Department" WHERE "full_name" = ?]
2025-12-24 11:35:12 - o.s.jdbc.core.JdbcTemplate - Executing prepared SQL query
2025-12-24 11:35:12 - o.s.jdbc.core.JdbcTemplate - Executing prepared SQL statement [SELECT "tree_level" FROM public."CUS_HRImport_Department" WHERE "id" = ?]
2025-12-24 11:35:12 - o.s.jdbc.core.JdbcTemplate - Executing prepared SQL update
2025-12-24 11:35:12 - o.s.jdbc.core.JdbcTemplate - Executing prepared SQL statement [UPDATE public."TsUser" SET "FName" = ?, "FMobile" = ?, "FDepartmentId" = ?, "U_EmployeeCore" = ?, "FSeatId" = ? WHERE "FLoginName" = ?]
2025-12-24 11:35:12 - o.s.jdbc.core.JdbcTemplate - Executing prepared SQL update
2025-12-24 11:35:12 - o.s.jdbc.core.JdbcTemplate - Executing prepared SQL statement [UPDATE public."TsAccount" SET "FName" = ?, "FMobile" = ? WHERE "FLoginName" = ?]
2025-12-24 11:35:12 - c.c.h.service.HRDataProcessService - 更新員工: 曾琬惇 (BL054)
2025-12-24 11:35:12 - c.c.h.service.HRDataProcessService - 處理員工: 陳乙萱 (CD047)
2025-12-24 11:35:12 - o.s.jdbc.core.JdbcTemplate - Executing prepared SQL query
2025-12-24 11:35:12 - o.s.jdbc.core.JdbcTemplate - Executing prepared SQL statement [SELECT COUNT(*) FROM public."TsAccount" WHERE "FLoginName" = ?]
2025-12-24 11:35:12 - o.s.jdbc.core.JdbcTemplate - Executing prepared SQL query
2025-12-24 11:35:12 - o.s.jdbc.core.JdbcTemplate - Executing prepared SQL statement [SELECT "id" FROM public."CUS_HRImport_Department" WHERE "full_name" = ?]
2025-12-24 11:35:12 - o.s.jdbc.core.JdbcTemplate - Executing prepared SQL query
2025-12-24 11:35:12 - o.s.jdbc.core.JdbcTemplate - Executing prepared SQL statement [SELECT "tree_level" FROM public."CUS_HRImport_Department" WHERE "id" = ?]
2025-12-24 11:35:12 - o.s.jdbc.core.JdbcTemplate - Executing prepared SQL update
2025-12-24 11:35:12 - o.s.jdbc.core.JdbcTemplate - Executing prepared SQL statement [UPDATE public."TsUser" SET "FName" = ?, "FMobile" = ?, "FDepartmentId" = ?, "U_EmployeeCore" = ?, "FSeatId" = ? WHERE "FLoginName" = ?]
2025-12-24 11:35:12 - o.s.jdbc.core.JdbcTemplate - Executing prepared SQL update
2025-12-24 11:35:12 - o.s.jdbc.core.JdbcTemplate - Executing prepared SQL statement [UPDATE public."TsAccount" SET "FName" = ?, "FMobile" = ? WHERE "FLoginName" = ?]
2025-12-24 11:35:12 - c.c.h.service.HRDataProcessService - 更新員工: 陳乙萱 (CD047)
2025-12-24 11:35:12 - c.c.h.service.HRDataProcessService - 處理員工: 王淑美 (BI020)
2025-12-24 11:35:12 - o.s.jdbc.core.JdbcTemplate - Executing prepared SQL query
2025-12-24 11:35:12 - o.s.jdbc.core.JdbcTemplate - Executing prepared SQL statement [SELECT COUNT(*) FROM public."TsAccount" WHERE "FLoginName" = ?]
2025-12-24 11:35:12 - o.s.jdbc.core.JdbcTemplate - Executing prepared SQL query
2025-12-24 11:35:12 - o.s.jdbc.core.JdbcTemplate - Executing prepared SQL statement [SELECT "id" FROM public."CUS_HRImport_Department" WHERE "full_name" = ?]
2025-12-24 11:35:12 - o.s.jdbc.core.JdbcTemplate - Executing prepared SQL query
2025-12-24 11:35:12 - o.s.jdbc.core.JdbcTemplate - Executing prepared SQL statement [SELECT "tree_level" FROM public."CUS_HRImport_Department" WHERE "id" = ?]
2025-12-24 11:35:12 - o.s.jdbc.core.JdbcTemplate - Executing prepared SQL update
2025-12-24 11:35:12 - o.s.jdbc.core.JdbcTemplate - Executing prepared SQL statement [UPDATE public."TsUser" SET "FName" = ?, "FMobile" = ?, "FDepartmentId" = ?, "U_EmployeeCore" = ?, "FSeatId" = ? WHERE "FLoginName" = ?]
2025-12-24 11:35:12 - o.s.jdbc.core.JdbcTemplate - Executing prepared SQL update
2025-12-24 11:35:12 - o.s.jdbc.core.JdbcTemplate - Executing prepared SQL statement [UPDATE public."TsAccount" SET "FName" = ?, "FMobile" = ? WHERE "FLoginName" = ?]
2025-12-24 11:35:12 - c.c.h.service.HRDataProcessService - 更新員工: 王淑美 (BI020)
2025-12-24 11:35:12 - c.c.h.service.HRDataProcessService - 處理員工: 王麗春 (BI047)
2025-12-24 11:35:12 - o.s.jdbc.core.JdbcTemplate - Executing prepared SQL query
2025-12-24 11:35:12 - o.s.jdbc.core.JdbcTemplate - Executing prepared SQL statement [SELECT COUNT(*) FROM public."TsAccount" WHERE "FLoginName" = ?]
2025-12-24 11:35:12 - o.s.jdbc.core.JdbcTemplate - Executing prepared SQL query
2025-12-24 11:35:12 - o.s.jdbc.core.JdbcTemplate - Executing prepared SQL statement [SELECT "id" FROM public."CUS_HRImport_Department" WHERE "full_name" = ?]
2025-12-24 11:35:12 - o.s.jdbc.core.JdbcTemplate - Executing prepared SQL query
2025-12-24 11:35:12 - o.s.jdbc.core.JdbcTemplate - Executing prepared SQL statement [SELECT "tree_level" FROM public."CUS_HRImport_Department" WHERE "id" = ?]
2025-12-24 11:35:12 - o.s.jdbc.core.JdbcTemplate - Executing prepared SQL update
2025-12-24 11:35:12 - o.s.jdbc.core.JdbcTemplate - Executing prepared SQL statement [UPDATE public."TsUser" SET "FName" = ?, "FMobile" = ?, "FDepartmentId" = ?, "U_EmployeeCore" = ?, "FSeatId" = ? WHERE "FLoginName" = ?]
2025-12-24 11:35:12 - o.s.jdbc.core.JdbcTemplate - Executing prepared SQL update
2025-12-24 11:35:12 - o.s.jdbc.core.JdbcTemplate - Executing prepared SQL statement [UPDATE public."TsAccount" SET "FName" = ?, "FMobile" = ? WHERE "FLoginName" = ?]
2025-12-24 11:35:12 - c.c.h.service.HRDataProcessService - 更新員工: 王麗春 (BI047)
2025-12-24 11:35:12 - c.c.h.service.HRDataProcessService - 處理員工: 王翠芬 (AG025)
2025-12-24 11:35:12 - o.s.jdbc.core.JdbcTemplate - Executing prepared SQL query
2025-12-24 11:35:12 - o.s.jdbc.core.JdbcTemplate - Executing prepared SQL statement [SELECT COUNT(*) FROM public."TsAccount" WHERE "FLoginName" = ?]
2025-12-24 11:35:12 - o.s.jdbc.core.JdbcTemplate - Executing prepared SQL query
2025-12-24 11:35:12 - o.s.jdbc.core.JdbcTemplate - Executing prepared SQL statement [SELECT "id" FROM public."CUS_HRImport_Department" WHERE "full_name" = ?]
2025-12-24 11:35:12 - o.s.jdbc.core.JdbcTemplate - Executing prepared SQL query
2025-12-24 11:35:12 - o.s.jdbc.core.JdbcTemplate - Executing prepared SQL statement [SELECT "tree_level" FROM public."CUS_HRImport_Department" WHERE "id" = ?]
2025-12-24 11:35:12 - o.s.jdbc.core.JdbcTemplate - Executing prepared SQL update
2025-12-24 11:35:12 - o.s.jdbc.core.JdbcTemplate - Executing prepared SQL statement [UPDATE public."TsUser" SET "FName" = ?, "FMobile" = ?, "FDepartmentId" = ?, "U_EmployeeCore" = ?, "FSeatId" = ? WHERE "FLoginName" = ?]
2025-12-24 11:35:12 - o.s.jdbc.core.JdbcTemplate - Executing prepared SQL update
2025-12-24 11:35:12 - o.s.jdbc.core.JdbcTemplate - Executing prepared SQL statement [UPDATE public."TsAccount" SET "FName" = ?, "FMobile" = ? WHERE "FLoginName" = ?]
2025-12-24 11:35:12 - c.c.h.service.HRDataProcessService - 更新員工: 王翠芬 (AG025)
2025-12-24 11:35:12 - c.c.h.service.HRDataProcessService - 處理員工: 陳雅君 (BA001)
2025-12-24 11:35:12 - o.s.jdbc.core.JdbcTemplate - Executing prepared SQL query
2025-12-24 11:35:12 - o.s.jdbc.core.JdbcTemplate - Executing prepared SQL statement [SELECT COUNT(*) FROM public."TsAccount" WHERE "FLoginName" = ?]
2025-12-24 11:35:12 - o.s.jdbc.core.JdbcTemplate - Executing prepared SQL query
2025-12-24 11:35:12 - o.s.jdbc.core.JdbcTemplate - Executing prepared SQL statement [SELECT "id" FROM public."CUS_HRImport_Department" WHERE "full_name" = ?]
2025-12-24 11:35:12 - o.s.jdbc.core.JdbcTemplate - Executing prepared SQL query
2025-12-24 11:35:12 - o.s.jdbc.core.JdbcTemplate - Executing prepared SQL statement [SELECT "tree_level" FROM public."CUS_HRImport_Department" WHERE "id" = ?]
2025-12-24 11:35:12 - o.s.jdbc.core.JdbcTemplate - Executing prepared SQL update
2025-12-24 11:35:12 - o.s.jdbc.core.JdbcTemplate - Executing prepared SQL statement [UPDATE public."TsUser" SET "FName" = ?, "FMobile" = ?, "FDepartmentId" = ?, "U_EmployeeCore" = ?, "FSeatId" = ? WHERE "FLoginName" = ?]
2025-12-24 11:35:12 - o.s.jdbc.core.JdbcTemplate - Executing prepared SQL update
2025-12-24 11:35:12 - o.s.jdbc.core.JdbcTemplate - Executing prepared SQL statement [UPDATE public."TsAccount" SET "FName" = ?, "FMobile" = ? WHERE "FLoginName" = ?]
2025-12-24 11:35:12 - c.c.h.service.HRDataProcessService - 更新員工: 陳雅君 (BA001)
2025-12-24 11:35:12 - c.c.h.service.HRDataProcessService - 處理員工: 李珈汶 (BH087)
2025-12-24 11:35:12 - o.s.jdbc.core.JdbcTemplate - Executing prepared SQL query
2025-12-24 11:35:12 - o.s.jdbc.core.JdbcTemplate - Executing prepared SQL statement [SELECT COUNT(*) FROM public."TsAccount" WHERE "FLoginName" = ?]
2025-12-24 11:35:12 - o.s.jdbc.core.JdbcTemplate - Executing prepared SQL query
2025-12-24 11:35:12 - o.s.jdbc.core.JdbcTemplate - Executing prepared SQL statement [SELECT "id" FROM public."CUS_HRImport_Department" WHERE "full_name" = ?]
2025-12-24 11:35:12 - o.s.jdbc.core.JdbcTemplate - Executing prepared SQL query
2025-12-24 11:35:12 - o.s.jdbc.core.JdbcTemplate - Executing prepared SQL statement [SELECT "tree_level" FROM public."CUS_HRImport_Department" WHERE "id" = ?]
2025-12-24 11:35:12 - o.s.jdbc.core.JdbcTemplate - Executing prepared SQL update
2025-12-24 11:35:12 - o.s.jdbc.core.JdbcTemplate - Executing prepared SQL statement [UPDATE public."TsUser" SET "FName" = ?, "FMobile" = ?, "FDepartmentId" = ?, "U_EmployeeCore" = ?, "FSeatId" = ? WHERE "FLoginName" = ?]
2025-12-24 11:35:12 - o.s.jdbc.core.JdbcTemplate - Executing prepared SQL update
2025-12-24 11:35:12 - o.s.jdbc.core.JdbcTemplate - Executing prepared SQL statement [UPDATE public."TsAccount" SET "FName" = ?, "FMobile" = ? WHERE "FLoginName" = ?]
2025-12-24 11:35:12 - c.c.h.service.HRDataProcessService - 更新員工: 李珈汶 (BH087)
2025-12-24 11:35:12 - c.c.h.service.HRDataProcessService - 處理員工: 邱珮瑜 (BJ071)
2025-12-24 11:35:12 - o.s.jdbc.core.JdbcTemplate - Executing prepared SQL query
2025-12-24 11:35:12 - o.s.jdbc.core.JdbcTemplate - Executing prepared SQL statement [SELECT COUNT(*) FROM public."TsAccount" WHERE "FLoginName" = ?]
2025-12-24 11:35:12 - o.s.jdbc.core.JdbcTemplate - Executing prepared SQL query
2025-12-24 11:35:12 - o.s.jdbc.core.JdbcTemplate - Executing prepared SQL statement [SELECT "id" FROM public."CUS_HRImport_Department" WHERE "full_name" = ?]
2025-12-24 11:35:12 - o.s.jdbc.core.JdbcTemplate - Executing prepared SQL query
2025-12-24 11:35:12 - o.s.jdbc.core.JdbcTemplate - Executing prepared SQL statement [SELECT "tree_level" FROM public."CUS_HRImport_Department" WHERE "id" = ?]
2025-12-24 11:35:12 - o.s.jdbc.core.JdbcTemplate - Executing prepared SQL update
2025-12-24 11:35:12 - o.s.jdbc.core.JdbcTemplate - Executing prepared SQL statement [UPDATE public."TsUser" SET "FName" = ?, "FMobile" = ?, "FDepartmentId" = ?, "U_EmployeeCore" = ?, "FSeatId" = ? WHERE "FLoginName" = ?]
2025-12-24 11:35:12 - o.s.jdbc.core.JdbcTemplate - Executing prepared SQL update
2025-12-24 11:35:12 - o.s.jdbc.core.JdbcTemplate - Executing prepared SQL statement [UPDATE public."TsAccount" SET "FName" = ?, "FMobile" = ? WHERE "FLoginName" = ?]
2025-12-24 11:35:12 - c.c.h.service.HRDataProcessService - 更新員工: 邱珮瑜 (BJ071)
2025-12-24 11:35:12 - c.c.h.service.HRDataProcessService - 處理員工: 蔡惠如 (BC057)
2025-12-24 11:35:12 - o.s.jdbc.core.JdbcTemplate - Executing prepared SQL query
2025-12-24 11:35:12 - o.s.jdbc.core.JdbcTemplate - Executing prepared SQL statement [SELECT COUNT(*) FROM public."TsAccount" WHERE "FLoginName" = ?]
2025-12-24 11:35:12 - o.s.jdbc.core.JdbcTemplate - Executing prepared SQL query
2025-12-24 11:35:12 - o.s.jdbc.core.JdbcTemplate - Executing prepared SQL statement [SELECT "id" FROM public."CUS_HRImport_Department" WHERE "full_name" = ?]
2025-12-24 11:35:12 - o.s.jdbc.core.JdbcTemplate - Executing prepared SQL query
2025-12-24 11:35:12 - o.s.jdbc.core.JdbcTemplate - Executing prepared SQL statement [SELECT "tree_level" FROM public."CUS_HRImport_Department" WHERE "id" = ?]
2025-12-24 11:35:12 - o.s.jdbc.core.JdbcTemplate - Executing prepared SQL update
2025-12-24 11:35:12 - o.s.jdbc.core.JdbcTemplate - Executing prepared SQL statement [UPDATE public."TsUser" SET "FName" = ?, "FMobile" = ?, "FDepartmentId" = ?, "U_EmployeeCore" = ?, "FSeatId" = ? WHERE "FLoginName" = ?]
2025-12-24 11:35:12 - o.s.jdbc.core.JdbcTemplate - Executing prepared SQL update
2025-12-24 11:35:12 - o.s.jdbc.core.JdbcTemplate - Executing prepared SQL statement [UPDATE public."TsAccount" SET "FName" = ?, "FMobile" = ? WHERE "FLoginName" = ?]
2025-12-24 11:35:12 - c.c.h.service.HRDataProcessService - 更新員工: 蔡惠如 (BC057)
2025-12-24 11:35:12 - c.c.h.service.HRDataProcessService - 處理員工: 潘嘉宗 (BD022)
2025-12-24 11:35:12 - o.s.jdbc.core.JdbcTemplate - Executing prepared SQL query
2025-12-24 11:35:12 - o.s.jdbc.core.JdbcTemplate - Executing prepared SQL statement [SELECT COUNT(*) FROM public."TsAccount" WHERE "FLoginName" = ?]
2025-12-24 11:35:12 - o.s.jdbc.core.JdbcTemplate - Executing prepared SQL query
2025-12-24 11:35:12 - o.s.jdbc.core.JdbcTemplate - Executing prepared SQL statement [SELECT "id" FROM public."CUS_HRImport_Department" WHERE "full_name" = ?]
2025-12-24 11:35:12 - o.s.jdbc.core.JdbcTemplate - Executing prepared SQL query
2025-12-24 11:35:12 - o.s.jdbc.core.JdbcTemplate - Executing prepared SQL statement [SELECT "tree_level" FROM public."CUS_HRImport_Department" WHERE "id" = ?]
2025-12-24 11:35:12 - o.s.jdbc.core.JdbcTemplate - Executing prepared SQL update
2025-12-24 11:35:12 - o.s.jdbc.core.JdbcTemplate - Executing prepared SQL statement [UPDATE public."TsUser" SET "FName" = ?, "FMobile" = ?, "FDepartmentId" = ?, "U_EmployeeCore" = ?, "FSeatId" = ? WHERE "FLoginName" = ?]
2025-12-24 11:35:12 - o.s.jdbc.core.JdbcTemplate - Executing prepared SQL update
2025-12-24 11:35:12 - o.s.jdbc.core.JdbcTemplate - Executing prepared SQL statement [UPDATE public."TsAccount" SET "FName" = ?, "FMobile" = ? WHERE "FLoginName" = ?]
2025-12-24 11:35:12 - c.c.h.service.HRDataProcessService - 更新員工: 潘嘉宗 (BD022)
2025-12-24 11:35:12 - c.c.h.service.HRDataProcessService - 處理員工: 連郁嫣 (CF028)
2025-12-24 11:35:12 - o.s.jdbc.core.JdbcTemplate - Executing prepared SQL query
2025-12-24 11:35:12 - o.s.jdbc.core.JdbcTemplate - Executing prepared SQL statement [SELECT COUNT(*) FROM public."TsAccount" WHERE "FLoginName" = ?]
2025-12-24 11:35:12 - o.s.jdbc.core.JdbcTemplate - Executing prepared SQL query
2025-12-24 11:35:12 - o.s.jdbc.core.JdbcTemplate - Executing prepared SQL statement [SELECT "id" FROM public."CUS_HRImport_Department" WHERE "full_name" = ?]
2025-12-24 11:35:12 - o.s.jdbc.core.JdbcTemplate - Executing prepared SQL query
2025-12-24 11:35:12 - o.s.jdbc.core.JdbcTemplate - Executing prepared SQL statement [SELECT "tree_level" FROM public."CUS_HRImport_Department" WHERE "id" = ?]
2025-12-24 11:35:12 - o.s.jdbc.core.JdbcTemplate - Executing prepared SQL update
2025-12-24 11:35:12 - o.s.jdbc.core.JdbcTemplate - Executing prepared SQL statement [UPDATE public."TsUser" SET "FName" = ?, "FMobile" = ?, "FDepartmentId" = ?, "U_EmployeeCore" = ?, "FSeatId" = ? WHERE "FLoginName" = ?]
2025-12-24 11:35:12 - o.s.jdbc.core.JdbcTemplate - Executing prepared SQL update
2025-12-24 11:35:12 - o.s.jdbc.core.JdbcTemplate - Executing prepared SQL statement [UPDATE public."TsAccount" SET "FName" = ?, "FMobile" = ? WHERE "FLoginName" = ?]
2025-12-24 11:35:13 - c.c.h.service.HRDataProcessService - 更新員工: 連郁嫣 (CF028)
2025-12-24 11:35:13 - c.c.h.service.HRDataProcessService - 處理員工: 林詩慈 (CD075)
2025-12-24 11:35:13 - o.s.jdbc.core.JdbcTemplate - Executing prepared SQL query
2025-12-24 11:35:13 - o.s.jdbc.core.JdbcTemplate - Executing prepared SQL statement [SELECT COUNT(*) FROM public."TsAccount" WHERE "FLoginName" = ?]
2025-12-24 11:35:13 - o.s.jdbc.core.JdbcTemplate - Executing prepared SQL query
2025-12-24 11:35:13 - o.s.jdbc.core.JdbcTemplate - Executing prepared SQL statement [SELECT "id" FROM public."CUS_HRImport_Department" WHERE "full_name" = ?]
2025-12-24 11:35:13 - o.s.jdbc.core.JdbcTemplate - Executing prepared SQL query
2025-12-24 11:35:13 - o.s.jdbc.core.JdbcTemplate - Executing prepared SQL statement [SELECT "tree_level" FROM public."CUS_HRImport_Department" WHERE "id" = ?]
2025-12-24 11:35:13 - o.s.jdbc.core.JdbcTemplate - Executing prepared SQL update
2025-12-24 11:35:13 - o.s.jdbc.core.JdbcTemplate - Executing prepared SQL statement [UPDATE public."TsUser" SET "FName" = ?, "FMobile" = ?, "FDepartmentId" = ?, "U_EmployeeCore" = ?, "FSeatId" = ? WHERE "FLoginName" = ?]
2025-12-24 11:35:13 - o.s.jdbc.core.JdbcTemplate - Executing prepared SQL update
2025-12-24 11:35:13 - o.s.jdbc.core.JdbcTemplate - Executing prepared SQL statement [UPDATE public."TsAccount" SET "FName" = ?, "FMobile" = ? WHERE "FLoginName" = ?]
2025-12-24 11:35:13 - c.c.h.service.HRDataProcessService - 更新員工: 林詩慈 (CD075)
2025-12-24 11:35:13 - c.c.h.service.HRDataProcessService - 處理員工: 林資淂 (ce099)
2025-12-24 11:35:13 - o.s.jdbc.core.JdbcTemplate - Executing prepared SQL query
2025-12-24 11:35:13 - o.s.jdbc.core.JdbcTemplate - Executing prepared SQL statement [SELECT COUNT(*) FROM public."TsAccount" WHERE "FLoginName" = ?]
2025-12-24 11:35:13 - o.s.jdbc.core.JdbcTemplate - Executing prepared SQL query
2025-12-24 11:35:13 - o.s.jdbc.core.JdbcTemplate - Executing prepared SQL statement [SELECT "id" FROM public."CUS_HRImport_Department" WHERE "full_name" = ?]
2025-12-24 11:35:13 - o.s.jdbc.core.JdbcTemplate - Executing prepared SQL query
2025-12-24 11:35:13 - o.s.jdbc.core.JdbcTemplate - Executing prepared SQL statement [SELECT "tree_level" FROM public."CUS_HRImport_Department" WHERE "id" = ?]
2025-12-24 11:35:13 - o.s.jdbc.core.JdbcTemplate - Executing prepared SQL update
2025-12-24 11:35:13 - o.s.jdbc.core.JdbcTemplate - Executing prepared SQL statement [UPDATE public."TsUser" SET "FName" = ?, "FMobile" = ?, "FDepartmentId" = ?, "U_EmployeeCore" = ?, "FSeatId" = ? WHERE "FLoginName" = ?]
2025-12-24 11:35:13 - o.s.jdbc.core.JdbcTemplate - Executing prepared SQL update
2025-12-24 11:35:13 - o.s.jdbc.core.JdbcTemplate - Executing prepared SQL statement [UPDATE public."TsAccount" SET "FName" = ?, "FMobile" = ? WHERE "FLoginName" = ?]
2025-12-24 11:35:13 - c.c.h.service.HRDataProcessService - 更新員工: 林資淂 (ce099)
2025-12-24 11:35:13 - c.c.h.service.HRDataProcessService - 處理員工: 蔡家妮 (CE101)
2025-12-24 11:35:13 - o.s.jdbc.core.JdbcTemplate - Executing prepared SQL query
2025-12-24 11:35:13 - o.s.jdbc.core.JdbcTemplate - Executing prepared SQL statement [SELECT COUNT(*) FROM public."TsAccount" WHERE "FLoginName" = ?]
2025-12-24 11:35:13 - o.s.jdbc.core.JdbcTemplate - Executing prepared SQL query
2025-12-24 11:35:13 - o.s.jdbc.core.JdbcTemplate - Executing prepared SQL statement [SELECT "id" FROM public."CUS_HRImport_Department" WHERE "full_name" = ?]
2025-12-24 11:35:13 - o.s.jdbc.core.JdbcTemplate - Executing prepared SQL query
2025-12-24 11:35:13 - o.s.jdbc.core.JdbcTemplate - Executing prepared SQL statement [SELECT "tree_level" FROM public."CUS_HRImport_Department" WHERE "id" = ?]
2025-12-24 11:35:13 - o.s.jdbc.core.JdbcTemplate - Executing prepared SQL update
2025-12-24 11:35:13 - o.s.jdbc.core.JdbcTemplate - Executing prepared SQL statement [UPDATE public."TsUser" SET "FName" = ?, "FMobile" = ?, "FDepartmentId" = ?, "U_EmployeeCore" = ?, "FSeatId" = ? WHERE "FLoginName" = ?]
2025-12-24 11:35:13 - o.s.jdbc.core.JdbcTemplate - Executing prepared SQL update
2025-12-24 11:35:13 - o.s.jdbc.core.JdbcTemplate - Executing prepared SQL statement [UPDATE public."TsAccount" SET "FName" = ?, "FMobile" = ? WHERE "FLoginName" = ?]
2025-12-24 11:35:13 - c.c.h.service.HRDataProcessService - 更新員工: 蔡家妮 (CE101)
2025-12-24 11:35:13 - c.c.h.service.HRDataProcessService - 處理員工: 謝沛蓉 (CE044)
2025-12-24 11:35:13 - o.s.jdbc.core.JdbcTemplate - Executing prepared SQL query
2025-12-24 11:35:13 - o.s.jdbc.core.JdbcTemplate - Executing prepared SQL statement [SELECT COUNT(*) FROM public."TsAccount" WHERE "FLoginName" = ?]
2025-12-24 11:35:13 - o.s.jdbc.core.JdbcTemplate - Executing prepared SQL query
2025-12-24 11:35:13 - o.s.jdbc.core.JdbcTemplate - Executing prepared SQL statement [SELECT "id" FROM public."CUS_HRImport_Department" WHERE "full_name" = ?]
2025-12-24 11:35:13 - o.s.jdbc.core.JdbcTemplate - Executing prepared SQL query
2025-12-24 11:35:13 - o.s.jdbc.core.JdbcTemplate - Executing prepared SQL statement [SELECT "tree_level" FROM public."CUS_HRImport_Department" WHERE "id" = ?]
2025-12-24 11:35:13 - o.s.jdbc.core.JdbcTemplate - Executing prepared SQL update
2025-12-24 11:35:13 - o.s.jdbc.core.JdbcTemplate - Executing prepared SQL statement [UPDATE public."TsUser" SET "FName" = ?, "FMobile" = ?, "FDepartmentId" = ?, "U_EmployeeCore" = ?, "FSeatId" = ? WHERE "FLoginName" = ?]
2025-12-24 11:35:13 - o.s.jdbc.core.JdbcTemplate - Executing prepared SQL update
2025-12-24 11:35:13 - o.s.jdbc.core.JdbcTemplate - Executing prepared SQL statement [UPDATE public."TsAccount" SET "FName" = ?, "FMobile" = ? WHERE "FLoginName" = ?]
2025-12-24 11:35:13 - c.c.h.service.HRDataProcessService - 更新員工: 謝沛蓉 (CE044)
2025-12-24 11:35:13 - c.c.h.service.HRDataProcessService - 處理員工: 劉珮沂 (CF036)
2025-12-24 11:35:13 - o.s.jdbc.core.JdbcTemplate - Executing prepared SQL query
2025-12-24 11:35:13 - o.s.jdbc.core.JdbcTemplate - Executing prepared SQL statement [SELECT COUNT(*) FROM public."TsAccount" WHERE "FLoginName" = ?]
2025-12-24 11:35:13 - o.s.jdbc.core.JdbcTemplate - Executing prepared SQL query
2025-12-24 11:35:13 - o.s.jdbc.core.JdbcTemplate - Executing prepared SQL statement [SELECT "id" FROM public."CUS_HRImport_Department" WHERE "full_name" = ?]
2025-12-24 11:35:13 - o.s.jdbc.core.JdbcTemplate - Executing prepared SQL query
2025-12-24 11:35:13 - o.s.jdbc.core.JdbcTemplate - Executing prepared SQL statement [SELECT "tree_level" FROM public."CUS_HRImport_Department" WHERE "id" = ?]
2025-12-24 11:35:13 - o.s.jdbc.core.JdbcTemplate - Executing prepared SQL update
2025-12-24 11:35:13 - o.s.jdbc.core.JdbcTemplate - Executing prepared SQL statement [UPDATE public."TsUser" SET "FName" = ?, "FMobile" = ?, "FDepartmentId" = ?, "U_EmployeeCore" = ?, "FSeatId" = ? WHERE "FLoginName" = ?]
2025-12-24 11:35:13 - o.s.jdbc.core.JdbcTemplate - Executing prepared SQL update
2025-12-24 11:35:13 - o.s.jdbc.core.JdbcTemplate - Executing prepared SQL statement [UPDATE public."TsAccount" SET "FName" = ?, "FMobile" = ? WHERE "FLoginName" = ?]
2025-12-24 11:35:13 - c.c.h.service.HRDataProcessService - 更新員工: 劉珮沂 (CF036)
2025-12-24 11:35:13 - c.c.h.service.HRDataProcessService - 處理員工: 陳盈雅 (BF007)
2025-12-24 11:35:13 - o.s.jdbc.core.JdbcTemplate - Executing prepared SQL query
2025-12-24 11:35:13 - o.s.jdbc.core.JdbcTemplate - Executing prepared SQL statement [SELECT COUNT(*) FROM public."TsAccount" WHERE "FLoginName" = ?]
2025-12-24 11:35:13 - o.s.jdbc.core.JdbcTemplate - Executing prepared SQL query
2025-12-24 11:35:13 - o.s.jdbc.core.JdbcTemplate - Executing prepared SQL statement [SELECT "id" FROM public."CUS_HRImport_Department" WHERE "full_name" = ?]
2025-12-24 11:35:13 - o.s.jdbc.core.JdbcTemplate - Executing prepared SQL query
2025-12-24 11:35:13 - o.s.jdbc.core.JdbcTemplate - Executing prepared SQL statement [SELECT "tree_level" FROM public."CUS_HRImport_Department" WHERE "id" = ?]
2025-12-24 11:35:13 - o.s.jdbc.core.JdbcTemplate - Executing prepared SQL update
2025-12-24 11:35:13 - o.s.jdbc.core.JdbcTemplate - Executing prepared SQL statement [UPDATE public."TsUser" SET "FName" = ?, "FMobile" = ?, "FDepartmentId" = ?, "U_EmployeeCore" = ?, "FSeatId" = ? WHERE "FLoginName" = ?]
2025-12-24 11:35:13 - o.s.jdbc.core.JdbcTemplate - Executing prepared SQL update
2025-12-24 11:35:13 - o.s.jdbc.core.JdbcTemplate - Executing prepared SQL statement [UPDATE public."TsAccount" SET "FName" = ?, "FMobile" = ? WHERE "FLoginName" = ?]
2025-12-24 11:35:13 - c.c.h.service.HRDataProcessService - 更新員工: 陳盈雅 (BF007)
2025-12-24 11:35:13 - c.c.h.service.HRDataProcessService - 處理員工: 李欣頻 (BK062)
2025-12-24 11:35:13 - o.s.jdbc.core.JdbcTemplate - Executing prepared SQL query
2025-12-24 11:35:13 - o.s.jdbc.core.JdbcTemplate - Executing prepared SQL statement [SELECT COUNT(*) FROM public."TsAccount" WHERE "FLoginName" = ?]
2025-12-24 11:35:13 - o.s.jdbc.core.JdbcTemplate - Executing prepared SQL query
2025-12-24 11:35:13 - o.s.jdbc.core.JdbcTemplate - Executing prepared SQL statement [SELECT "id" FROM public."CUS_HRImport_Department" WHERE "full_name" = ?]
2025-12-24 11:35:13 - o.s.jdbc.core.JdbcTemplate - Executing prepared SQL query
2025-12-24 11:35:13 - o.s.jdbc.core.JdbcTemplate - Executing prepared SQL statement [SELECT "tree_level" FROM public."CUS_HRImport_Department" WHERE "id" = ?]
2025-12-24 11:35:13 - o.s.jdbc.core.JdbcTemplate - Executing prepared SQL update
2025-12-24 11:35:13 - o.s.jdbc.core.JdbcTemplate - Executing prepared SQL statement [UPDATE public."TsUser" SET "FName" = ?, "FMobile" = ?, "FDepartmentId" = ?, "U_EmployeeCore" = ?, "FSeatId" = ? WHERE "FLoginName" = ?]
2025-12-24 11:35:13 - o.s.jdbc.core.JdbcTemplate - Executing prepared SQL update
2025-12-24 11:35:13 - o.s.jdbc.core.JdbcTemplate - Executing prepared SQL statement [UPDATE public."TsAccount" SET "FName" = ?, "FMobile" = ? WHERE "FLoginName" = ?]
2025-12-24 11:35:13 - c.c.h.service.HRDataProcessService - 更新員工: 李欣頻 (BK062)
2025-12-24 11:35:13 - c.c.h.service.HRDataProcessService - 處理員工: 童鈞鴻 (BG073)
2025-12-24 11:35:13 - o.s.jdbc.core.JdbcTemplate - Executing prepared SQL query
2025-12-24 11:35:13 - o.s.jdbc.core.JdbcTemplate - Executing prepared SQL statement [SELECT COUNT(*) FROM public."TsAccount" WHERE "FLoginName" = ?]
2025-12-24 11:35:13 - o.s.jdbc.core.JdbcTemplate - Executing prepared SQL query
2025-12-24 11:35:13 - o.s.jdbc.core.JdbcTemplate - Executing prepared SQL statement [SELECT "id" FROM public."CUS_HRImport_Department" WHERE "full_name" = ?]
2025-12-24 11:35:13 - o.s.jdbc.core.JdbcTemplate - Executing prepared SQL query
2025-12-24 11:35:13 - o.s.jdbc.core.JdbcTemplate - Executing prepared SQL statement [SELECT "tree_level" FROM public."CUS_HRImport_Department" WHERE "id" = ?]
2025-12-24 11:35:13 - o.s.jdbc.core.JdbcTemplate - Executing prepared SQL update
2025-12-24 11:35:13 - o.s.jdbc.core.JdbcTemplate - Executing prepared SQL statement [UPDATE public."TsUser" SET "FName" = ?, "FMobile" = ?, "FDepartmentId" = ?, "U_EmployeeCore" = ?, "FSeatId" = ? WHERE "FLoginName" = ?]
2025-12-24 11:35:13 - o.s.jdbc.core.JdbcTemplate - Executing prepared SQL update
2025-12-24 11:35:13 - o.s.jdbc.core.JdbcTemplate - Executing prepared SQL statement [UPDATE public."TsAccount" SET "FName" = ?, "FMobile" = ? WHERE "FLoginName" = ?]
2025-12-24 11:35:13 - c.c.h.service.HRDataProcessService - 更新員工: 童鈞鴻 (BG073)
2025-12-24 11:35:13 - c.c.h.service.HRDataProcessService - 處理員工: 徐杰 (BJ051)
2025-12-24 11:35:13 - o.s.jdbc.core.JdbcTemplate - Executing prepared SQL query
2025-12-24 11:35:13 - o.s.jdbc.core.JdbcTemplate - Executing prepared SQL statement [SELECT COUNT(*) FROM public."TsAccount" WHERE "FLoginName" = ?]
2025-12-24 11:35:13 - o.s.jdbc.core.JdbcTemplate - Executing prepared SQL query
2025-12-24 11:35:13 - o.s.jdbc.core.JdbcTemplate - Executing prepared SQL statement [SELECT "id" FROM public."CUS_HRImport_Department" WHERE "full_name" = ?]
2025-12-24 11:35:13 - o.s.jdbc.core.JdbcTemplate - Executing prepared SQL query
2025-12-24 11:35:13 - o.s.jdbc.core.JdbcTemplate - Executing prepared SQL statement [SELECT "tree_level" FROM public."CUS_HRImport_Department" WHERE "id" = ?]
2025-12-24 11:35:13 - o.s.jdbc.core.JdbcTemplate - Executing prepared SQL update
2025-12-24 11:35:13 - o.s.jdbc.core.JdbcTemplate - Executing prepared SQL statement [UPDATE public."TsUser" SET "FName" = ?, "FMobile" = ?, "FDepartmentId" = ?, "U_EmployeeCore" = ?, "FSeatId" = ? WHERE "FLoginName" = ?]
2025-12-24 11:35:13 - o.s.jdbc.core.JdbcTemplate - Executing prepared SQL update
2025-12-24 11:35:13 - o.s.jdbc.core.JdbcTemplate - Executing prepared SQL statement [UPDATE public."TsAccount" SET "FName" = ?, "FMobile" = ? WHERE "FLoginName" = ?]
2025-12-24 11:35:13 - c.c.h.service.HRDataProcessService - 更新員工: 徐杰 (BJ051)
2025-12-24 11:35:13 - c.c.h.service.HRDataProcessService - 處理員工: 許凱倫 (BL025)
2025-12-24 11:35:13 - o.s.jdbc.core.JdbcTemplate - Executing prepared SQL query
2025-12-24 11:35:13 - o.s.jdbc.core.JdbcTemplate - Executing prepared SQL statement [SELECT COUNT(*) FROM public."TsAccount" WHERE "FLoginName" = ?]
2025-12-24 11:35:13 - o.s.jdbc.core.JdbcTemplate - Executing prepared SQL query
2025-12-24 11:35:13 - o.s.jdbc.core.JdbcTemplate - Executing prepared SQL statement [SELECT "id" FROM public."CUS_HRImport_Department" WHERE "full_name" = ?]
2025-12-24 11:35:13 - o.s.jdbc.core.JdbcTemplate - Executing prepared SQL query
2025-12-24 11:35:13 - o.s.jdbc.core.JdbcTemplate - Executing prepared SQL statement [SELECT "tree_level" FROM public."CUS_HRImport_Department" WHERE "id" = ?]
2025-12-24 11:35:13 - o.s.jdbc.core.JdbcTemplate - Executing prepared SQL update
2025-12-24 11:35:13 - o.s.jdbc.core.JdbcTemplate - Executing prepared SQL statement [UPDATE public."TsUser" SET "FName" = ?, "FMobile" = ?, "FDepartmentId" = ?, "U_EmployeeCore" = ?, "FSeatId" = ? WHERE "FLoginName" = ?]
2025-12-24 11:35:13 - o.s.jdbc.core.JdbcTemplate - Executing prepared SQL update
2025-12-24 11:35:13 - o.s.jdbc.core.JdbcTemplate - Executing prepared SQL statement [UPDATE public."TsAccount" SET "FName" = ?, "FMobile" = ? WHERE "FLoginName" = ?]
2025-12-24 11:35:13 - c.c.h.service.HRDataProcessService - 更新員工: 許凱倫 (BL025)
2025-12-24 11:35:13 - c.c.h.service.HRDataProcessService - 處理員工: 莊文寧 (CC014)
2025-12-24 11:35:13 - o.s.jdbc.core.JdbcTemplate - Executing prepared SQL query
2025-12-24 11:35:13 - o.s.jdbc.core.JdbcTemplate - Executing prepared SQL statement [SELECT COUNT(*) FROM public."TsAccount" WHERE "FLoginName" = ?]
2025-12-24 11:35:13 - o.s.jdbc.core.JdbcTemplate - Executing prepared SQL query
2025-12-24 11:35:13 - o.s.jdbc.core.JdbcTemplate - Executing prepared SQL statement [SELECT "id" FROM public."CUS_HRImport_Department" WHERE "full_name" = ?]
2025-12-24 11:35:13 - o.s.jdbc.core.JdbcTemplate - Executing prepared SQL query
2025-12-24 11:35:13 - o.s.jdbc.core.JdbcTemplate - Executing prepared SQL statement [SELECT "tree_level" FROM public."CUS_HRImport_Department" WHERE "id" = ?]
2025-12-24 11:35:13 - o.s.jdbc.core.JdbcTemplate - Executing prepared SQL update
2025-12-24 11:35:13 - o.s.jdbc.core.JdbcTemplate - Executing prepared SQL statement [UPDATE public."TsUser" SET "FName" = ?, "FMobile" = ?, "FDepartmentId" = ?, "U_EmployeeCore" = ?, "FSeatId" = ? WHERE "FLoginName" = ?]
2025-12-24 11:35:13 - o.s.jdbc.core.JdbcTemplate - Executing prepared SQL update
2025-12-24 11:35:13 - o.s.jdbc.core.JdbcTemplate - Executing prepared SQL statement [UPDATE public."TsAccount" SET "FName" = ?, "FMobile" = ? WHERE "FLoginName" = ?]
2025-12-24 11:35:13 - c.c.h.service.HRDataProcessService - 更新員工: 莊文寧 (CC014)
2025-12-24 11:35:13 - c.c.h.service.HRDataProcessService - 處理員工: 李淑珍 (CD074)
2025-12-24 11:35:13 - o.s.jdbc.core.JdbcTemplate - Executing prepared SQL query
2025-12-24 11:35:13 - o.s.jdbc.core.JdbcTemplate - Executing prepared SQL statement [SELECT COUNT(*) FROM public."TsAccount" WHERE "FLoginName" = ?]
2025-12-24 11:35:13 - o.s.jdbc.core.JdbcTemplate - Executing prepared SQL query
2025-12-24 11:35:13 - o.s.jdbc.core.JdbcTemplate - Executing prepared SQL statement [SELECT "id" FROM public."CUS_HRImport_Department" WHERE "full_name" = ?]
2025-12-24 11:35:13 - o.s.jdbc.core.JdbcTemplate - Executing prepared SQL query
2025-12-24 11:35:13 - o.s.jdbc.core.JdbcTemplate - Executing prepared SQL statement [SELECT "tree_level" FROM public."CUS_HRImport_Department" WHERE "id" = ?]
2025-12-24 11:35:13 - o.s.jdbc.core.JdbcTemplate - Executing prepared SQL update
2025-12-24 11:35:13 - o.s.jdbc.core.JdbcTemplate - Executing prepared SQL statement [UPDATE public."TsUser" SET "FName" = ?, "FMobile" = ?, "FDepartmentId" = ?, "U_EmployeeCore" = ?, "FSeatId" = ? WHERE "FLoginName" = ?]
2025-12-24 11:35:13 - o.s.jdbc.core.JdbcTemplate - Executing prepared SQL update
2025-12-24 11:35:13 - o.s.jdbc.core.JdbcTemplate - Executing prepared SQL statement [UPDATE public."TsAccount" SET "FName" = ?, "FMobile" = ? WHERE "FLoginName" = ?]
2025-12-24 11:35:13 - c.c.h.service.HRDataProcessService - 更新員工: 李淑珍 (CD074)
2025-12-24 11:35:13 - c.c.h.service.HRDataProcessService - 處理員工: 林子爵 (CF088)
2025-12-24 11:35:13 - o.s.jdbc.core.JdbcTemplate - Executing prepared SQL query
2025-12-24 11:35:13 - o.s.jdbc.core.JdbcTemplate - Executing prepared SQL statement [SELECT COUNT(*) FROM public."TsAccount" WHERE "FLoginName" = ?]
2025-12-24 11:35:13 - o.s.jdbc.core.JdbcTemplate - Executing prepared SQL query
2025-12-24 11:35:13 - o.s.jdbc.core.JdbcTemplate - Executing prepared SQL statement [SELECT "id" FROM public."CUS_HRImport_Department" WHERE "full_name" = ?]
2025-12-24 11:35:13 - o.s.jdbc.core.JdbcTemplate - Executing prepared SQL query
2025-12-24 11:35:13 - o.s.jdbc.core.JdbcTemplate - Executing prepared SQL statement [SELECT "tree_level" FROM public."CUS_HRImport_Department" WHERE "id" = ?]
2025-12-24 11:35:13 - o.s.jdbc.core.JdbcTemplate - Executing prepared SQL update
2025-12-24 11:35:13 - o.s.jdbc.core.JdbcTemplate - Executing prepared SQL statement [UPDATE public."TsUser" SET "FName" = ?, "FMobile" = ?, "FDepartmentId" = ?, "U_EmployeeCore" = ?, "FSeatId" = ? WHERE "FLoginName" = ?]
2025-12-24 11:35:13 - o.s.jdbc.core.JdbcTemplate - Executing prepared SQL update
2025-12-24 11:35:13 - o.s.jdbc.core.JdbcTemplate - Executing prepared SQL statement [UPDATE public."TsAccount" SET "FName" = ?, "FMobile" = ? WHERE "FLoginName" = ?]
2025-12-24 11:35:13 - c.c.h.service.HRDataProcessService - 更新員工: 林子爵 (CF088)
2025-12-24 11:35:13 - c.c.h.service.HRDataProcessService - 處理員工: 蔡維芳 (BB023)
2025-12-24 11:35:13 - o.s.jdbc.core.JdbcTemplate - Executing prepared SQL query
2025-12-24 11:35:13 - o.s.jdbc.core.JdbcTemplate - Executing prepared SQL statement [SELECT COUNT(*) FROM public."TsAccount" WHERE "FLoginName" = ?]
2025-12-24 11:35:13 - o.s.jdbc.core.JdbcTemplate - Executing prepared SQL query
2025-12-24 11:35:13 - o.s.jdbc.core.JdbcTemplate - Executing prepared SQL statement [SELECT "id" FROM public."CUS_HRImport_Department" WHERE "full_name" = ?]
2025-12-24 11:35:13 - o.s.jdbc.core.JdbcTemplate - Executing prepared SQL query
2025-12-24 11:35:13 - o.s.jdbc.core.JdbcTemplate - Executing prepared SQL statement [SELECT "tree_level" FROM public."CUS_HRImport_Department" WHERE "id" = ?]
2025-12-24 11:35:13 - o.s.jdbc.core.JdbcTemplate - Executing prepared SQL update
2025-12-24 11:35:13 - o.s.jdbc.core.JdbcTemplate - Executing prepared SQL statement [UPDATE public."TsUser" SET "FName" = ?, "FMobile" = ?, "FDepartmentId" = ?, "U_EmployeeCore" = ?, "FSeatId" = ? WHERE "FLoginName" = ?]
2025-12-24 11:35:13 - o.s.jdbc.core.JdbcTemplate - Executing prepared SQL update
2025-12-24 11:35:13 - o.s.jdbc.core.JdbcTemplate - Executing prepared SQL statement [UPDATE public."TsAccount" SET "FName" = ?, "FMobile" = ? WHERE "FLoginName" = ?]
2025-12-24 11:35:13 - c.c.h.service.HRDataProcessService - 更新員工: 蔡維芳 (BB023)
2025-12-24 11:35:13 - c.c.h.service.HRDataProcessService - 處理員工: 高欣儀 (BF044)
2025-12-24 11:35:13 - o.s.jdbc.core.JdbcTemplate - Executing prepared SQL query
2025-12-24 11:35:13 - o.s.jdbc.core.JdbcTemplate - Executing prepared SQL statement [SELECT COUNT(*) FROM public."TsAccount" WHERE "FLoginName" = ?]
2025-12-24 11:35:13 - o.s.jdbc.core.JdbcTemplate - Executing prepared SQL query
2025-12-24 11:35:13 - o.s.jdbc.core.JdbcTemplate - Executing prepared SQL statement [SELECT "id" FROM public."CUS_HRImport_Department" WHERE "full_name" = ?]
2025-12-24 11:35:13 - o.s.jdbc.core.JdbcTemplate - Executing prepared SQL query
2025-12-24 11:35:13 - o.s.jdbc.core.JdbcTemplate - Executing prepared SQL statement [SELECT "tree_level" FROM public."CUS_HRImport_Department" WHERE "id" = ?]
2025-12-24 11:35:13 - o.s.jdbc.core.JdbcTemplate - Executing prepared SQL update
2025-12-24 11:35:13 - o.s.jdbc.core.JdbcTemplate - Executing prepared SQL statement [UPDATE public."TsUser" SET "FName" = ?, "FMobile" = ?, "FDepartmentId" = ?, "U_EmployeeCore" = ?, "FSeatId" = ? WHERE "FLoginName" = ?]
2025-12-24 11:35:13 - o.s.jdbc.core.JdbcTemplate - Executing prepared SQL update
2025-12-24 11:35:13 - o.s.jdbc.core.JdbcTemplate - Executing prepared SQL statement [UPDATE public."TsAccount" SET "FName" = ?, "FMobile" = ? WHERE "FLoginName" = ?]
2025-12-24 11:35:13 - c.c.h.service.HRDataProcessService - 更新員工: 高欣儀 (BF044)
2025-12-24 11:35:13 - c.c.h.service.HRDataProcessService - 處理員工: 陳冠雄 (BG135)
2025-12-24 11:35:13 - o.s.jdbc.core.JdbcTemplate - Executing prepared SQL query
2025-12-24 11:35:13 - o.s.jdbc.core.JdbcTemplate - Executing prepared SQL statement [SELECT COUNT(*) FROM public."TsAccount" WHERE "FLoginName" = ?]
2025-12-24 11:35:13 - o.s.jdbc.core.JdbcTemplate - Executing prepared SQL query
2025-12-24 11:35:13 - o.s.jdbc.core.JdbcTemplate - Executing prepared SQL statement [SELECT "id" FROM public."CUS_HRImport_Department" WHERE "full_name" = ?]
2025-12-24 11:35:13 - o.s.jdbc.core.JdbcTemplate - Executing prepared SQL query
2025-12-24 11:35:13 - o.s.jdbc.core.JdbcTemplate - Executing prepared SQL statement [SELECT "tree_level" FROM public."CUS_HRImport_Department" WHERE "id" = ?]
2025-12-24 11:35:13 - o.s.jdbc.core.JdbcTemplate - Executing prepared SQL update
2025-12-24 11:35:13 - o.s.jdbc.core.JdbcTemplate - Executing prepared SQL statement [UPDATE public."TsUser" SET "FName" = ?, "FMobile" = ?, "FDepartmentId" = ?, "U_EmployeeCore" = ?, "FSeatId" = ? WHERE "FLoginName" = ?]
2025-12-24 11:35:13 - o.s.jdbc.core.JdbcTemplate - Executing prepared SQL update
2025-12-24 11:35:13 - o.s.jdbc.core.JdbcTemplate - Executing prepared SQL statement [UPDATE public."TsAccount" SET "FName" = ?, "FMobile" = ? WHERE "FLoginName" = ?]
2025-12-24 11:35:13 - c.c.h.service.HRDataProcessService - 更新員工: 陳冠雄 (BG135)
2025-12-24 11:35:13 - c.c.h.service.HRDataProcessService - 處理員工: 廖淑玲 (BC143)
2025-12-24 11:35:13 - o.s.jdbc.core.JdbcTemplate - Executing prepared SQL query
2025-12-24 11:35:13 - o.s.jdbc.core.JdbcTemplate - Executing prepared SQL statement [SELECT COUNT(*) FROM public."TsAccount" WHERE "FLoginName" = ?]
2025-12-24 11:35:13 - o.s.jdbc.core.JdbcTemplate - Executing prepared SQL query
2025-12-24 11:35:13 - o.s.jdbc.core.JdbcTemplate - Executing prepared SQL statement [SELECT "id" FROM public."CUS_HRImport_Department" WHERE "full_name" = ?]
2025-12-24 11:35:13 - o.s.jdbc.core.JdbcTemplate - Executing prepared SQL query
2025-12-24 11:35:13 - o.s.jdbc.core.JdbcTemplate - Executing prepared SQL statement [SELECT "tree_level" FROM public."CUS_HRImport_Department" WHERE "id" = ?]
2025-12-24 11:35:13 - o.s.jdbc.core.JdbcTemplate - Executing prepared SQL update
2025-12-24 11:35:13 - o.s.jdbc.core.JdbcTemplate - Executing prepared SQL statement [UPDATE public."TsUser" SET "FName" = ?, "FMobile" = ?, "FDepartmentId" = ?, "U_EmployeeCore" = ?, "FSeatId" = ? WHERE "FLoginName" = ?]
2025-12-24 11:35:13 - o.s.jdbc.core.JdbcTemplate - Executing prepared SQL update
2025-12-24 11:35:13 - o.s.jdbc.core.JdbcTemplate - Executing prepared SQL statement [UPDATE public."TsAccount" SET "FName" = ?, "FMobile" = ? WHERE "FLoginName" = ?]
2025-12-24 11:35:13 - c.c.h.service.HRDataProcessService - 更新員工: 廖淑玲 (BC143)
2025-12-24 11:35:13 - c.c.h.service.HRDataProcessService - 處理員工: 雷惠如 (BD132)
2025-12-24 11:35:13 - o.s.jdbc.core.JdbcTemplate - Executing prepared SQL query
2025-12-24 11:35:13 - o.s.jdbc.core.JdbcTemplate - Executing prepared SQL statement [SELECT COUNT(*) FROM public."TsAccount" WHERE "FLoginName" = ?]
2025-12-24 11:35:13 - o.s.jdbc.core.JdbcTemplate - Executing prepared SQL query
2025-12-24 11:35:13 - o.s.jdbc.core.JdbcTemplate - Executing prepared SQL statement [SELECT "id" FROM public."CUS_HRImport_Department" WHERE "full_name" = ?]
2025-12-24 11:35:13 - o.s.jdbc.core.JdbcTemplate - Executing prepared SQL query
2025-12-24 11:35:13 - o.s.jdbc.core.JdbcTemplate - Executing prepared SQL statement [SELECT "tree_level" FROM public."CUS_HRImport_Department" WHERE "id" = ?]
2025-12-24 11:35:13 - o.s.jdbc.core.JdbcTemplate - Executing prepared SQL update
2025-12-24 11:35:13 - o.s.jdbc.core.JdbcTemplate - Executing prepared SQL statement [UPDATE public."TsUser" SET "FName" = ?, "FMobile" = ?, "FDepartmentId" = ?, "U_EmployeeCore" = ?, "FSeatId" = ? WHERE "FLoginName" = ?]
2025-12-24 11:35:13 - o.s.jdbc.core.JdbcTemplate - Executing prepared SQL update
2025-12-24 11:35:13 - o.s.jdbc.core.JdbcTemplate - Executing prepared SQL statement [UPDATE public."TsAccount" SET "FName" = ?, "FMobile" = ? WHERE "FLoginName" = ?]
2025-12-24 11:35:13 - c.c.h.service.HRDataProcessService - 更新員工: 雷惠如 (BD132)
2025-12-24 11:35:13 - c.c.h.service.HRDataProcessService - 處理員工: 張育雅 (BH042)
2025-12-24 11:35:13 - o.s.jdbc.core.JdbcTemplate - Executing prepared SQL query
2025-12-24 11:35:13 - o.s.jdbc.core.JdbcTemplate - Executing prepared SQL statement [SELECT COUNT(*) FROM public."TsAccount" WHERE "FLoginName" = ?]
2025-12-24 11:35:13 - o.s.jdbc.core.JdbcTemplate - Executing prepared SQL query
2025-12-24 11:35:13 - o.s.jdbc.core.JdbcTemplate - Executing prepared SQL statement [SELECT "id" FROM public."CUS_HRImport_Department" WHERE "full_name" = ?]
2025-12-24 11:35:13 - o.s.jdbc.core.JdbcTemplate - Executing prepared SQL query
2025-12-24 11:35:13 - o.s.jdbc.core.JdbcTemplate - Executing prepared SQL statement [SELECT "tree_level" FROM public."CUS_HRImport_Department" WHERE "id" = ?]
2025-12-24 11:35:13 - o.s.jdbc.core.JdbcTemplate - Executing prepared SQL update
2025-12-24 11:35:13 - o.s.jdbc.core.JdbcTemplate - Executing prepared SQL statement [UPDATE public."TsUser" SET "FName" = ?, "FMobile" = ?, "FDepartmentId" = ?, "U_EmployeeCore" = ?, "FSeatId" = ? WHERE "FLoginName" = ?]
2025-12-24 11:35:13 - o.s.jdbc.core.JdbcTemplate - Executing prepared SQL update
2025-12-24 11:35:13 - o.s.jdbc.core.JdbcTemplate - Executing prepared SQL statement [UPDATE public."TsAccount" SET "FName" = ?, "FMobile" = ? WHERE "FLoginName" = ?]
2025-12-24 11:35:13 - c.c.h.service.HRDataProcessService - 更新員工: 張育雅 (BH042)
2025-12-24 11:35:13 - c.c.h.service.HRDataProcessService - 處理員工: 朱冬岑 (BL001)
2025-12-24 11:35:13 - o.s.jdbc.core.JdbcTemplate - Executing prepared SQL query
2025-12-24 11:35:13 - o.s.jdbc.core.JdbcTemplate - Executing prepared SQL statement [SELECT COUNT(*) FROM public."TsAccount" WHERE "FLoginName" = ?]
2025-12-24 11:35:13 - o.s.jdbc.core.JdbcTemplate - Executing prepared SQL query
2025-12-24 11:35:13 - o.s.jdbc.core.JdbcTemplate - Executing prepared SQL statement [SELECT "id" FROM public."CUS_HRImport_Department" WHERE "full_name" = ?]
2025-12-24 11:35:13 - o.s.jdbc.core.JdbcTemplate - Executing prepared SQL query
2025-12-24 11:35:13 - o.s.jdbc.core.JdbcTemplate - Executing prepared SQL statement [SELECT "tree_level" FROM public."CUS_HRImport_Department" WHERE "id" = ?]
2025-12-24 11:35:13 - o.s.jdbc.core.JdbcTemplate - Executing prepared SQL update
2025-12-24 11:35:13 - o.s.jdbc.core.JdbcTemplate - Executing prepared SQL statement [UPDATE public."TsUser" SET "FName" = ?, "FMobile" = ?, "FDepartmentId" = ?, "U_EmployeeCore" = ?, "FSeatId" = ? WHERE "FLoginName" = ?]
2025-12-24 11:35:13 - o.s.jdbc.core.JdbcTemplate - Executing prepared SQL update
2025-12-24 11:35:13 - o.s.jdbc.core.JdbcTemplate - Executing prepared SQL statement [UPDATE public."TsAccount" SET "FName" = ?, "FMobile" = ? WHERE "FLoginName" = ?]
2025-12-24 11:35:13 - c.c.h.service.HRDataProcessService - 更新員工: 朱冬岑 (BL001)
2025-12-24 11:35:13 - c.c.h.service.HRDataProcessService - 處理員工: 戴伊萱 (CF057)
2025-12-24 11:35:13 - o.s.jdbc.core.JdbcTemplate - Executing prepared SQL query
2025-12-24 11:35:13 - o.s.jdbc.core.JdbcTemplate - Executing prepared SQL statement [SELECT COUNT(*) FROM public."TsAccount" WHERE "FLoginName" = ?]
2025-12-24 11:35:13 - o.s.jdbc.core.JdbcTemplate - Executing prepared SQL query
2025-12-24 11:35:13 - o.s.jdbc.core.JdbcTemplate - Executing prepared SQL statement [SELECT "id" FROM public."CUS_HRImport_Department" WHERE "full_name" = ?]
2025-12-24 11:35:13 - o.s.jdbc.core.JdbcTemplate - Executing prepared SQL query
2025-12-24 11:35:13 - o.s.jdbc.core.JdbcTemplate - Executing prepared SQL statement [SELECT "tree_level" FROM public."CUS_HRImport_Department" WHERE "id" = ?]
2025-12-24 11:35:13 - o.s.jdbc.core.JdbcTemplate - Executing prepared SQL update
2025-12-24 11:35:13 - o.s.jdbc.core.JdbcTemplate - Executing prepared SQL statement [UPDATE public."TsUser" SET "FName" = ?, "FMobile" = ?, "FDepartmentId" = ?, "U_EmployeeCore" = ?, "FSeatId" = ? WHERE "FLoginName" = ?]
2025-12-24 11:35:13 - o.s.jdbc.core.JdbcTemplate - Executing prepared SQL update
2025-12-24 11:35:13 - o.s.jdbc.core.JdbcTemplate - Executing prepared SQL statement [UPDATE public."TsAccount" SET "FName" = ?, "FMobile" = ? WHERE "FLoginName" = ?]
2025-12-24 11:35:13 - c.c.h.service.HRDataProcessService - 更新員工: 戴伊萱 (CF057)
2025-12-24 11:35:13 - c.c.h.service.HRDataProcessService - 處理員工: 林忠觀 (BL060)
2025-12-24 11:35:13 - o.s.jdbc.core.JdbcTemplate - Executing prepared SQL query
2025-12-24 11:35:13 - o.s.jdbc.core.JdbcTemplate - Executing prepared SQL statement [SELECT COUNT(*) FROM public."TsAccount" WHERE "FLoginName" = ?]
2025-12-24 11:35:13 - o.s.jdbc.core.JdbcTemplate - Executing prepared SQL query
2025-12-24 11:35:13 - o.s.jdbc.core.JdbcTemplate - Executing prepared SQL statement [SELECT "id" FROM public."CUS_HRImport_Department" WHERE "full_name" = ?]
2025-12-24 11:35:13 - o.s.jdbc.core.JdbcTemplate - Executing prepared SQL query
2025-12-24 11:35:13 - o.s.jdbc.core.JdbcTemplate - Executing prepared SQL statement [SELECT "tree_level" FROM public."CUS_HRImport_Department" WHERE "id" = ?]
2025-12-24 11:35:13 - o.s.jdbc.core.JdbcTemplate - Executing prepared SQL update
2025-12-24 11:35:13 - o.s.jdbc.core.JdbcTemplate - Executing prepared SQL statement [UPDATE public."TsUser" SET "FName" = ?, "FMobile" = ?, "FDepartmentId" = ?, "U_EmployeeCore" = ?, "FSeatId" = ? WHERE "FLoginName" = ?]
2025-12-24 11:35:13 - o.s.jdbc.core.JdbcTemplate - Executing prepared SQL update
2025-12-24 11:35:13 - o.s.jdbc.core.JdbcTemplate - Executing prepared SQL statement [UPDATE public."TsAccount" SET "FName" = ?, "FMobile" = ? WHERE "FLoginName" = ?]
2025-12-24 11:35:13 - c.c.h.service.HRDataProcessService - 更新員工: 林忠觀 (BL060)
2025-12-24 11:35:13 - c.c.h.service.HRDataProcessService - 處理員工: 楊千慧 (BL047)
2025-12-24 11:35:13 - o.s.jdbc.core.JdbcTemplate - Executing prepared SQL query
2025-12-24 11:35:13 - o.s.jdbc.core.JdbcTemplate - Executing prepared SQL statement [SELECT COUNT(*) FROM public."TsAccount" WHERE "FLoginName" = ?]
2025-12-24 11:35:13 - o.s.jdbc.core.JdbcTemplate - Executing prepared SQL query
2025-12-24 11:35:13 - o.s.jdbc.core.JdbcTemplate - Executing prepared SQL statement [SELECT "id" FROM public."CUS_HRImport_Department" WHERE "full_name" = ?]
2025-12-24 11:35:13 - o.s.jdbc.core.JdbcTemplate - Executing prepared SQL query
2025-12-24 11:35:13 - o.s.jdbc.core.JdbcTemplate - Executing prepared SQL statement [SELECT "tree_level" FROM public."CUS_HRImport_Department" WHERE "id" = ?]
2025-12-24 11:35:13 - o.s.jdbc.core.JdbcTemplate - Executing prepared SQL update
2025-12-24 11:35:13 - o.s.jdbc.core.JdbcTemplate - Executing prepared SQL statement [UPDATE public."TsUser" SET "FName" = ?, "FMobile" = ?, "FDepartmentId" = ?, "U_EmployeeCore" = ?, "FSeatId" = ? WHERE "FLoginName" = ?]
2025-12-24 11:35:13 - o.s.jdbc.core.JdbcTemplate - Executing prepared SQL update
2025-12-24 11:35:13 - o.s.jdbc.core.JdbcTemplate - Executing prepared SQL statement [UPDATE public."TsAccount" SET "FName" = ?, "FMobile" = ? WHERE "FLoginName" = ?]
2025-12-24 11:35:13 - c.c.h.service.HRDataProcessService - 更新員工: 楊千慧 (BL047)
2025-12-24 11:35:13 - c.c.h.service.HRDataProcessService - 處理員工: 羅育穎 (CC011)
2025-12-24 11:35:13 - o.s.jdbc.core.JdbcTemplate - Executing prepared SQL query
2025-12-24 11:35:13 - o.s.jdbc.core.JdbcTemplate - Executing prepared SQL statement [SELECT COUNT(*) FROM public."TsAccount" WHERE "FLoginName" = ?]
2025-12-24 11:35:13 - o.s.jdbc.core.JdbcTemplate - Executing prepared SQL query
2025-12-24 11:35:13 - o.s.jdbc.core.JdbcTemplate - Executing prepared SQL statement [SELECT "id" FROM public."CUS_HRImport_Department" WHERE "full_name" = ?]
2025-12-24 11:35:13 - o.s.jdbc.core.JdbcTemplate - Executing prepared SQL query
2025-12-24 11:35:13 - o.s.jdbc.core.JdbcTemplate - Executing prepared SQL statement [SELECT "tree_level" FROM public."CUS_HRImport_Department" WHERE "id" = ?]
2025-12-24 11:35:13 - o.s.jdbc.core.JdbcTemplate - Executing prepared SQL update
2025-12-24 11:35:13 - o.s.jdbc.core.JdbcTemplate - Executing prepared SQL statement [UPDATE public."TsUser" SET "FName" = ?, "FMobile" = ?, "FDepartmentId" = ?, "U_EmployeeCore" = ?, "FSeatId" = ? WHERE "FLoginName" = ?]
2025-12-24 11:35:13 - o.s.jdbc.core.JdbcTemplate - Executing prepared SQL update
2025-12-24 11:35:13 - o.s.jdbc.core.JdbcTemplate - Executing prepared SQL statement [UPDATE public."TsAccount" SET "FName" = ?, "FMobile" = ? WHERE "FLoginName" = ?]
2025-12-24 11:35:13 - c.c.h.service.HRDataProcessService - 更新員工: 羅育穎 (CC011)
2025-12-24 11:35:13 - c.c.h.service.HRDataProcessService - 處理員工: 李宜儒 (CC004)
2025-12-24 11:35:13 - o.s.jdbc.core.JdbcTemplate - Executing prepared SQL query
2025-12-24 11:35:13 - o.s.jdbc.core.JdbcTemplate - Executing prepared SQL statement [SELECT COUNT(*) FROM public."TsAccount" WHERE "FLoginName" = ?]
2025-12-24 11:35:13 - o.s.jdbc.core.JdbcTemplate - Executing prepared SQL query
2025-12-24 11:35:13 - o.s.jdbc.core.JdbcTemplate - Executing prepared SQL statement [SELECT "id" FROM public."CUS_HRImport_Department" WHERE "full_name" = ?]
2025-12-24 11:35:13 - o.s.jdbc.core.JdbcTemplate - Executing prepared SQL query
2025-12-24 11:35:13 - o.s.jdbc.core.JdbcTemplate - Executing prepared SQL statement [SELECT "tree_level" FROM public."CUS_HRImport_Department" WHERE "id" = ?]
2025-12-24 11:35:13 - o.s.jdbc.core.JdbcTemplate - Executing prepared SQL update
2025-12-24 11:35:13 - o.s.jdbc.core.JdbcTemplate - Executing prepared SQL statement [UPDATE public."TsUser" SET "FName" = ?, "FMobile" = ?, "FDepartmentId" = ?, "U_EmployeeCore" = ?, "FSeatId" = ? WHERE "FLoginName" = ?]
2025-12-24 11:35:13 - o.s.jdbc.core.JdbcTemplate - Executing prepared SQL update
2025-12-24 11:35:13 - o.s.jdbc.core.JdbcTemplate - Executing prepared SQL statement [UPDATE public."TsAccount" SET "FName" = ?, "FMobile" = ? WHERE "FLoginName" = ?]
2025-12-24 11:35:13 - c.c.h.service.HRDataProcessService - 更新員工: 李宜儒 (CC004)
2025-12-24 11:35:13 - c.c.h.service.HRDataProcessService - 處理員工: 尤霈琳 (CF097)
2025-12-24 11:35:13 - o.s.jdbc.core.JdbcTemplate - Executing prepared SQL query
2025-12-24 11:35:13 - o.s.jdbc.core.JdbcTemplate - Executing prepared SQL statement [SELECT COUNT(*) FROM public."TsAccount" WHERE "FLoginName" = ?]
2025-12-24 11:35:13 - o.s.jdbc.core.JdbcTemplate - Executing prepared SQL query
2025-12-24 11:35:13 - o.s.jdbc.core.JdbcTemplate - Executing prepared SQL statement [SELECT "id" FROM public."CUS_HRImport_Department" WHERE "full_name" = ?]
2025-12-24 11:35:13 - o.s.jdbc.core.JdbcTemplate - Executing prepared SQL query
2025-12-24 11:35:13 - o.s.jdbc.core.JdbcTemplate - Executing prepared SQL statement [SELECT "tree_level" FROM public."CUS_HRImport_Department" WHERE "id" = ?]
2025-12-24 11:35:13 - o.s.jdbc.core.JdbcTemplate - Executing prepared SQL update
2025-12-24 11:35:13 - o.s.jdbc.core.JdbcTemplate - Executing prepared SQL statement [UPDATE public."TsUser" SET "FName" = ?, "FMobile" = ?, "FDepartmentId" = ?, "U_EmployeeCore" = ?, "FSeatId" = ? WHERE "FLoginName" = ?]
2025-12-24 11:35:13 - o.s.jdbc.core.JdbcTemplate - Executing prepared SQL update
2025-12-24 11:35:13 - o.s.jdbc.core.JdbcTemplate - Executing prepared SQL statement [UPDATE public."TsAccount" SET "FName" = ?, "FMobile" = ? WHERE "FLoginName" = ?]
2025-12-24 11:35:13 - c.c.h.service.HRDataProcessService - 更新員工: 尤霈琳 (CF097)
2025-12-24 11:35:13 - c.c.h.service.HRDataProcessService - 處理員工: 谷姝樺 (CE028)
2025-12-24 11:35:13 - o.s.jdbc.core.JdbcTemplate - Executing prepared SQL query
2025-12-24 11:35:13 - o.s.jdbc.core.JdbcTemplate - Executing prepared SQL statement [SELECT COUNT(*) FROM public."TsAccount" WHERE "FLoginName" = ?]
2025-12-24 11:35:13 - o.s.jdbc.core.JdbcTemplate - Executing prepared SQL query
2025-12-24 11:35:13 - o.s.jdbc.core.JdbcTemplate - Executing prepared SQL statement [SELECT "id" FROM public."CUS_HRImport_Department" WHERE "full_name" = ?]
2025-12-24 11:35:13 - o.s.jdbc.core.JdbcTemplate - Executing prepared SQL query
2025-12-24 11:35:13 - o.s.jdbc.core.JdbcTemplate - Executing prepared SQL statement [SELECT "tree_level" FROM public."CUS_HRImport_Department" WHERE "id" = ?]
2025-12-24 11:35:13 - o.s.jdbc.core.JdbcTemplate - Executing prepared SQL update
2025-12-24 11:35:13 - o.s.jdbc.core.JdbcTemplate - Executing prepared SQL statement [UPDATE public."TsUser" SET "FName" = ?, "FMobile" = ?, "FDepartmentId" = ?, "U_EmployeeCore" = ?, "FSeatId" = ? WHERE "FLoginName" = ?]
2025-12-24 11:35:13 - o.s.jdbc.core.JdbcTemplate - Executing prepared SQL update
2025-12-24 11:35:13 - o.s.jdbc.core.JdbcTemplate - Executing prepared SQL statement [UPDATE public."TsAccount" SET "FName" = ?, "FMobile" = ? WHERE "FLoginName" = ?]
2025-12-24 11:35:13 - c.c.h.service.HRDataProcessService - 更新員工: 谷姝樺 (CE028)
2025-12-24 11:35:13 - c.c.h.service.HRDataProcessService - 處理員工: 張如敏 (CE087)
2025-12-24 11:35:13 - o.s.jdbc.core.JdbcTemplate - Executing prepared SQL query
2025-12-24 11:35:13 - o.s.jdbc.core.JdbcTemplate - Executing prepared SQL statement [SELECT COUNT(*) FROM public."TsAccount" WHERE "FLoginName" = ?]
2025-12-24 11:35:13 - o.s.jdbc.core.JdbcTemplate - Executing prepared SQL query
2025-12-24 11:35:13 - o.s.jdbc.core.JdbcTemplate - Executing prepared SQL statement [SELECT "id" FROM public."CUS_HRImport_Department" WHERE "full_name" = ?]
2025-12-24 11:35:13 - o.s.jdbc.core.JdbcTemplate - Executing prepared SQL query
2025-12-24 11:35:13 - o.s.jdbc.core.JdbcTemplate - Executing prepared SQL statement [SELECT "tree_level" FROM public."CUS_HRImport_Department" WHERE "id" = ?]
2025-12-24 11:35:13 - o.s.jdbc.core.JdbcTemplate - Executing prepared SQL update
2025-12-24 11:35:13 - o.s.jdbc.core.JdbcTemplate - Executing prepared SQL statement [UPDATE public."TsUser" SET "FName" = ?, "FMobile" = ?, "FDepartmentId" = ?, "U_EmployeeCore" = ?, "FSeatId" = ? WHERE "FLoginName" = ?]
2025-12-24 11:35:13 - o.s.jdbc.core.JdbcTemplate - Executing prepared SQL update
2025-12-24 11:35:13 - o.s.jdbc.core.JdbcTemplate - Executing prepared SQL statement [UPDATE public."TsAccount" SET "FName" = ?, "FMobile" = ? WHERE "FLoginName" = ?]
2025-12-24 11:35:13 - c.c.h.service.HRDataProcessService - 更新員工: 張如敏 (CE087)
2025-12-24 11:35:13 - c.c.h.service.HRDataProcessService - 處理員工: 林美娟 (AI119)
2025-12-24 11:35:13 - o.s.jdbc.core.JdbcTemplate - Executing prepared SQL query
2025-12-24 11:35:13 - o.s.jdbc.core.JdbcTemplate - Executing prepared SQL statement [SELECT COUNT(*) FROM public."TsAccount" WHERE "FLoginName" = ?]
2025-12-24 11:35:13 - o.s.jdbc.core.JdbcTemplate - Executing prepared SQL query
2025-12-24 11:35:13 - o.s.jdbc.core.JdbcTemplate - Executing prepared SQL statement [SELECT "id" FROM public."CUS_HRImport_Department" WHERE "full_name" = ?]
2025-12-24 11:35:13 - o.s.jdbc.core.JdbcTemplate - Executing prepared SQL query
2025-12-24 11:35:13 - o.s.jdbc.core.JdbcTemplate - Executing prepared SQL statement [SELECT "tree_level" FROM public."CUS_HRImport_Department" WHERE "id" = ?]
2025-12-24 11:35:13 - o.s.jdbc.core.JdbcTemplate - Executing prepared SQL update
2025-12-24 11:35:13 - o.s.jdbc.core.JdbcTemplate - Executing prepared SQL statement [UPDATE public."TsUser" SET "FName" = ?, "FMobile" = ?, "FDepartmentId" = ?, "U_EmployeeCore" = ?, "FSeatId" = ? WHERE "FLoginName" = ?]
2025-12-24 11:35:13 - o.s.jdbc.core.JdbcTemplate - Executing prepared SQL update
2025-12-24 11:35:13 - o.s.jdbc.core.JdbcTemplate - Executing prepared SQL statement [UPDATE public."TsAccount" SET "FName" = ?, "FMobile" = ? WHERE "FLoginName" = ?]
2025-12-24 11:35:13 - c.c.h.service.HRDataProcessService - 更新員工: 林美娟 (AI119)
2025-12-24 11:35:13 - c.c.h.service.HRDataProcessService - 處理員工: 詹耀欽 (AJ040)
2025-12-24 11:35:13 - o.s.jdbc.core.JdbcTemplate - Executing prepared SQL query
2025-12-24 11:35:13 - o.s.jdbc.core.JdbcTemplate - Executing prepared SQL statement [SELECT COUNT(*) FROM public."TsAccount" WHERE "FLoginName" = ?]
2025-12-24 11:35:13 - o.s.jdbc.core.JdbcTemplate - Executing prepared SQL query
2025-12-24 11:35:13 - o.s.jdbc.core.JdbcTemplate - Executing prepared SQL statement [SELECT "id" FROM public."CUS_HRImport_Department" WHERE "full_name" = ?]
2025-12-24 11:35:13 - o.s.jdbc.core.JdbcTemplate - Executing prepared SQL query
2025-12-24 11:35:13 - o.s.jdbc.core.JdbcTemplate - Executing prepared SQL statement [SELECT "tree_level" FROM public."CUS_HRImport_Department" WHERE "id" = ?]
2025-12-24 11:35:13 - o.s.jdbc.core.JdbcTemplate - Executing prepared SQL update
2025-12-24 11:35:13 - o.s.jdbc.core.JdbcTemplate - Executing prepared SQL statement [UPDATE public."TsUser" SET "FName" = ?, "FMobile" = ?, "FDepartmentId" = ?, "U_EmployeeCore" = ?, "FSeatId" = ? WHERE "FLoginName" = ?]
2025-12-24 11:35:13 - o.s.jdbc.core.JdbcTemplate - Executing prepared SQL update
2025-12-24 11:35:13 - o.s.jdbc.core.JdbcTemplate - Executing prepared SQL statement [UPDATE public."TsAccount" SET "FName" = ?, "FMobile" = ? WHERE "FLoginName" = ?]
2025-12-24 11:35:13 - c.c.h.service.HRDataProcessService - 更新員工: 詹耀欽 (AJ040)
2025-12-24 11:35:13 - c.c.h.service.HRDataProcessService - 處理員工: 陳志宗 (BA123)
2025-12-24 11:35:13 - o.s.jdbc.core.JdbcTemplate - Executing prepared SQL query
2025-12-24 11:35:13 - o.s.jdbc.core.JdbcTemplate - Executing prepared SQL statement [SELECT COUNT(*) FROM public."TsAccount" WHERE "FLoginName" = ?]
2025-12-24 11:35:13 - o.s.jdbc.core.JdbcTemplate - Executing prepared SQL query
2025-12-24 11:35:13 - o.s.jdbc.core.JdbcTemplate - Executing prepared SQL statement [SELECT "id" FROM public."CUS_HRImport_Department" WHERE "full_name" = ?]
2025-12-24 11:35:13 - o.s.jdbc.core.JdbcTemplate - Executing prepared SQL query
2025-12-24 11:35:13 - o.s.jdbc.core.JdbcTemplate - Executing prepared SQL statement [SELECT "tree_level" FROM public."CUS_HRImport_Department" WHERE "id" = ?]
2025-12-24 11:35:13 - o.s.jdbc.core.JdbcTemplate - Executing prepared SQL update
2025-12-24 11:35:13 - o.s.jdbc.core.JdbcTemplate - Executing prepared SQL statement [UPDATE public."TsUser" SET "FName" = ?, "FMobile" = ?, "FDepartmentId" = ?, "U_EmployeeCore" = ?, "FSeatId" = ? WHERE "FLoginName" = ?]
2025-12-24 11:35:13 - o.s.jdbc.core.JdbcTemplate - Executing prepared SQL update
2025-12-24 11:35:13 - o.s.jdbc.core.JdbcTemplate - Executing prepared SQL statement [UPDATE public."TsAccount" SET "FName" = ?, "FMobile" = ? WHERE "FLoginName" = ?]
2025-12-24 11:35:13 - c.c.h.service.HRDataProcessService - 更新員工: 陳志宗 (BA123)
2025-12-24 11:35:13 - c.c.h.service.HRDataProcessService - 處理員工: 黃順傑 (BC122)
2025-12-24 11:35:13 - o.s.jdbc.core.JdbcTemplate - Executing prepared SQL query
2025-12-24 11:35:13 - o.s.jdbc.core.JdbcTemplate - Executing prepared SQL statement [SELECT COUNT(*) FROM public."TsAccount" WHERE "FLoginName" = ?]
2025-12-24 11:35:13 - o.s.jdbc.core.JdbcTemplate - Executing prepared SQL query
2025-12-24 11:35:13 - o.s.jdbc.core.JdbcTemplate - Executing prepared SQL statement [SELECT "id" FROM public."CUS_HRImport_Department" WHERE "full_name" = ?]
2025-12-24 11:35:13 - o.s.jdbc.core.JdbcTemplate - Executing prepared SQL query
2025-12-24 11:35:13 - o.s.jdbc.core.JdbcTemplate - Executing prepared SQL statement [SELECT "tree_level" FROM public."CUS_HRImport_Department" WHERE "id" = ?]
2025-12-24 11:35:13 - o.s.jdbc.core.JdbcTemplate - Executing prepared SQL update
2025-12-24 11:35:13 - o.s.jdbc.core.JdbcTemplate - Executing prepared SQL statement [UPDATE public."TsUser" SET "FName" = ?, "FMobile" = ?, "FDepartmentId" = ?, "U_EmployeeCore" = ?, "FSeatId" = ? WHERE "FLoginName" = ?]
2025-12-24 11:35:13 - o.s.jdbc.core.JdbcTemplate - Executing prepared SQL update
2025-12-24 11:35:13 - o.s.jdbc.core.JdbcTemplate - Executing prepared SQL statement [UPDATE public."TsAccount" SET "FName" = ?, "FMobile" = ? WHERE "FLoginName" = ?]
2025-12-24 11:35:13 - c.c.h.service.HRDataProcessService - 更新員工: 黃順傑 (BC122)
2025-12-24 11:35:13 - c.c.h.service.HRDataProcessService - 處理員工: 戴煒哲 (BG081)
2025-12-24 11:35:13 - o.s.jdbc.core.JdbcTemplate - Executing prepared SQL query
2025-12-24 11:35:13 - o.s.jdbc.core.JdbcTemplate - Executing prepared SQL statement [SELECT COUNT(*) FROM public."TsAccount" WHERE "FLoginName" = ?]
2025-12-24 11:35:13 - o.s.jdbc.core.JdbcTemplate - Executing prepared SQL query
2025-12-24 11:35:13 - o.s.jdbc.core.JdbcTemplate - Executing prepared SQL statement [SELECT "id" FROM public."CUS_HRImport_Department" WHERE "full_name" = ?]
2025-12-24 11:35:13 - o.s.jdbc.core.JdbcTemplate - Executing prepared SQL query
2025-12-24 11:35:13 - o.s.jdbc.core.JdbcTemplate - Executing prepared SQL statement [SELECT "tree_level" FROM public."CUS_HRImport_Department" WHERE "id" = ?]
2025-12-24 11:35:13 - o.s.jdbc.core.JdbcTemplate - Executing prepared SQL update
2025-12-24 11:35:13 - o.s.jdbc.core.JdbcTemplate - Executing prepared SQL statement [UPDATE public."TsUser" SET "FName" = ?, "FMobile" = ?, "FDepartmentId" = ?, "U_EmployeeCore" = ?, "FSeatId" = ? WHERE "FLoginName" = ?]
2025-12-24 11:35:13 - o.s.jdbc.core.JdbcTemplate - Executing prepared SQL update
2025-12-24 11:35:13 - o.s.jdbc.core.JdbcTemplate - Executing prepared SQL statement [UPDATE public."TsAccount" SET "FName" = ?, "FMobile" = ? WHERE "FLoginName" = ?]
2025-12-24 11:35:13 - c.c.h.service.HRDataProcessService - 更新員工: 戴煒哲 (BG081)
2025-12-24 11:35:13 - c.c.h.service.HRDataProcessService - 處理員工: 廖浚佑 (CF081)
2025-12-24 11:35:13 - o.s.jdbc.core.JdbcTemplate - Executing prepared SQL query
2025-12-24 11:35:13 - o.s.jdbc.core.JdbcTemplate - Executing prepared SQL statement [SELECT COUNT(*) FROM public."TsAccount" WHERE "FLoginName" = ?]
2025-12-24 11:35:13 - o.s.jdbc.core.JdbcTemplate - Executing prepared SQL query
2025-12-24 11:35:13 - o.s.jdbc.core.JdbcTemplate - Executing prepared SQL statement [SELECT "id" FROM public."CUS_HRImport_Department" WHERE "full_name" = ?]
2025-12-24 11:35:13 - o.s.jdbc.core.JdbcTemplate - Executing prepared SQL query
2025-12-24 11:35:13 - o.s.jdbc.core.JdbcTemplate - Executing prepared SQL statement [SELECT "tree_level" FROM public."CUS_HRImport_Department" WHERE "id" = ?]
2025-12-24 11:35:13 - o.s.jdbc.core.JdbcTemplate - Executing prepared SQL update
2025-12-24 11:35:13 - o.s.jdbc.core.JdbcTemplate - Executing prepared SQL statement [UPDATE public."TsUser" SET "FName" = ?, "FMobile" = ?, "FDepartmentId" = ?, "U_EmployeeCore" = ?, "FSeatId" = ? WHERE "FLoginName" = ?]
2025-12-24 11:35:13 - o.s.jdbc.core.JdbcTemplate - Executing prepared SQL update
2025-12-24 11:35:13 - o.s.jdbc.core.JdbcTemplate - Executing prepared SQL statement [UPDATE public."TsAccount" SET "FName" = ?, "FMobile" = ? WHERE "FLoginName" = ?]
2025-12-24 11:35:13 - c.c.h.service.HRDataProcessService - 更新員工: 廖浚佑 (CF081)
2025-12-24 11:35:13 - c.c.h.service.HRDataProcessService - 處理員工: 彭璿瑛 (CE064)
2025-12-24 11:35:13 - o.s.jdbc.core.JdbcTemplate - Executing prepared SQL query
2025-12-24 11:35:13 - o.s.jdbc.core.JdbcTemplate - Executing prepared SQL statement [SELECT COUNT(*) FROM public."TsAccount" WHERE "FLoginName" = ?]
2025-12-24 11:35:13 - o.s.jdbc.core.JdbcTemplate - Executing prepared SQL query
2025-12-24 11:35:13 - o.s.jdbc.core.JdbcTemplate - Executing prepared SQL statement [SELECT "id" FROM public."CUS_HRImport_Department" WHERE "full_name" = ?]
2025-12-24 11:35:13 - o.s.jdbc.core.JdbcTemplate - Executing prepared SQL query
2025-12-24 11:35:13 - o.s.jdbc.core.JdbcTemplate - Executing prepared SQL statement [SELECT "tree_level" FROM public."CUS_HRImport_Department" WHERE "id" = ?]
2025-12-24 11:35:13 - o.s.jdbc.core.JdbcTemplate - Executing prepared SQL update
2025-12-24 11:35:13 - o.s.jdbc.core.JdbcTemplate - Executing prepared SQL statement [UPDATE public."TsUser" SET "FName" = ?, "FMobile" = ?, "FDepartmentId" = ?, "U_EmployeeCore" = ?, "FSeatId" = ? WHERE "FLoginName" = ?]
2025-12-24 11:35:13 - o.s.jdbc.core.JdbcTemplate - Executing prepared SQL update
2025-12-24 11:35:13 - o.s.jdbc.core.JdbcTemplate - Executing prepared SQL statement [UPDATE public."TsAccount" SET "FName" = ?, "FMobile" = ? WHERE "FLoginName" = ?]
2025-12-24 11:35:13 - c.c.h.service.HRDataProcessService - 更新員工: 彭璿瑛 (CE064)
2025-12-24 11:35:13 - c.c.h.service.HRDataProcessService - 處理員工: 陳慧玄 (CE027)
2025-12-24 11:35:13 - o.s.jdbc.core.JdbcTemplate - Executing prepared SQL query
2025-12-24 11:35:13 - o.s.jdbc.core.JdbcTemplate - Executing prepared SQL statement [SELECT COUNT(*) FROM public."TsAccount" WHERE "FLoginName" = ?]
2025-12-24 11:35:13 - o.s.jdbc.core.JdbcTemplate - Executing prepared SQL query
2025-12-24 11:35:13 - o.s.jdbc.core.JdbcTemplate - Executing prepared SQL statement [SELECT "id" FROM public."CUS_HRImport_Department" WHERE "full_name" = ?]
2025-12-24 11:35:13 - o.s.jdbc.core.JdbcTemplate - Executing prepared SQL query
2025-12-24 11:35:13 - o.s.jdbc.core.JdbcTemplate - Executing prepared SQL statement [SELECT "tree_level" FROM public."CUS_HRImport_Department" WHERE "id" = ?]
2025-12-24 11:35:13 - o.s.jdbc.core.JdbcTemplate - Executing prepared SQL update
2025-12-24 11:35:13 - o.s.jdbc.core.JdbcTemplate - Executing prepared SQL statement [UPDATE public."TsUser" SET "FName" = ?, "FMobile" = ?, "FDepartmentId" = ?, "U_EmployeeCore" = ?, "FSeatId" = ? WHERE "FLoginName" = ?]
2025-12-24 11:35:13 - o.s.jdbc.core.JdbcTemplate - Executing prepared SQL update
2025-12-24 11:35:13 - o.s.jdbc.core.JdbcTemplate - Executing prepared SQL statement [UPDATE public."TsAccount" SET "FName" = ?, "FMobile" = ? WHERE "FLoginName" = ?]
2025-12-24 11:35:13 - c.c.h.service.HRDataProcessService - 更新員工: 陳慧玄 (CE027)
2025-12-24 11:35:13 - c.c.h.service.HRDataProcessService - 處理員工: 賴玉瑄 (CE003)
2025-12-24 11:35:13 - o.s.jdbc.core.JdbcTemplate - Executing prepared SQL query
2025-12-24 11:35:13 - o.s.jdbc.core.JdbcTemplate - Executing prepared SQL statement [SELECT COUNT(*) FROM public."TsAccount" WHERE "FLoginName" = ?]
2025-12-24 11:35:13 - o.s.jdbc.core.JdbcTemplate - Executing prepared SQL query
2025-12-24 11:35:13 - o.s.jdbc.core.JdbcTemplate - Executing prepared SQL statement [SELECT "id" FROM public."CUS_HRImport_Department" WHERE "full_name" = ?]
2025-12-24 11:35:13 - o.s.jdbc.core.JdbcTemplate - Executing prepared SQL query
2025-12-24 11:35:13 - o.s.jdbc.core.JdbcTemplate - Executing prepared SQL statement [SELECT "tree_level" FROM public."CUS_HRImport_Department" WHERE "id" = ?]
2025-12-24 11:35:13 - o.s.jdbc.core.JdbcTemplate - Executing prepared SQL update
2025-12-24 11:35:13 - o.s.jdbc.core.JdbcTemplate - Executing prepared SQL statement [UPDATE public."TsUser" SET "FName" = ?, "FMobile" = ?, "FDepartmentId" = ?, "U_EmployeeCore" = ?, "FSeatId" = ? WHERE "FLoginName" = ?]
2025-12-24 11:35:13 - o.s.jdbc.core.JdbcTemplate - Executing prepared SQL update
2025-12-24 11:35:13 - o.s.jdbc.core.JdbcTemplate - Executing prepared SQL statement [UPDATE public."TsAccount" SET "FName" = ?, "FMobile" = ? WHERE "FLoginName" = ?]
2025-12-24 11:35:13 - c.c.h.service.HRDataProcessService - 更新員工: 賴玉瑄 (CE003)
2025-12-24 11:35:13 - c.c.h.service.HRDataProcessService - 處理員工: 王瀞敏 (BF080)
2025-12-24 11:35:13 - o.s.jdbc.core.JdbcTemplate - Executing prepared SQL query
2025-12-24 11:35:13 - o.s.jdbc.core.JdbcTemplate - Executing prepared SQL statement [SELECT COUNT(*) FROM public."TsAccount" WHERE "FLoginName" = ?]
2025-12-24 11:35:13 - o.s.jdbc.core.JdbcTemplate - Executing prepared SQL query
2025-12-24 11:35:13 - o.s.jdbc.core.JdbcTemplate - Executing prepared SQL statement [SELECT "id" FROM public."CUS_HRImport_Department" WHERE "full_name" = ?]
2025-12-24 11:35:13 - o.s.jdbc.core.JdbcTemplate - Executing prepared SQL query
2025-12-24 11:35:13 - o.s.jdbc.core.JdbcTemplate - Executing prepared SQL statement [SELECT "tree_level" FROM public."CUS_HRImport_Department" WHERE "id" = ?]
2025-12-24 11:35:13 - o.s.jdbc.core.JdbcTemplate - Executing prepared SQL update
2025-12-24 11:35:13 - o.s.jdbc.core.JdbcTemplate - Executing prepared SQL statement [UPDATE public."TsUser" SET "FName" = ?, "FMobile" = ?, "FDepartmentId" = ?, "U_EmployeeCore" = ?, "FSeatId" = ? WHERE "FLoginName" = ?]
2025-12-24 11:35:13 - o.s.jdbc.core.JdbcTemplate - Executing prepared SQL update
2025-12-24 11:35:13 - o.s.jdbc.core.JdbcTemplate - Executing prepared SQL statement [UPDATE public."TsAccount" SET "FName" = ?, "FMobile" = ? WHERE "FLoginName" = ?]
2025-12-24 11:35:13 - c.c.h.service.HRDataProcessService - 更新員工: 王瀞敏 (BF080)
2025-12-24 11:35:13 - c.c.h.service.HRDataProcessService - 處理員工: 陳泱羽 (CD044)
2025-12-24 11:35:13 - o.s.jdbc.core.JdbcTemplate - Executing prepared SQL query
2025-12-24 11:35:13 - o.s.jdbc.core.JdbcTemplate - Executing prepared SQL statement [SELECT COUNT(*) FROM public."TsAccount" WHERE "FLoginName" = ?]
2025-12-24 11:35:13 - o.s.jdbc.core.JdbcTemplate - Executing prepared SQL query
2025-12-24 11:35:13 - o.s.jdbc.core.JdbcTemplate - Executing prepared SQL statement [SELECT "id" FROM public."CUS_HRImport_Department" WHERE "full_name" = ?]
2025-12-24 11:35:13 - o.s.jdbc.core.JdbcTemplate - Executing prepared SQL query
2025-12-24 11:35:13 - o.s.jdbc.core.JdbcTemplate - Executing prepared SQL statement [SELECT "tree_level" FROM public."CUS_HRImport_Department" WHERE "id" = ?]
2025-12-24 11:35:13 - o.s.jdbc.core.JdbcTemplate - Executing prepared SQL update
2025-12-24 11:35:13 - o.s.jdbc.core.JdbcTemplate - Executing prepared SQL statement [UPDATE public."TsUser" SET "FName" = ?, "FMobile" = ?, "FDepartmentId" = ?, "U_EmployeeCore" = ?, "FSeatId" = ? WHERE "FLoginName" = ?]
2025-12-24 11:35:13 - o.s.jdbc.core.JdbcTemplate - Executing prepared SQL update
2025-12-24 11:35:13 - o.s.jdbc.core.JdbcTemplate - Executing prepared SQL statement [UPDATE public."TsAccount" SET "FName" = ?, "FMobile" = ? WHERE "FLoginName" = ?]
2025-12-24 11:35:13 - c.c.h.service.HRDataProcessService - 更新員工: 陳泱羽 (CD044)
2025-12-24 11:35:13 - c.c.h.service.HRDataProcessService - 處理員工: 徐劭宇 (CD080)
2025-12-24 11:35:13 - o.s.jdbc.core.JdbcTemplate - Executing prepared SQL query
2025-12-24 11:35:13 - o.s.jdbc.core.JdbcTemplate - Executing prepared SQL statement [SELECT COUNT(*) FROM public."TsAccount" WHERE "FLoginName" = ?]
2025-12-24 11:35:13 - o.s.jdbc.core.JdbcTemplate - Executing prepared SQL query
2025-12-24 11:35:13 - o.s.jdbc.core.JdbcTemplate - Executing prepared SQL statement [SELECT "id" FROM public."CUS_HRImport_Department" WHERE "full_name" = ?]
2025-12-24 11:35:13 - o.s.jdbc.core.JdbcTemplate - Executing prepared SQL query
2025-12-24 11:35:13 - o.s.jdbc.core.JdbcTemplate - Executing prepared SQL statement [SELECT "tree_level" FROM public."CUS_HRImport_Department" WHERE "id" = ?]
2025-12-24 11:35:13 - o.s.jdbc.core.JdbcTemplate - Executing prepared SQL update
2025-12-24 11:35:13 - o.s.jdbc.core.JdbcTemplate - Executing prepared SQL statement [UPDATE public."TsUser" SET "FName" = ?, "FMobile" = ?, "FDepartmentId" = ?, "U_EmployeeCore" = ?, "FSeatId" = ? WHERE "FLoginName" = ?]
2025-12-24 11:35:13 - o.s.jdbc.core.JdbcTemplate - Executing prepared SQL update
2025-12-24 11:35:13 - o.s.jdbc.core.JdbcTemplate - Executing prepared SQL statement [UPDATE public."TsAccount" SET "FName" = ?, "FMobile" = ? WHERE "FLoginName" = ?]
2025-12-24 11:35:13 - c.c.h.service.HRDataProcessService - 更新員工: 徐劭宇 (CD080)
2025-12-24 11:35:13 - c.c.h.service.HRDataProcessService - 處理員工: 吳明螢 (BG097)
2025-12-24 11:35:13 - o.s.jdbc.core.JdbcTemplate - Executing prepared SQL query
2025-12-24 11:35:13 - o.s.jdbc.core.JdbcTemplate - Executing prepared SQL statement [SELECT COUNT(*) FROM public."TsAccount" WHERE "FLoginName" = ?]
2025-12-24 11:35:13 - o.s.jdbc.core.JdbcTemplate - Executing prepared SQL query
2025-12-24 11:35:13 - o.s.jdbc.core.JdbcTemplate - Executing prepared SQL statement [SELECT "id" FROM public."CUS_HRImport_Department" WHERE "full_name" = ?]
2025-12-24 11:35:13 - o.s.jdbc.core.JdbcTemplate - Executing prepared SQL query
2025-12-24 11:35:13 - o.s.jdbc.core.JdbcTemplate - Executing prepared SQL statement [SELECT "tree_level" FROM public."CUS_HRImport_Department" WHERE "id" = ?]
2025-12-24 11:35:13 - o.s.jdbc.core.JdbcTemplate - Executing prepared SQL update
2025-12-24 11:35:13 - o.s.jdbc.core.JdbcTemplate - Executing prepared SQL statement [UPDATE public."TsUser" SET "FName" = ?, "FMobile" = ?, "FDepartmentId" = ?, "U_EmployeeCore" = ?, "FSeatId" = ? WHERE "FLoginName" = ?]
2025-12-24 11:35:13 - o.s.jdbc.core.JdbcTemplate - Executing prepared SQL update
2025-12-24 11:35:13 - o.s.jdbc.core.JdbcTemplate - Executing prepared SQL statement [UPDATE public."TsAccount" SET "FName" = ?, "FMobile" = ? WHERE "FLoginName" = ?]
2025-12-24 11:35:13 - c.c.h.service.HRDataProcessService - 更新員工: 吳明螢 (BG097)
2025-12-24 11:35:13 - c.c.h.service.HRDataProcessService - 處理員工: 紀品瑍 (AG245)
2025-12-24 11:35:13 - o.s.jdbc.core.JdbcTemplate - Executing prepared SQL query
2025-12-24 11:35:13 - o.s.jdbc.core.JdbcTemplate - Executing prepared SQL statement [SELECT COUNT(*) FROM public."TsAccount" WHERE "FLoginName" = ?]
2025-12-24 11:35:13 - o.s.jdbc.core.JdbcTemplate - Executing prepared SQL query
2025-12-24 11:35:13 - o.s.jdbc.core.JdbcTemplate - Executing prepared SQL statement [SELECT "id" FROM public."CUS_HRImport_Department" WHERE "full_name" = ?]
2025-12-24 11:35:13 - o.s.jdbc.core.JdbcTemplate - Executing prepared SQL query
2025-12-24 11:35:13 - o.s.jdbc.core.JdbcTemplate - Executing prepared SQL statement [SELECT "tree_level" FROM public."CUS_HRImport_Department" WHERE "id" = ?]
2025-12-24 11:35:13 - o.s.jdbc.core.JdbcTemplate - Executing prepared SQL update
2025-12-24 11:35:13 - o.s.jdbc.core.JdbcTemplate - Executing prepared SQL statement [UPDATE public."TsUser" SET "FName" = ?, "FMobile" = ?, "FDepartmentId" = ?, "U_EmployeeCore" = ?, "FSeatId" = ? WHERE "FLoginName" = ?]
2025-12-24 11:35:13 - o.s.jdbc.core.JdbcTemplate - Executing prepared SQL update
2025-12-24 11:35:13 - o.s.jdbc.core.JdbcTemplate - Executing prepared SQL statement [UPDATE public."TsAccount" SET "FName" = ?, "FMobile" = ? WHERE "FLoginName" = ?]
2025-12-24 11:35:13 - c.c.h.service.HRDataProcessService - 更新員工: 紀品瑍 (AG245)
2025-12-24 11:35:13 - c.c.h.service.HRDataProcessService - 處理員工: 陳育祥 (BJ028)
2025-12-24 11:35:13 - o.s.jdbc.core.JdbcTemplate - Executing prepared SQL query
2025-12-24 11:35:13 - o.s.jdbc.core.JdbcTemplate - Executing prepared SQL statement [SELECT COUNT(*) FROM public."TsAccount" WHERE "FLoginName" = ?]
2025-12-24 11:35:13 - o.s.jdbc.core.JdbcTemplate - Executing prepared SQL query
2025-12-24 11:35:13 - o.s.jdbc.core.JdbcTemplate - Executing prepared SQL statement [SELECT "id" FROM public."CUS_HRImport_Department" WHERE "full_name" = ?]
2025-12-24 11:35:13 - o.s.jdbc.core.JdbcTemplate - Executing prepared SQL query
2025-12-24 11:35:13 - o.s.jdbc.core.JdbcTemplate - Executing prepared SQL statement [SELECT "tree_level" FROM public."CUS_HRImport_Department" WHERE "id" = ?]
2025-12-24 11:35:13 - o.s.jdbc.core.JdbcTemplate - Executing prepared SQL update
2025-12-24 11:35:13 - o.s.jdbc.core.JdbcTemplate - Executing prepared SQL statement [UPDATE public."TsUser" SET "FName" = ?, "FMobile" = ?, "FDepartmentId" = ?, "U_EmployeeCore" = ?, "FSeatId" = ? WHERE "FLoginName" = ?]
2025-12-24 11:35:13 - o.s.jdbc.core.JdbcTemplate - Executing prepared SQL update
2025-12-24 11:35:13 - o.s.jdbc.core.JdbcTemplate - Executing prepared SQL statement [UPDATE public."TsAccount" SET "FName" = ?, "FMobile" = ? WHERE "FLoginName" = ?]
2025-12-24 11:35:13 - c.c.h.service.HRDataProcessService - 更新員工: 陳育祥 (BJ028)
2025-12-24 11:35:13 - c.c.h.service.HRDataProcessService - 處理員工: 黃秀榕 (BL024)
2025-12-24 11:35:13 - o.s.jdbc.core.JdbcTemplate - Executing prepared SQL query
2025-12-24 11:35:13 - o.s.jdbc.core.JdbcTemplate - Executing prepared SQL statement [SELECT COUNT(*) FROM public."TsAccount" WHERE "FLoginName" = ?]
2025-12-24 11:35:13 - o.s.jdbc.core.JdbcTemplate - Executing prepared SQL query
2025-12-24 11:35:13 - o.s.jdbc.core.JdbcTemplate - Executing prepared SQL statement [SELECT "id" FROM public."CUS_HRImport_Department" WHERE "full_name" = ?]
2025-12-24 11:35:13 - o.s.jdbc.core.JdbcTemplate - Executing prepared SQL query
2025-12-24 11:35:13 - o.s.jdbc.core.JdbcTemplate - Executing prepared SQL statement [SELECT "tree_level" FROM public."CUS_HRImport_Department" WHERE "id" = ?]
2025-12-24 11:35:13 - o.s.jdbc.core.JdbcTemplate - Executing prepared SQL update
2025-12-24 11:35:13 - o.s.jdbc.core.JdbcTemplate - Executing prepared SQL statement [UPDATE public."TsUser" SET "FName" = ?, "FMobile" = ?, "FDepartmentId" = ?, "U_EmployeeCore" = ?, "FSeatId" = ? WHERE "FLoginName" = ?]
2025-12-24 11:35:13 - o.s.jdbc.core.JdbcTemplate - Executing prepared SQL update
2025-12-24 11:35:13 - o.s.jdbc.core.JdbcTemplate - Executing prepared SQL statement [UPDATE public."TsAccount" SET "FName" = ?, "FMobile" = ? WHERE "FLoginName" = ?]
2025-12-24 11:35:13 - c.c.h.service.HRDataProcessService - 更新員工: 黃秀榕 (BL024)
2025-12-24 11:35:13 - c.c.h.service.HRDataProcessService - 處理員工: 黃俊銘 (BA113)
2025-12-24 11:35:13 - o.s.jdbc.core.JdbcTemplate - Executing prepared SQL query
2025-12-24 11:35:13 - o.s.jdbc.core.JdbcTemplate - Executing prepared SQL statement [SELECT COUNT(*) FROM public."TsAccount" WHERE "FLoginName" = ?]
2025-12-24 11:35:13 - o.s.jdbc.core.JdbcTemplate - Executing prepared SQL query
2025-12-24 11:35:13 - o.s.jdbc.core.JdbcTemplate - Executing prepared SQL statement [SELECT "id" FROM public."CUS_HRImport_Department" WHERE "full_name" = ?]
2025-12-24 11:35:13 - o.s.jdbc.core.JdbcTemplate - Executing prepared SQL query
2025-12-24 11:35:13 - o.s.jdbc.core.JdbcTemplate - Executing prepared SQL statement [SELECT "tree_level" FROM public."CUS_HRImport_Department" WHERE "id" = ?]
2025-12-24 11:35:13 - o.s.jdbc.core.JdbcTemplate - Executing prepared SQL update
2025-12-24 11:35:13 - o.s.jdbc.core.JdbcTemplate - Executing prepared SQL statement [UPDATE public."TsUser" SET "FName" = ?, "FMobile" = ?, "FDepartmentId" = ?, "U_EmployeeCore" = ?, "FSeatId" = ? WHERE "FLoginName" = ?]
2025-12-24 11:35:13 - o.s.jdbc.core.JdbcTemplate - Executing prepared SQL update
2025-12-24 11:35:13 - o.s.jdbc.core.JdbcTemplate - Executing prepared SQL statement [UPDATE public."TsAccount" SET "FName" = ?, "FMobile" = ? WHERE "FLoginName" = ?]
2025-12-24 11:35:13 - c.c.h.service.HRDataProcessService - 更新員工: 黃俊銘 (BA113)
2025-12-24 11:35:13 - c.c.h.service.HRDataProcessService - 處理員工: 楊妹婷 (AJ090)
2025-12-24 11:35:13 - o.s.jdbc.core.JdbcTemplate - Executing prepared SQL query
2025-12-24 11:35:13 - o.s.jdbc.core.JdbcTemplate - Executing prepared SQL statement [SELECT COUNT(*) FROM public."TsAccount" WHERE "FLoginName" = ?]
2025-12-24 11:35:13 - o.s.jdbc.core.JdbcTemplate - Executing prepared SQL query
2025-12-24 11:35:13 - o.s.jdbc.core.JdbcTemplate - Executing prepared SQL statement [SELECT "id" FROM public."CUS_HRImport_Department" WHERE "full_name" = ?]
2025-12-24 11:35:13 - o.s.jdbc.core.JdbcTemplate - Executing prepared SQL query
2025-12-24 11:35:13 - o.s.jdbc.core.JdbcTemplate - Executing prepared SQL statement [SELECT "tree_level" FROM public."CUS_HRImport_Department" WHERE "id" = ?]
2025-12-24 11:35:13 - o.s.jdbc.core.JdbcTemplate - Executing prepared SQL update
2025-12-24 11:35:13 - o.s.jdbc.core.JdbcTemplate - Executing prepared SQL statement [UPDATE public."TsUser" SET "FName" = ?, "FMobile" = ?, "FDepartmentId" = ?, "U_EmployeeCore" = ?, "FSeatId" = ? WHERE "FLoginName" = ?]
2025-12-24 11:35:13 - o.s.jdbc.core.JdbcTemplate - Executing prepared SQL update
2025-12-24 11:35:13 - o.s.jdbc.core.JdbcTemplate - Executing prepared SQL statement [UPDATE public."TsAccount" SET "FName" = ?, "FMobile" = ? WHERE "FLoginName" = ?]
2025-12-24 11:35:13 - c.c.h.service.HRDataProcessService - 更新員工: 楊妹婷 (AJ090)
2025-12-24 11:35:13 - c.c.h.service.HRDataProcessService - 處理員工: 張耘芳 (BD030)
2025-12-24 11:35:13 - o.s.jdbc.core.JdbcTemplate - Executing prepared SQL query
2025-12-24 11:35:13 - o.s.jdbc.core.JdbcTemplate - Executing prepared SQL statement [SELECT COUNT(*) FROM public."TsAccount" WHERE "FLoginName" = ?]
2025-12-24 11:35:13 - o.s.jdbc.core.JdbcTemplate - Executing prepared SQL query
2025-12-24 11:35:13 - o.s.jdbc.core.JdbcTemplate - Executing prepared SQL statement [SELECT "id" FROM public."CUS_HRImport_Department" WHERE "full_name" = ?]
2025-12-24 11:35:13 - o.s.jdbc.core.JdbcTemplate - Executing prepared SQL query
2025-12-24 11:35:13 - o.s.jdbc.core.JdbcTemplate - Executing prepared SQL statement [SELECT "tree_level" FROM public."CUS_HRImport_Department" WHERE "id" = ?]
2025-12-24 11:35:13 - o.s.jdbc.core.JdbcTemplate - Executing prepared SQL update
2025-12-24 11:35:13 - o.s.jdbc.core.JdbcTemplate - Executing prepared SQL statement [UPDATE public."TsUser" SET "FName" = ?, "FMobile" = ?, "FDepartmentId" = ?, "U_EmployeeCore" = ?, "FSeatId" = ? WHERE "FLoginName" = ?]
2025-12-24 11:35:13 - o.s.jdbc.core.JdbcTemplate - Executing prepared SQL update
2025-12-24 11:35:13 - o.s.jdbc.core.JdbcTemplate - Executing prepared SQL statement [UPDATE public."TsAccount" SET "FName" = ?, "FMobile" = ? WHERE "FLoginName" = ?]
2025-12-24 11:35:13 - c.c.h.service.HRDataProcessService - 更新員工: 張耘芳 (BD030)
2025-12-24 11:35:13 - c.c.h.service.HRDataProcessService - 處理員工: 傅政豪 (BD054)
2025-12-24 11:35:13 - o.s.jdbc.core.JdbcTemplate - Executing prepared SQL query
2025-12-24 11:35:13 - o.s.jdbc.core.JdbcTemplate - Executing prepared SQL statement [SELECT COUNT(*) FROM public."TsAccount" WHERE "FLoginName" = ?]
2025-12-24 11:35:13 - o.s.jdbc.core.JdbcTemplate - Executing prepared SQL query
2025-12-24 11:35:13 - o.s.jdbc.core.JdbcTemplate - Executing prepared SQL statement [SELECT "id" FROM public."CUS_HRImport_Department" WHERE "full_name" = ?]
2025-12-24 11:35:13 - o.s.jdbc.core.JdbcTemplate - Executing prepared SQL query
2025-12-24 11:35:13 - o.s.jdbc.core.JdbcTemplate - Executing prepared SQL statement [SELECT "tree_level" FROM public."CUS_HRImport_Department" WHERE "id" = ?]
2025-12-24 11:35:13 - o.s.jdbc.core.JdbcTemplate - Executing prepared SQL update
2025-12-24 11:35:13 - o.s.jdbc.core.JdbcTemplate - Executing prepared SQL statement [UPDATE public."TsUser" SET "FName" = ?, "FMobile" = ?, "FDepartmentId" = ?, "U_EmployeeCore" = ?, "FSeatId" = ? WHERE "FLoginName" = ?]
2025-12-24 11:35:13 - o.s.jdbc.core.JdbcTemplate - Executing prepared SQL update
2025-12-24 11:35:13 - o.s.jdbc.core.JdbcTemplate - Executing prepared SQL statement [UPDATE public."TsAccount" SET "FName" = ?, "FMobile" = ? WHERE "FLoginName" = ?]
2025-12-24 11:35:13 - c.c.h.service.HRDataProcessService - 更新員工: 傅政豪 (BD054)
2025-12-24 11:35:13 - c.c.h.service.HRDataProcessService - 處理員工: 賴巧芸 (BJ027)
2025-12-24 11:35:13 - o.s.jdbc.core.JdbcTemplate - Executing prepared SQL query
2025-12-24 11:35:13 - o.s.jdbc.core.JdbcTemplate - Executing prepared SQL statement [SELECT COUNT(*) FROM public."TsAccount" WHERE "FLoginName" = ?]
2025-12-24 11:35:13 - o.s.jdbc.core.JdbcTemplate - Executing prepared SQL query
2025-12-24 11:35:13 - o.s.jdbc.core.JdbcTemplate - Executing prepared SQL statement [SELECT "id" FROM public."CUS_HRImport_Department" WHERE "full_name" = ?]
2025-12-24 11:35:13 - o.s.jdbc.core.JdbcTemplate - Executing prepared SQL query
2025-12-24 11:35:13 - o.s.jdbc.core.JdbcTemplate - Executing prepared SQL statement [SELECT "tree_level" FROM public."CUS_HRImport_Department" WHERE "id" = ?]
2025-12-24 11:35:13 - o.s.jdbc.core.JdbcTemplate - Executing prepared SQL update
2025-12-24 11:35:13 - o.s.jdbc.core.JdbcTemplate - Executing prepared SQL statement [UPDATE public."TsUser" SET "FName" = ?, "FMobile" = ?, "FDepartmentId" = ?, "U_EmployeeCore" = ?, "FSeatId" = ? WHERE "FLoginName" = ?]
2025-12-24 11:35:13 - o.s.jdbc.core.JdbcTemplate - Executing prepared SQL update
2025-12-24 11:35:13 - o.s.jdbc.core.JdbcTemplate - Executing prepared SQL statement [UPDATE public."TsAccount" SET "FName" = ?, "FMobile" = ? WHERE "FLoginName" = ?]
2025-12-24 11:35:13 - c.c.h.service.HRDataProcessService - 更新員工: 賴巧芸 (BJ027)
2025-12-24 11:35:13 - c.c.h.service.HRDataProcessService - 處理員工: 沈珊宇 (BL027)
2025-12-24 11:35:13 - o.s.jdbc.core.JdbcTemplate - Executing prepared SQL query
2025-12-24 11:35:13 - o.s.jdbc.core.JdbcTemplate - Executing prepared SQL statement [SELECT COUNT(*) FROM public."TsAccount" WHERE "FLoginName" = ?]
2025-12-24 11:35:13 - o.s.jdbc.core.JdbcTemplate - Executing prepared SQL query
2025-12-24 11:35:13 - o.s.jdbc.core.JdbcTemplate - Executing prepared SQL statement [SELECT "id" FROM public."CUS_HRImport_Department" WHERE "full_name" = ?]
2025-12-24 11:35:13 - o.s.jdbc.core.JdbcTemplate - Executing prepared SQL query
2025-12-24 11:35:13 - o.s.jdbc.core.JdbcTemplate - Executing prepared SQL statement [SELECT "tree_level" FROM public."CUS_HRImport_Department" WHERE "id" = ?]
2025-12-24 11:35:13 - o.s.jdbc.core.JdbcTemplate - Executing prepared SQL update
2025-12-24 11:35:13 - o.s.jdbc.core.JdbcTemplate - Executing prepared SQL statement [UPDATE public."TsUser" SET "FName" = ?, "FMobile" = ?, "FDepartmentId" = ?, "U_EmployeeCore" = ?, "FSeatId" = ? WHERE "FLoginName" = ?]
2025-12-24 11:35:13 - o.s.jdbc.core.JdbcTemplate - Executing prepared SQL update
2025-12-24 11:35:13 - o.s.jdbc.core.JdbcTemplate - Executing prepared SQL statement [UPDATE public."TsAccount" SET "FName" = ?, "FMobile" = ? WHERE "FLoginName" = ?]
2025-12-24 11:35:13 - c.c.h.service.HRDataProcessService - 更新員工: 沈珊宇 (BL027)
2025-12-24 11:35:13 - c.c.h.service.HRDataProcessService - 處理員工: 林怡吟 (CC059)
2025-12-24 11:35:13 - o.s.jdbc.core.JdbcTemplate - Executing prepared SQL query
2025-12-24 11:35:13 - o.s.jdbc.core.JdbcTemplate - Executing prepared SQL statement [SELECT COUNT(*) FROM public."TsAccount" WHERE "FLoginName" = ?]
2025-12-24 11:35:13 - o.s.jdbc.core.JdbcTemplate - Executing prepared SQL query
2025-12-24 11:35:13 - o.s.jdbc.core.JdbcTemplate - Executing prepared SQL statement [SELECT "id" FROM public."CUS_HRImport_Department" WHERE "full_name" = ?]
2025-12-24 11:35:13 - o.s.jdbc.core.JdbcTemplate - Executing prepared SQL query
2025-12-24 11:35:13 - o.s.jdbc.core.JdbcTemplate - Executing prepared SQL statement [SELECT "tree_level" FROM public."CUS_HRImport_Department" WHERE "id" = ?]
2025-12-24 11:35:13 - o.s.jdbc.core.JdbcTemplate - Executing prepared SQL update
2025-12-24 11:35:13 - o.s.jdbc.core.JdbcTemplate - Executing prepared SQL statement [UPDATE public."TsUser" SET "FName" = ?, "FMobile" = ?, "FDepartmentId" = ?, "U_EmployeeCore" = ?, "FSeatId" = ? WHERE "FLoginName" = ?]
2025-12-24 11:35:13 - o.s.jdbc.core.JdbcTemplate - Executing prepared SQL update
2025-12-24 11:35:13 - o.s.jdbc.core.JdbcTemplate - Executing prepared SQL statement [UPDATE public."TsAccount" SET "FName" = ?, "FMobile" = ? WHERE "FLoginName" = ?]
2025-12-24 11:35:13 - c.c.h.service.HRDataProcessService - 更新員工: 林怡吟 (CC059)
2025-12-24 11:35:13 - c.c.h.service.HRDataProcessService - 處理員工: 謝佳珊 (CF003)
2025-12-24 11:35:13 - o.s.jdbc.core.JdbcTemplate - Executing prepared SQL query
2025-12-24 11:35:13 - o.s.jdbc.core.JdbcTemplate - Executing prepared SQL statement [SELECT COUNT(*) FROM public."TsAccount" WHERE "FLoginName" = ?]
2025-12-24 11:35:14 - o.s.jdbc.core.JdbcTemplate - Executing prepared SQL query
2025-12-24 11:35:14 - o.s.jdbc.core.JdbcTemplate - Executing prepared SQL statement [SELECT "id" FROM public."CUS_HRImport_Department" WHERE "full_name" = ?]
2025-12-24 11:35:14 - o.s.jdbc.core.JdbcTemplate - Executing prepared SQL query
2025-12-24 11:35:14 - o.s.jdbc.core.JdbcTemplate - Executing prepared SQL statement [SELECT "tree_level" FROM public."CUS_HRImport_Department" WHERE "id" = ?]
2025-12-24 11:35:14 - o.s.jdbc.core.JdbcTemplate - Executing prepared SQL update
2025-12-24 11:35:14 - o.s.jdbc.core.JdbcTemplate - Executing prepared SQL statement [UPDATE public."TsUser" SET "FName" = ?, "FMobile" = ?, "FDepartmentId" = ?, "U_EmployeeCore" = ?, "FSeatId" = ? WHERE "FLoginName" = ?]
2025-12-24 11:35:14 - o.s.jdbc.core.JdbcTemplate - Executing prepared SQL update
2025-12-24 11:35:14 - o.s.jdbc.core.JdbcTemplate - Executing prepared SQL statement [UPDATE public."TsAccount" SET "FName" = ?, "FMobile" = ? WHERE "FLoginName" = ?]
2025-12-24 11:35:14 - c.c.h.service.HRDataProcessService - 更新員工: 謝佳珊 (CF003)
2025-12-24 11:35:14 - c.c.h.service.HRDataProcessService - 處理員工: 張仕旻 (CE084)
2025-12-24 11:35:14 - o.s.jdbc.core.JdbcTemplate - Executing prepared SQL query
2025-12-24 11:35:14 - o.s.jdbc.core.JdbcTemplate - Executing prepared SQL statement [SELECT COUNT(*) FROM public."TsAccount" WHERE "FLoginName" = ?]
2025-12-24 11:35:14 - o.s.jdbc.core.JdbcTemplate - Executing prepared SQL query
2025-12-24 11:35:14 - o.s.jdbc.core.JdbcTemplate - Executing prepared SQL statement [SELECT "id" FROM public."CUS_HRImport_Department" WHERE "full_name" = ?]
2025-12-24 11:35:14 - o.s.jdbc.core.JdbcTemplate - Executing prepared SQL query
2025-12-24 11:35:14 - o.s.jdbc.core.JdbcTemplate - Executing prepared SQL statement [SELECT "tree_level" FROM public."CUS_HRImport_Department" WHERE "id" = ?]
2025-12-24 11:35:14 - o.s.jdbc.core.JdbcTemplate - Executing prepared SQL update
2025-12-24 11:35:14 - o.s.jdbc.core.JdbcTemplate - Executing prepared SQL statement [UPDATE public."TsUser" SET "FName" = ?, "FMobile" = ?, "FDepartmentId" = ?, "U_EmployeeCore" = ?, "FSeatId" = ? WHERE "FLoginName" = ?]
2025-12-24 11:35:14 - o.s.jdbc.core.JdbcTemplate - Executing prepared SQL update
2025-12-24 11:35:14 - o.s.jdbc.core.JdbcTemplate - Executing prepared SQL statement [UPDATE public."TsAccount" SET "FName" = ?, "FMobile" = ? WHERE "FLoginName" = ?]
2025-12-24 11:35:14 - c.c.h.service.HRDataProcessService - 更新員工: 張仕旻 (CE084)
2025-12-24 11:35:14 - c.c.h.service.HRDataProcessService - 處理員工: 湯曉卿 (CF035)
2025-12-24 11:35:14 - o.s.jdbc.core.JdbcTemplate - Executing prepared SQL query
2025-12-24 11:35:14 - o.s.jdbc.core.JdbcTemplate - Executing prepared SQL statement [SELECT COUNT(*) FROM public."TsAccount" WHERE "FLoginName" = ?]
2025-12-24 11:35:14 - o.s.jdbc.core.JdbcTemplate - Executing prepared SQL query
2025-12-24 11:35:14 - o.s.jdbc.core.JdbcTemplate - Executing prepared SQL statement [SELECT "id" FROM public."CUS_HRImport_Department" WHERE "full_name" = ?]
2025-12-24 11:35:14 - o.s.jdbc.core.JdbcTemplate - Executing prepared SQL query
2025-12-24 11:35:14 - o.s.jdbc.core.JdbcTemplate - Executing prepared SQL statement [SELECT "tree_level" FROM public."CUS_HRImport_Department" WHERE "id" = ?]
2025-12-24 11:35:14 - o.s.jdbc.core.JdbcTemplate - Executing prepared SQL update
2025-12-24 11:35:14 - o.s.jdbc.core.JdbcTemplate - Executing prepared SQL statement [UPDATE public."TsUser" SET "FName" = ?, "FMobile" = ?, "FDepartmentId" = ?, "U_EmployeeCore" = ?, "FSeatId" = ? WHERE "FLoginName" = ?]
2025-12-24 11:35:14 - o.s.jdbc.core.JdbcTemplate - Executing prepared SQL update
2025-12-24 11:35:14 - o.s.jdbc.core.JdbcTemplate - Executing prepared SQL statement [UPDATE public."TsAccount" SET "FName" = ?, "FMobile" = ? WHERE "FLoginName" = ?]
2025-12-24 11:35:14 - c.c.h.service.HRDataProcessService - 更新員工: 湯曉卿 (CF035)
2025-12-24 11:35:14 - c.c.h.service.HRDataProcessService - 處理員工: 沈柏宇 (CC006)
2025-12-24 11:35:14 - o.s.jdbc.core.JdbcTemplate - Executing prepared SQL query
2025-12-24 11:35:14 - o.s.jdbc.core.JdbcTemplate - Executing prepared SQL statement [SELECT COUNT(*) FROM public."TsAccount" WHERE "FLoginName" = ?]
2025-12-24 11:35:14 - o.s.jdbc.core.JdbcTemplate - Executing prepared SQL query
2025-12-24 11:35:14 - o.s.jdbc.core.JdbcTemplate - Executing prepared SQL statement [SELECT "id" FROM public."CUS_HRImport_Department" WHERE "full_name" = ?]
2025-12-24 11:35:14 - o.s.jdbc.core.JdbcTemplate - Executing prepared SQL query
2025-12-24 11:35:14 - o.s.jdbc.core.JdbcTemplate - Executing prepared SQL statement [SELECT "tree_level" FROM public."CUS_HRImport_Department" WHERE "id" = ?]
2025-12-24 11:35:14 - o.s.jdbc.core.JdbcTemplate - Executing prepared SQL update
2025-12-24 11:35:14 - o.s.jdbc.core.JdbcTemplate - Executing prepared SQL statement [UPDATE public."TsUser" SET "FName" = ?, "FMobile" = ?, "FDepartmentId" = ?, "U_EmployeeCore" = ?, "FSeatId" = ? WHERE "FLoginName" = ?]
2025-12-24 11:35:14 - o.s.jdbc.core.JdbcTemplate - Executing prepared SQL update
2025-12-24 11:35:14 - o.s.jdbc.core.JdbcTemplate - Executing prepared SQL statement [UPDATE public."TsAccount" SET "FName" = ?, "FMobile" = ? WHERE "FLoginName" = ?]
2025-12-24 11:35:14 - c.c.h.service.HRDataProcessService - 更新員工: 沈柏宇 (CC006)
2025-12-24 11:35:14 - c.c.h.service.HRDataProcessService - 處理員工: 胡雅婷 (CD018)
2025-12-24 11:35:14 - o.s.jdbc.core.JdbcTemplate - Executing prepared SQL query
2025-12-24 11:35:14 - o.s.jdbc.core.JdbcTemplate - Executing prepared SQL statement [SELECT COUNT(*) FROM public."TsAccount" WHERE "FLoginName" = ?]
2025-12-24 11:35:14 - o.s.jdbc.core.JdbcTemplate - Executing prepared SQL query
2025-12-24 11:35:14 - o.s.jdbc.core.JdbcTemplate - Executing prepared SQL statement [SELECT "id" FROM public."CUS_HRImport_Department" WHERE "full_name" = ?]
2025-12-24 11:35:14 - o.s.jdbc.core.JdbcTemplate - Executing prepared SQL query
2025-12-24 11:35:14 - o.s.jdbc.core.JdbcTemplate - Executing prepared SQL statement [SELECT "tree_level" FROM public."CUS_HRImport_Department" WHERE "id" = ?]
2025-12-24 11:35:14 - o.s.jdbc.core.JdbcTemplate - Executing prepared SQL update
2025-12-24 11:35:14 - o.s.jdbc.core.JdbcTemplate - Executing prepared SQL statement [UPDATE public."TsUser" SET "FName" = ?, "FMobile" = ?, "FDepartmentId" = ?, "U_EmployeeCore" = ?, "FSeatId" = ? WHERE "FLoginName" = ?]
2025-12-24 11:35:14 - o.s.jdbc.core.JdbcTemplate - Executing prepared SQL update
2025-12-24 11:35:14 - o.s.jdbc.core.JdbcTemplate - Executing prepared SQL statement [UPDATE public."TsAccount" SET "FName" = ?, "FMobile" = ? WHERE "FLoginName" = ?]
2025-12-24 11:35:14 - c.c.h.service.HRDataProcessService - 更新員工: 胡雅婷 (CD018)
2025-12-24 11:35:14 - c.c.h.service.HRDataProcessService - 處理員工: 林慧婷 (CC061)
2025-12-24 11:35:14 - o.s.jdbc.core.JdbcTemplate - Executing prepared SQL query
2025-12-24 11:35:14 - o.s.jdbc.core.JdbcTemplate - Executing prepared SQL statement [SELECT COUNT(*) FROM public."TsAccount" WHERE "FLoginName" = ?]
2025-12-24 11:35:14 - o.s.jdbc.core.JdbcTemplate - Executing prepared SQL query
2025-12-24 11:35:14 - o.s.jdbc.core.JdbcTemplate - Executing prepared SQL statement [SELECT "id" FROM public."CUS_HRImport_Department" WHERE "full_name" = ?]
2025-12-24 11:35:14 - o.s.jdbc.core.JdbcTemplate - Executing prepared SQL query
2025-12-24 11:35:14 - o.s.jdbc.core.JdbcTemplate - Executing prepared SQL statement [SELECT "tree_level" FROM public."CUS_HRImport_Department" WHERE "id" = ?]
2025-12-24 11:35:14 - o.s.jdbc.core.JdbcTemplate - Executing prepared SQL update
2025-12-24 11:35:14 - o.s.jdbc.core.JdbcTemplate - Executing prepared SQL statement [UPDATE public."TsUser" SET "FName" = ?, "FMobile" = ?, "FDepartmentId" = ?, "U_EmployeeCore" = ?, "FSeatId" = ? WHERE "FLoginName" = ?]
2025-12-24 11:35:14 - o.s.jdbc.core.JdbcTemplate - Executing prepared SQL update
2025-12-24 11:35:14 - o.s.jdbc.core.JdbcTemplate - Executing prepared SQL statement [UPDATE public."TsAccount" SET "FName" = ?, "FMobile" = ? WHERE "FLoginName" = ?]
2025-12-24 11:35:14 - c.c.h.service.HRDataProcessService - 更新員工: 林慧婷 (CC061)
2025-12-24 11:35:14 - c.c.h.service.HRDataProcessService - 處理員工: 林致宇 (CD076)
2025-12-24 11:35:14 - o.s.jdbc.core.JdbcTemplate - Executing prepared SQL query
2025-12-24 11:35:14 - o.s.jdbc.core.JdbcTemplate - Executing prepared SQL statement [SELECT COUNT(*) FROM public."TsAccount" WHERE "FLoginName" = ?]
2025-12-24 11:35:14 - o.s.jdbc.core.JdbcTemplate - Executing prepared SQL query
2025-12-24 11:35:14 - o.s.jdbc.core.JdbcTemplate - Executing prepared SQL statement [SELECT "id" FROM public."CUS_HRImport_Department" WHERE "full_name" = ?]
2025-12-24 11:35:14 - o.s.jdbc.core.JdbcTemplate - Executing prepared SQL query
2025-12-24 11:35:14 - o.s.jdbc.core.JdbcTemplate - Executing prepared SQL statement [SELECT "tree_level" FROM public."CUS_HRImport_Department" WHERE "id" = ?]
2025-12-24 11:35:14 - o.s.jdbc.core.JdbcTemplate - Executing prepared SQL update
2025-12-24 11:35:14 - o.s.jdbc.core.JdbcTemplate - Executing prepared SQL statement [UPDATE public."TsUser" SET "FName" = ?, "FMobile" = ?, "FDepartmentId" = ?, "U_EmployeeCore" = ?, "FSeatId" = ? WHERE "FLoginName" = ?]
2025-12-24 11:35:14 - o.s.jdbc.core.JdbcTemplate - Executing prepared SQL update
2025-12-24 11:35:14 - o.s.jdbc.core.JdbcTemplate - Executing prepared SQL statement [UPDATE public."TsAccount" SET "FName" = ?, "FMobile" = ? WHERE "FLoginName" = ?]
2025-12-24 11:35:14 - c.c.h.service.HRDataProcessService - 更新員工: 林致宇 (CD076)
2025-12-24 11:35:14 - c.c.h.service.HRDataProcessService - 處理員工: 唐佑青 (CE098)
2025-12-24 11:35:14 - o.s.jdbc.core.JdbcTemplate - Executing prepared SQL query
2025-12-24 11:35:14 - o.s.jdbc.core.JdbcTemplate - Executing prepared SQL statement [SELECT COUNT(*) FROM public."TsAccount" WHERE "FLoginName" = ?]
2025-12-24 11:35:14 - o.s.jdbc.core.JdbcTemplate - Executing prepared SQL query
2025-12-24 11:35:14 - o.s.jdbc.core.JdbcTemplate - Executing prepared SQL statement [SELECT "id" FROM public."CUS_HRImport_Department" WHERE "full_name" = ?]
2025-12-24 11:35:14 - o.s.jdbc.core.JdbcTemplate - Executing prepared SQL query
2025-12-24 11:35:14 - o.s.jdbc.core.JdbcTemplate - Executing prepared SQL statement [SELECT "tree_level" FROM public."CUS_HRImport_Department" WHERE "id" = ?]
2025-12-24 11:35:14 - o.s.jdbc.core.JdbcTemplate - Executing prepared SQL update
2025-12-24 11:35:14 - o.s.jdbc.core.JdbcTemplate - Executing prepared SQL statement [UPDATE public."TsUser" SET "FName" = ?, "FMobile" = ?, "FDepartmentId" = ?, "U_EmployeeCore" = ?, "FSeatId" = ? WHERE "FLoginName" = ?]
2025-12-24 11:35:14 - o.s.jdbc.core.JdbcTemplate - Executing prepared SQL update
2025-12-24 11:35:14 - o.s.jdbc.core.JdbcTemplate - Executing prepared SQL statement [UPDATE public."TsAccount" SET "FName" = ?, "FMobile" = ? WHERE "FLoginName" = ?]
2025-12-24 11:35:14 - c.c.h.service.HRDataProcessService - 更新員工: 唐佑青 (CE098)
2025-12-24 11:35:14 - c.c.h.service.HRDataProcessService - 處理員工: 郭建邦 (CD017)
2025-12-24 11:35:14 - o.s.jdbc.core.JdbcTemplate - Executing prepared SQL query
2025-12-24 11:35:14 - o.s.jdbc.core.JdbcTemplate - Executing prepared SQL statement [SELECT COUNT(*) FROM public."TsAccount" WHERE "FLoginName" = ?]
2025-12-24 11:35:14 - o.s.jdbc.core.JdbcTemplate - Executing prepared SQL query
2025-12-24 11:35:14 - o.s.jdbc.core.JdbcTemplate - Executing prepared SQL statement [SELECT "id" FROM public."CUS_HRImport_Department" WHERE "full_name" = ?]
2025-12-24 11:35:14 - o.s.jdbc.core.JdbcTemplate - Executing prepared SQL query
2025-12-24 11:35:14 - o.s.jdbc.core.JdbcTemplate - Executing prepared SQL statement [SELECT "tree_level" FROM public."CUS_HRImport_Department" WHERE "id" = ?]
2025-12-24 11:35:14 - o.s.jdbc.core.JdbcTemplate - Executing prepared SQL update
2025-12-24 11:35:14 - o.s.jdbc.core.JdbcTemplate - Executing prepared SQL statement [UPDATE public."TsUser" SET "FName" = ?, "FMobile" = ?, "FDepartmentId" = ?, "U_EmployeeCore" = ?, "FSeatId" = ? WHERE "FLoginName" = ?]
2025-12-24 11:35:14 - o.s.jdbc.core.JdbcTemplate - Executing prepared SQL update
2025-12-24 11:35:14 - o.s.jdbc.core.JdbcTemplate - Executing prepared SQL statement [UPDATE public."TsAccount" SET "FName" = ?, "FMobile" = ? WHERE "FLoginName" = ?]
2025-12-24 11:35:14 - c.c.h.service.HRDataProcessService - 更新員工: 郭建邦 (CD017)
2025-12-24 11:35:14 - c.c.h.service.HRDataProcessService - 處理員工: 陳虹樺 (AG042)
2025-12-24 11:35:14 - o.s.jdbc.core.JdbcTemplate - Executing prepared SQL query
2025-12-24 11:35:14 - o.s.jdbc.core.JdbcTemplate - Executing prepared SQL statement [SELECT COUNT(*) FROM public."TsAccount" WHERE "FLoginName" = ?]
2025-12-24 11:35:14 - o.s.jdbc.core.JdbcTemplate - Executing prepared SQL query
2025-12-24 11:35:14 - o.s.jdbc.core.JdbcTemplate - Executing prepared SQL statement [SELECT "id" FROM public."CUS_HRImport_Department" WHERE "full_name" = ?]
2025-12-24 11:35:14 - o.s.jdbc.core.JdbcTemplate - Executing prepared SQL query
2025-12-24 11:35:14 - o.s.jdbc.core.JdbcTemplate - Executing prepared SQL statement [SELECT "tree_level" FROM public."CUS_HRImport_Department" WHERE "id" = ?]
2025-12-24 11:35:14 - o.s.jdbc.core.JdbcTemplate - Executing prepared SQL update
2025-12-24 11:35:14 - o.s.jdbc.core.JdbcTemplate - Executing prepared SQL statement [UPDATE public."TsUser" SET "FName" = ?, "FMobile" = ?, "FDepartmentId" = ?, "U_EmployeeCore" = ?, "FSeatId" = ? WHERE "FLoginName" = ?]
2025-12-24 11:35:14 - o.s.jdbc.core.JdbcTemplate - Executing prepared SQL update
2025-12-24 11:35:14 - o.s.jdbc.core.JdbcTemplate - Executing prepared SQL statement [UPDATE public."TsAccount" SET "FName" = ?, "FMobile" = ? WHERE "FLoginName" = ?]
2025-12-24 11:35:14 - c.c.h.service.HRDataProcessService - 更新員工: 陳虹樺 (AG042)
2025-12-24 11:35:14 - c.c.h.service.HRDataProcessService - 處理員工: 盧威誌 (AI072)
2025-12-24 11:35:14 - o.s.jdbc.core.JdbcTemplate - Executing prepared SQL query
2025-12-24 11:35:14 - o.s.jdbc.core.JdbcTemplate - Executing prepared SQL statement [SELECT COUNT(*) FROM public."TsAccount" WHERE "FLoginName" = ?]
2025-12-24 11:35:14 - o.s.jdbc.core.JdbcTemplate - Executing prepared SQL query
2025-12-24 11:35:14 - o.s.jdbc.core.JdbcTemplate - Executing prepared SQL statement [SELECT "id" FROM public."CUS_HRImport_Department" WHERE "full_name" = ?]
2025-12-24 11:35:14 - o.s.jdbc.core.JdbcTemplate - Executing prepared SQL query
2025-12-24 11:35:14 - o.s.jdbc.core.JdbcTemplate - Executing prepared SQL statement [SELECT "tree_level" FROM public."CUS_HRImport_Department" WHERE "id" = ?]
2025-12-24 11:35:14 - o.s.jdbc.core.JdbcTemplate - Executing prepared SQL update
2025-12-24 11:35:14 - o.s.jdbc.core.JdbcTemplate - Executing prepared SQL statement [UPDATE public."TsUser" SET "FName" = ?, "FMobile" = ?, "FDepartmentId" = ?, "U_EmployeeCore" = ?, "FSeatId" = ? WHERE "FLoginName" = ?]
2025-12-24 11:35:14 - o.s.jdbc.core.JdbcTemplate - Executing prepared SQL update
2025-12-24 11:35:14 - o.s.jdbc.core.JdbcTemplate - Executing prepared SQL statement [UPDATE public."TsAccount" SET "FName" = ?, "FMobile" = ? WHERE "FLoginName" = ?]
2025-12-24 11:35:14 - c.c.h.service.HRDataProcessService - 更新員工: 盧威誌 (AI072)
2025-12-24 11:35:14 - c.c.h.service.HRDataProcessService - 處理員工: 卓美任 (AI122)
2025-12-24 11:35:14 - o.s.jdbc.core.JdbcTemplate - Executing prepared SQL query
2025-12-24 11:35:14 - o.s.jdbc.core.JdbcTemplate - Executing prepared SQL statement [SELECT COUNT(*) FROM public."TsAccount" WHERE "FLoginName" = ?]
2025-12-24 11:35:14 - o.s.jdbc.core.JdbcTemplate - Executing prepared SQL query
2025-12-24 11:35:14 - o.s.jdbc.core.JdbcTemplate - Executing prepared SQL statement [SELECT "id" FROM public."CUS_HRImport_Department" WHERE "full_name" = ?]
2025-12-24 11:35:14 - o.s.jdbc.core.JdbcTemplate - Executing prepared SQL query
2025-12-24 11:35:14 - o.s.jdbc.core.JdbcTemplate - Executing prepared SQL statement [SELECT "tree_level" FROM public."CUS_HRImport_Department" WHERE "id" = ?]
2025-12-24 11:35:14 - o.s.jdbc.core.JdbcTemplate - Executing prepared SQL update
2025-12-24 11:35:14 - o.s.jdbc.core.JdbcTemplate - Executing prepared SQL statement [UPDATE public."TsUser" SET "FName" = ?, "FMobile" = ?, "FDepartmentId" = ?, "U_EmployeeCore" = ?, "FSeatId" = ? WHERE "FLoginName" = ?]
2025-12-24 11:35:14 - o.s.jdbc.core.JdbcTemplate - Executing prepared SQL update
2025-12-24 11:35:14 - o.s.jdbc.core.JdbcTemplate - Executing prepared SQL statement [UPDATE public."TsAccount" SET "FName" = ?, "FMobile" = ? WHERE "FLoginName" = ?]
2025-12-24 11:35:14 - c.c.h.service.HRDataProcessService - 更新員工: 卓美任 (AI122)
2025-12-24 11:35:14 - c.c.h.service.HRDataProcessService - 處理員工: 陳智聰 (BB042)
2025-12-24 11:35:14 - o.s.jdbc.core.JdbcTemplate - Executing prepared SQL query
2025-12-24 11:35:14 - o.s.jdbc.core.JdbcTemplate - Executing prepared SQL statement [SELECT COUNT(*) FROM public."TsAccount" WHERE "FLoginName" = ?]
2025-12-24 11:35:14 - o.s.jdbc.core.JdbcTemplate - Executing prepared SQL query
2025-12-24 11:35:14 - o.s.jdbc.core.JdbcTemplate - Executing prepared SQL statement [SELECT "id" FROM public."CUS_HRImport_Department" WHERE "full_name" = ?]
2025-12-24 11:35:14 - o.s.jdbc.core.JdbcTemplate - Executing prepared SQL query
2025-12-24 11:35:14 - o.s.jdbc.core.JdbcTemplate - Executing prepared SQL statement [SELECT "tree_level" FROM public."CUS_HRImport_Department" WHERE "id" = ?]
2025-12-24 11:35:14 - o.s.jdbc.core.JdbcTemplate - Executing prepared SQL update
2025-12-24 11:35:14 - o.s.jdbc.core.JdbcTemplate - Executing prepared SQL statement [UPDATE public."TsUser" SET "FName" = ?, "FMobile" = ?, "FDepartmentId" = ?, "U_EmployeeCore" = ?, "FSeatId" = ? WHERE "FLoginName" = ?]
2025-12-24 11:35:14 - o.s.jdbc.core.JdbcTemplate - Executing prepared SQL update
2025-12-24 11:35:14 - o.s.jdbc.core.JdbcTemplate - Executing prepared SQL statement [UPDATE public."TsAccount" SET "FName" = ?, "FMobile" = ? WHERE "FLoginName" = ?]
2025-12-24 11:35:14 - c.c.h.service.HRDataProcessService - 更新員工: 陳智聰 (BB042)
2025-12-24 11:35:14 - c.c.h.service.HRDataProcessService - 處理員工: 林心淇 (BL041)
2025-12-24 11:35:14 - o.s.jdbc.core.JdbcTemplate - Executing prepared SQL query
2025-12-24 11:35:14 - o.s.jdbc.core.JdbcTemplate - Executing prepared SQL statement [SELECT COUNT(*) FROM public."TsAccount" WHERE "FLoginName" = ?]
2025-12-24 11:35:14 - o.s.jdbc.core.JdbcTemplate - Executing prepared SQL query
2025-12-24 11:35:14 - o.s.jdbc.core.JdbcTemplate - Executing prepared SQL statement [SELECT "id" FROM public."CUS_HRImport_Department" WHERE "full_name" = ?]
2025-12-24 11:35:14 - o.s.jdbc.core.JdbcTemplate - Executing prepared SQL query
2025-12-24 11:35:14 - o.s.jdbc.core.JdbcTemplate - Executing prepared SQL statement [SELECT "tree_level" FROM public."CUS_HRImport_Department" WHERE "id" = ?]
2025-12-24 11:35:14 - o.s.jdbc.core.JdbcTemplate - Executing prepared SQL update
2025-12-24 11:35:14 - o.s.jdbc.core.JdbcTemplate - Executing prepared SQL statement [UPDATE public."TsUser" SET "FName" = ?, "FMobile" = ?, "FDepartmentId" = ?, "U_EmployeeCore" = ?, "FSeatId" = ? WHERE "FLoginName" = ?]
2025-12-24 11:35:14 - o.s.jdbc.core.JdbcTemplate - Executing prepared SQL update
2025-12-24 11:35:14 - o.s.jdbc.core.JdbcTemplate - Executing prepared SQL statement [UPDATE public."TsAccount" SET "FName" = ?, "FMobile" = ? WHERE "FLoginName" = ?]
2025-12-24 11:35:14 - c.c.h.service.HRDataProcessService - 更新員工: 林心淇 (BL041)
2025-12-24 11:35:14 - c.c.h.service.HRDataProcessService - 處理員工: 劉庭妤 (CC044)
2025-12-24 11:35:14 - o.s.jdbc.core.JdbcTemplate - Executing prepared SQL query
2025-12-24 11:35:14 - o.s.jdbc.core.JdbcTemplate - Executing prepared SQL statement [SELECT COUNT(*) FROM public."TsAccount" WHERE "FLoginName" = ?]
2025-12-24 11:35:14 - o.s.jdbc.core.JdbcTemplate - Executing prepared SQL query
2025-12-24 11:35:14 - o.s.jdbc.core.JdbcTemplate - Executing prepared SQL statement [SELECT "id" FROM public."CUS_HRImport_Department" WHERE "full_name" = ?]
2025-12-24 11:35:14 - o.s.jdbc.core.JdbcTemplate - Executing prepared SQL query
2025-12-24 11:35:14 - o.s.jdbc.core.JdbcTemplate - Executing prepared SQL statement [SELECT "tree_level" FROM public."CUS_HRImport_Department" WHERE "id" = ?]
2025-12-24 11:35:14 - o.s.jdbc.core.JdbcTemplate - Executing prepared SQL update
2025-12-24 11:35:14 - o.s.jdbc.core.JdbcTemplate - Executing prepared SQL statement [UPDATE public."TsUser" SET "FName" = ?, "FMobile" = ?, "FDepartmentId" = ?, "U_EmployeeCore" = ?, "FSeatId" = ? WHERE "FLoginName" = ?]
2025-12-24 11:35:14 - o.s.jdbc.core.JdbcTemplate - Executing prepared SQL update
2025-12-24 11:35:14 - o.s.jdbc.core.JdbcTemplate - Executing prepared SQL statement [UPDATE public."TsAccount" SET "FName" = ?, "FMobile" = ? WHERE "FLoginName" = ?]
2025-12-24 11:35:14 - c.c.h.service.HRDataProcessService - 更新員工: 劉庭妤 (CC044)
2025-12-24 11:35:14 - c.c.h.service.HRDataProcessService - 處理員工: 施明男 (BJ064)
2025-12-24 11:35:14 - o.s.jdbc.core.JdbcTemplate - Executing prepared SQL query
2025-12-24 11:35:14 - o.s.jdbc.core.JdbcTemplate - Executing prepared SQL statement [SELECT COUNT(*) FROM public."TsAccount" WHERE "FLoginName" = ?]
2025-12-24 11:35:14 - o.s.jdbc.core.JdbcTemplate - Executing prepared SQL query
2025-12-24 11:35:14 - o.s.jdbc.core.JdbcTemplate - Executing prepared SQL statement [SELECT "id" FROM public."CUS_HRImport_Department" WHERE "full_name" = ?]
2025-12-24 11:35:14 - o.s.jdbc.core.JdbcTemplate - Executing prepared SQL query
2025-12-24 11:35:14 - o.s.jdbc.core.JdbcTemplate - Executing prepared SQL statement [SELECT "tree_level" FROM public."CUS_HRImport_Department" WHERE "id" = ?]
2025-12-24 11:35:14 - o.s.jdbc.core.JdbcTemplate - Executing prepared SQL update
2025-12-24 11:35:14 - o.s.jdbc.core.JdbcTemplate - Executing prepared SQL statement [UPDATE public."TsUser" SET "FName" = ?, "FMobile" = ?, "FDepartmentId" = ?, "U_EmployeeCore" = ?, "FSeatId" = ? WHERE "FLoginName" = ?]
2025-12-24 11:35:14 - o.s.jdbc.core.JdbcTemplate - Executing prepared SQL update
2025-12-24 11:35:14 - o.s.jdbc.core.JdbcTemplate - Executing prepared SQL statement [UPDATE public."TsAccount" SET "FName" = ?, "FMobile" = ? WHERE "FLoginName" = ?]
2025-12-24 11:35:14 - c.c.h.service.HRDataProcessService - 更新員工: 施明男 (BJ064)
2025-12-24 11:35:14 - c.c.h.service.HRDataProcessService - 處理員工: 江金龍 (AI002)
2025-12-24 11:35:14 - o.s.jdbc.core.JdbcTemplate - Executing prepared SQL query
2025-12-24 11:35:14 - o.s.jdbc.core.JdbcTemplate - Executing prepared SQL statement [SELECT COUNT(*) FROM public."TsAccount" WHERE "FLoginName" = ?]
2025-12-24 11:35:14 - o.s.jdbc.core.JdbcTemplate - Executing prepared SQL query
2025-12-24 11:35:14 - o.s.jdbc.core.JdbcTemplate - Executing prepared SQL statement [SELECT "id" FROM public."CUS_HRImport_Department" WHERE "full_name" = ?]
2025-12-24 11:35:14 - o.s.jdbc.core.JdbcTemplate - Executing prepared SQL query
2025-12-24 11:35:14 - o.s.jdbc.core.JdbcTemplate - Executing prepared SQL statement [SELECT "tree_level" FROM public."CUS_HRImport_Department" WHERE "id" = ?]
2025-12-24 11:35:14 - o.s.jdbc.core.JdbcTemplate - Executing prepared SQL update
2025-12-24 11:35:14 - o.s.jdbc.core.JdbcTemplate - Executing prepared SQL statement [UPDATE public."TsUser" SET "FName" = ?, "FMobile" = ?, "FDepartmentId" = ?, "U_EmployeeCore" = ?, "FSeatId" = ? WHERE "FLoginName" = ?]
2025-12-24 11:35:14 - o.s.jdbc.core.JdbcTemplate - Executing prepared SQL update
2025-12-24 11:35:14 - o.s.jdbc.core.JdbcTemplate - Executing prepared SQL statement [UPDATE public."TsAccount" SET "FName" = ?, "FMobile" = ? WHERE "FLoginName" = ?]
2025-12-24 11:35:14 - c.c.h.service.HRDataProcessService - 更新員工: 江金龍 (AI002)
2025-12-24 11:35:14 - c.c.h.service.HRDataProcessService - 處理員工: 呂耿德 (AJ064)
2025-12-24 11:35:14 - o.s.jdbc.core.JdbcTemplate - Executing prepared SQL query
2025-12-24 11:35:14 - o.s.jdbc.core.JdbcTemplate - Executing prepared SQL statement [SELECT COUNT(*) FROM public."TsAccount" WHERE "FLoginName" = ?]
2025-12-24 11:35:14 - o.s.jdbc.core.JdbcTemplate - Executing prepared SQL query
2025-12-24 11:35:14 - o.s.jdbc.core.JdbcTemplate - Executing prepared SQL statement [SELECT "id" FROM public."CUS_HRImport_Department" WHERE "full_name" = ?]
2025-12-24 11:35:14 - o.s.jdbc.core.JdbcTemplate - Executing prepared SQL query
2025-12-24 11:35:14 - o.s.jdbc.core.JdbcTemplate - Executing prepared SQL statement [SELECT "tree_level" FROM public."CUS_HRImport_Department" WHERE "id" = ?]
2025-12-24 11:35:14 - o.s.jdbc.core.JdbcTemplate - Executing prepared SQL update
2025-12-24 11:35:14 - o.s.jdbc.core.JdbcTemplate - Executing prepared SQL statement [UPDATE public."TsUser" SET "FName" = ?, "FMobile" = ?, "FDepartmentId" = ?, "U_EmployeeCore" = ?, "FSeatId" = ? WHERE "FLoginName" = ?]
2025-12-24 11:35:14 - o.s.jdbc.core.JdbcTemplate - Executing prepared SQL update
2025-12-24 11:35:14 - o.s.jdbc.core.JdbcTemplate - Executing prepared SQL statement [UPDATE public."TsAccount" SET "FName" = ?, "FMobile" = ? WHERE "FLoginName" = ?]
2025-12-24 11:35:14 - c.c.h.service.HRDataProcessService - 更新員工: 呂耿德 (AJ064)
2025-12-24 11:35:14 - c.c.h.service.HRDataProcessService - 處理員工: 游劍輝 (AJ070)
2025-12-24 11:35:14 - o.s.jdbc.core.JdbcTemplate - Executing prepared SQL query
2025-12-24 11:35:14 - o.s.jdbc.core.JdbcTemplate - Executing prepared SQL statement [SELECT COUNT(*) FROM public."TsAccount" WHERE "FLoginName" = ?]
2025-12-24 11:35:14 - o.s.jdbc.core.JdbcTemplate - Executing prepared SQL query
2025-12-24 11:35:14 - o.s.jdbc.core.JdbcTemplate - Executing prepared SQL statement [SELECT "id" FROM public."CUS_HRImport_Department" WHERE "full_name" = ?]
2025-12-24 11:35:14 - o.s.jdbc.core.JdbcTemplate - Executing prepared SQL query
2025-12-24 11:35:14 - o.s.jdbc.core.JdbcTemplate - Executing prepared SQL statement [SELECT "tree_level" FROM public."CUS_HRImport_Department" WHERE "id" = ?]
2025-12-24 11:35:14 - o.s.jdbc.core.JdbcTemplate - Executing prepared SQL update
2025-12-24 11:35:14 - o.s.jdbc.core.JdbcTemplate - Executing prepared SQL statement [UPDATE public."TsUser" SET "FName" = ?, "FMobile" = ?, "FDepartmentId" = ?, "U_EmployeeCore" = ?, "FSeatId" = ? WHERE "FLoginName" = ?]
2025-12-24 11:35:14 - o.s.jdbc.core.JdbcTemplate - Executing prepared SQL update
2025-12-24 11:35:14 - o.s.jdbc.core.JdbcTemplate - Executing prepared SQL statement [UPDATE public."TsAccount" SET "FName" = ?, "FMobile" = ? WHERE "FLoginName" = ?]
2025-12-24 11:35:14 - c.c.h.service.HRDataProcessService - 更新員工: 游劍輝 (AJ070)
2025-12-24 11:35:14 - c.c.h.service.HRDataProcessService - 處理員工: 游裕勝 (BK025)
2025-12-24 11:35:14 - o.s.jdbc.core.JdbcTemplate - Executing prepared SQL query
2025-12-24 11:35:14 - o.s.jdbc.core.JdbcTemplate - Executing prepared SQL statement [SELECT COUNT(*) FROM public."TsAccount" WHERE "FLoginName" = ?]
2025-12-24 11:35:14 - o.s.jdbc.core.JdbcTemplate - Executing prepared SQL query
2025-12-24 11:35:14 - o.s.jdbc.core.JdbcTemplate - Executing prepared SQL statement [SELECT "id" FROM public."CUS_HRImport_Department" WHERE "full_name" = ?]
2025-12-24 11:35:14 - o.s.jdbc.core.JdbcTemplate - Executing prepared SQL query
2025-12-24 11:35:14 - o.s.jdbc.core.JdbcTemplate - Executing prepared SQL statement [SELECT "tree_level" FROM public."CUS_HRImport_Department" WHERE "id" = ?]
2025-12-24 11:35:14 - o.s.jdbc.core.JdbcTemplate - Executing prepared SQL update
2025-12-24 11:35:14 - o.s.jdbc.core.JdbcTemplate - Executing prepared SQL statement [UPDATE public."TsUser" SET "FName" = ?, "FMobile" = ?, "FDepartmentId" = ?, "U_EmployeeCore" = ?, "FSeatId" = ? WHERE "FLoginName" = ?]
2025-12-24 11:35:14 - o.s.jdbc.core.JdbcTemplate - Executing prepared SQL update
2025-12-24 11:35:14 - o.s.jdbc.core.JdbcTemplate - Executing prepared SQL statement [UPDATE public."TsAccount" SET "FName" = ?, "FMobile" = ? WHERE "FLoginName" = ?]
2025-12-24 11:35:14 - c.c.h.service.HRDataProcessService - 更新員工: 游裕勝 (BK025)
2025-12-24 11:35:14 - c.c.h.service.HRDataProcessService - 處理員工: 陳重綱 (BL039)
2025-12-24 11:35:14 - o.s.jdbc.core.JdbcTemplate - Executing prepared SQL query
2025-12-24 11:35:14 - o.s.jdbc.core.JdbcTemplate - Executing prepared SQL statement [SELECT COUNT(*) FROM public."TsAccount" WHERE "FLoginName" = ?]
2025-12-24 11:35:14 - o.s.jdbc.core.JdbcTemplate - Executing prepared SQL query
2025-12-24 11:35:14 - o.s.jdbc.core.JdbcTemplate - Executing prepared SQL statement [SELECT "id" FROM public."CUS_HRImport_Department" WHERE "full_name" = ?]
2025-12-24 11:35:14 - o.s.jdbc.core.JdbcTemplate - Executing prepared SQL query
2025-12-24 11:35:14 - o.s.jdbc.core.JdbcTemplate - Executing prepared SQL statement [SELECT "tree_level" FROM public."CUS_HRImport_Department" WHERE "id" = ?]
2025-12-24 11:35:14 - o.s.jdbc.core.JdbcTemplate - Executing prepared SQL update
2025-12-24 11:35:14 - o.s.jdbc.core.JdbcTemplate - Executing prepared SQL statement [UPDATE public."TsUser" SET "FName" = ?, "FMobile" = ?, "FDepartmentId" = ?, "U_EmployeeCore" = ?, "FSeatId" = ? WHERE "FLoginName" = ?]
2025-12-24 11:35:14 - o.s.jdbc.core.JdbcTemplate - Executing prepared SQL update
2025-12-24 11:35:14 - o.s.jdbc.core.JdbcTemplate - Executing prepared SQL statement [UPDATE public."TsAccount" SET "FName" = ?, "FMobile" = ? WHERE "FLoginName" = ?]
2025-12-24 11:35:14 - c.c.h.service.HRDataProcessService - 更新員工: 陳重綱 (BL039)
2025-12-24 11:35:14 - c.c.h.service.HRDataProcessService - 處理員工: 江岳倫 (CC066)
2025-12-24 11:35:14 - o.s.jdbc.core.JdbcTemplate - Executing prepared SQL query
2025-12-24 11:35:14 - o.s.jdbc.core.JdbcTemplate - Executing prepared SQL statement [SELECT COUNT(*) FROM public."TsAccount" WHERE "FLoginName" = ?]
2025-12-24 11:35:14 - o.s.jdbc.core.JdbcTemplate - Executing prepared SQL query
2025-12-24 11:35:14 - o.s.jdbc.core.JdbcTemplate - Executing prepared SQL statement [SELECT "id" FROM public."CUS_HRImport_Department" WHERE "full_name" = ?]
2025-12-24 11:35:14 - o.s.jdbc.core.JdbcTemplate - Executing prepared SQL query
2025-12-24 11:35:14 - o.s.jdbc.core.JdbcTemplate - Executing prepared SQL statement [SELECT "tree_level" FROM public."CUS_HRImport_Department" WHERE "id" = ?]
2025-12-24 11:35:14 - o.s.jdbc.core.JdbcTemplate - Executing prepared SQL update
2025-12-24 11:35:14 - o.s.jdbc.core.JdbcTemplate - Executing prepared SQL statement [UPDATE public."TsUser" SET "FName" = ?, "FMobile" = ?, "FDepartmentId" = ?, "U_EmployeeCore" = ?, "FSeatId" = ? WHERE "FLoginName" = ?]
2025-12-24 11:35:14 - o.s.jdbc.core.JdbcTemplate - Executing prepared SQL update
2025-12-24 11:35:14 - o.s.jdbc.core.JdbcTemplate - Executing prepared SQL statement [UPDATE public."TsAccount" SET "FName" = ?, "FMobile" = ? WHERE "FLoginName" = ?]
2025-12-24 11:35:14 - c.c.h.service.HRDataProcessService - 更新員工: 江岳倫 (CC066)
2025-12-24 11:35:14 - c.c.h.service.HRDataProcessService - 處理員工: 黃冠霖 (CC088)
2025-12-24 11:35:14 - o.s.jdbc.core.JdbcTemplate - Executing prepared SQL query
2025-12-24 11:35:14 - o.s.jdbc.core.JdbcTemplate - Executing prepared SQL statement [SELECT COUNT(*) FROM public."TsAccount" WHERE "FLoginName" = ?]
2025-12-24 11:35:14 - o.s.jdbc.core.JdbcTemplate - Executing prepared SQL query
2025-12-24 11:35:14 - o.s.jdbc.core.JdbcTemplate - Executing prepared SQL statement [SELECT "id" FROM public."CUS_HRImport_Department" WHERE "full_name" = ?]
2025-12-24 11:35:14 - o.s.jdbc.core.JdbcTemplate - Executing prepared SQL query
2025-12-24 11:35:14 - o.s.jdbc.core.JdbcTemplate - Executing prepared SQL statement [SELECT "tree_level" FROM public."CUS_HRImport_Department" WHERE "id" = ?]
2025-12-24 11:35:14 - o.s.jdbc.core.JdbcTemplate - Executing prepared SQL update
2025-12-24 11:35:14 - o.s.jdbc.core.JdbcTemplate - Executing prepared SQL statement [UPDATE public."TsUser" SET "FName" = ?, "FMobile" = ?, "FDepartmentId" = ?, "U_EmployeeCore" = ?, "FSeatId" = ? WHERE "FLoginName" = ?]
2025-12-24 11:35:14 - o.s.jdbc.core.JdbcTemplate - Executing prepared SQL update
2025-12-24 11:35:14 - o.s.jdbc.core.JdbcTemplate - Executing prepared SQL statement [UPDATE public."TsAccount" SET "FName" = ?, "FMobile" = ? WHERE "FLoginName" = ?]
2025-12-24 11:35:14 - c.c.h.service.HRDataProcessService - 更新員工: 黃冠霖 (CC088)
2025-12-24 11:35:14 - c.c.h.service.HRDataProcessService - 處理員工: 高宜蓁 (CC053)
2025-12-24 11:35:14 - o.s.jdbc.core.JdbcTemplate - Executing prepared SQL query
2025-12-24 11:35:14 - o.s.jdbc.core.JdbcTemplate - Executing prepared SQL statement [SELECT COUNT(*) FROM public."TsAccount" WHERE "FLoginName" = ?]
2025-12-24 11:35:14 - o.s.jdbc.core.JdbcTemplate - Executing prepared SQL query
2025-12-24 11:35:14 - o.s.jdbc.core.JdbcTemplate - Executing prepared SQL statement [SELECT "id" FROM public."CUS_HRImport_Department" WHERE "full_name" = ?]
2025-12-24 11:35:14 - o.s.jdbc.core.JdbcTemplate - Executing prepared SQL query
2025-12-24 11:35:14 - o.s.jdbc.core.JdbcTemplate - Executing prepared SQL statement [SELECT "tree_level" FROM public."CUS_HRImport_Department" WHERE "id" = ?]
2025-12-24 11:35:14 - o.s.jdbc.core.JdbcTemplate - Executing prepared SQL update
2025-12-24 11:35:14 - o.s.jdbc.core.JdbcTemplate - Executing prepared SQL statement [UPDATE public."TsUser" SET "FName" = ?, "FMobile" = ?, "FDepartmentId" = ?, "U_EmployeeCore" = ?, "FSeatId" = ? WHERE "FLoginName" = ?]
2025-12-24 11:35:14 - o.s.jdbc.core.JdbcTemplate - Executing prepared SQL update
2025-12-24 11:35:14 - o.s.jdbc.core.JdbcTemplate - Executing prepared SQL statement [UPDATE public."TsAccount" SET "FName" = ?, "FMobile" = ? WHERE "FLoginName" = ?]
2025-12-24 11:35:14 - c.c.h.service.HRDataProcessService - 更新員工: 高宜蓁 (CC053)
2025-12-24 11:35:14 - c.c.h.service.HRDataProcessService - 處理員工: 宋宜靜 (CD033)
2025-12-24 11:35:14 - o.s.jdbc.core.JdbcTemplate - Executing prepared SQL query
2025-12-24 11:35:14 - o.s.jdbc.core.JdbcTemplate - Executing prepared SQL statement [SELECT COUNT(*) FROM public."TsAccount" WHERE "FLoginName" = ?]
2025-12-24 11:35:14 - o.s.jdbc.core.JdbcTemplate - Executing prepared SQL query
2025-12-24 11:35:14 - o.s.jdbc.core.JdbcTemplate - Executing prepared SQL statement [SELECT "id" FROM public."CUS_HRImport_Department" WHERE "full_name" = ?]
2025-12-24 11:35:14 - o.s.jdbc.core.JdbcTemplate - Executing prepared SQL query
2025-12-24 11:35:14 - o.s.jdbc.core.JdbcTemplate - Executing prepared SQL statement [SELECT "tree_level" FROM public."CUS_HRImport_Department" WHERE "id" = ?]
2025-12-24 11:35:14 - o.s.jdbc.core.JdbcTemplate - Executing prepared SQL update
2025-12-24 11:35:14 - o.s.jdbc.core.JdbcTemplate - Executing prepared SQL statement [UPDATE public."TsUser" SET "FName" = ?, "FMobile" = ?, "FDepartmentId" = ?, "U_EmployeeCore" = ?, "FSeatId" = ? WHERE "FLoginName" = ?]
2025-12-24 11:35:14 - o.s.jdbc.core.JdbcTemplate - Executing prepared SQL update
2025-12-24 11:35:14 - o.s.jdbc.core.JdbcTemplate - Executing prepared SQL statement [UPDATE public."TsAccount" SET "FName" = ?, "FMobile" = ? WHERE "FLoginName" = ?]
2025-12-24 11:35:14 - c.c.h.service.HRDataProcessService - 更新員工: 宋宜靜 (CD033)
2025-12-24 11:35:14 - c.c.h.service.HRDataProcessService - 處理員工: 陳怡樺 (CE036)
2025-12-24 11:35:14 - o.s.jdbc.core.JdbcTemplate - Executing prepared SQL query
2025-12-24 11:35:14 - o.s.jdbc.core.JdbcTemplate - Executing prepared SQL statement [SELECT COUNT(*) FROM public."TsAccount" WHERE "FLoginName" = ?]
2025-12-24 11:35:14 - o.s.jdbc.core.JdbcTemplate - Executing prepared SQL query
2025-12-24 11:35:14 - o.s.jdbc.core.JdbcTemplate - Executing prepared SQL statement [SELECT "id" FROM public."CUS_HRImport_Department" WHERE "full_name" = ?]
2025-12-24 11:35:14 - o.s.jdbc.core.JdbcTemplate - Executing prepared SQL query
2025-12-24 11:35:14 - o.s.jdbc.core.JdbcTemplate - Executing prepared SQL statement [SELECT "tree_level" FROM public."CUS_HRImport_Department" WHERE "id" = ?]
2025-12-24 11:35:14 - o.s.jdbc.core.JdbcTemplate - Executing prepared SQL update
2025-12-24 11:35:14 - o.s.jdbc.core.JdbcTemplate - Executing prepared SQL statement [UPDATE public."TsUser" SET "FName" = ?, "FMobile" = ?, "FDepartmentId" = ?, "U_EmployeeCore" = ?, "FSeatId" = ? WHERE "FLoginName" = ?]
2025-12-24 11:35:14 - o.s.jdbc.core.JdbcTemplate - Executing prepared SQL update
2025-12-24 11:35:14 - o.s.jdbc.core.JdbcTemplate - Executing prepared SQL statement [UPDATE public."TsAccount" SET "FName" = ?, "FMobile" = ? WHERE "FLoginName" = ?]
2025-12-24 11:35:14 - c.c.h.service.HRDataProcessService - 更新員工: 陳怡樺 (CE036)
2025-12-24 11:35:14 - c.c.h.service.HRDataProcessService - 處理員工: 龔家立 (CF018)
2025-12-24 11:35:14 - o.s.jdbc.core.JdbcTemplate - Executing prepared SQL query
2025-12-24 11:35:14 - o.s.jdbc.core.JdbcTemplate - Executing prepared SQL statement [SELECT COUNT(*) FROM public."TsAccount" WHERE "FLoginName" = ?]
2025-12-24 11:35:14 - o.s.jdbc.core.JdbcTemplate - Executing prepared SQL query
2025-12-24 11:35:14 - o.s.jdbc.core.JdbcTemplate - Executing prepared SQL statement [SELECT "id" FROM public."CUS_HRImport_Department" WHERE "full_name" = ?]
2025-12-24 11:35:14 - o.s.jdbc.core.JdbcTemplate - Executing prepared SQL query
2025-12-24 11:35:14 - o.s.jdbc.core.JdbcTemplate - Executing prepared SQL statement [SELECT "tree_level" FROM public."CUS_HRImport_Department" WHERE "id" = ?]
2025-12-24 11:35:14 - o.s.jdbc.core.JdbcTemplate - Executing prepared SQL update
2025-12-24 11:35:14 - o.s.jdbc.core.JdbcTemplate - Executing prepared SQL statement [UPDATE public."TsUser" SET "FName" = ?, "FMobile" = ?, "FDepartmentId" = ?, "U_EmployeeCore" = ?, "FSeatId" = ? WHERE "FLoginName" = ?]
2025-12-24 11:35:14 - o.s.jdbc.core.JdbcTemplate - Executing prepared SQL update
2025-12-24 11:35:14 - o.s.jdbc.core.JdbcTemplate - Executing prepared SQL statement [UPDATE public."TsAccount" SET "FName" = ?, "FMobile" = ? WHERE "FLoginName" = ?]
2025-12-24 11:35:14 - c.c.h.service.HRDataProcessService - 更新員工: 龔家立 (CF018)
2025-12-24 11:35:14 - c.c.h.service.HRDataProcessService - 處理員工: 張梃筠 (CF067)
2025-12-24 11:35:14 - o.s.jdbc.core.JdbcTemplate - Executing prepared SQL query
2025-12-24 11:35:14 - o.s.jdbc.core.JdbcTemplate - Executing prepared SQL statement [SELECT COUNT(*) FROM public."TsAccount" WHERE "FLoginName" = ?]
2025-12-24 11:35:14 - o.s.jdbc.core.JdbcTemplate - Executing prepared SQL query
2025-12-24 11:35:14 - o.s.jdbc.core.JdbcTemplate - Executing prepared SQL statement [SELECT "id" FROM public."CUS_HRImport_Department" WHERE "full_name" = ?]
2025-12-24 11:35:14 - o.s.jdbc.core.JdbcTemplate - Executing prepared SQL query
2025-12-24 11:35:14 - o.s.jdbc.core.JdbcTemplate - Executing prepared SQL statement [SELECT "tree_level" FROM public."CUS_HRImport_Department" WHERE "id" = ?]
2025-12-24 11:35:14 - o.s.jdbc.core.JdbcTemplate - Executing prepared SQL update
2025-12-24 11:35:14 - o.s.jdbc.core.JdbcTemplate - Executing prepared SQL statement [UPDATE public."TsUser" SET "FName" = ?, "FMobile" = ?, "FDepartmentId" = ?, "U_EmployeeCore" = ?, "FSeatId" = ? WHERE "FLoginName" = ?]
2025-12-24 11:35:14 - o.s.jdbc.core.JdbcTemplate - Executing prepared SQL update
2025-12-24 11:35:14 - o.s.jdbc.core.JdbcTemplate - Executing prepared SQL statement [UPDATE public."TsAccount" SET "FName" = ?, "FMobile" = ? WHERE "FLoginName" = ?]
2025-12-24 11:35:14 - c.c.h.service.HRDataProcessService - 更新員工: 張梃筠 (CF067)
2025-12-24 11:35:14 - c.c.h.service.HRDataProcessService - 處理員工: 林宗達 (CD031)
2025-12-24 11:35:14 - o.s.jdbc.core.JdbcTemplate - Executing prepared SQL query
2025-12-24 11:35:14 - o.s.jdbc.core.JdbcTemplate - Executing prepared SQL statement [SELECT COUNT(*) FROM public."TsAccount" WHERE "FLoginName" = ?]
2025-12-24 11:35:14 - o.s.jdbc.core.JdbcTemplate - Executing prepared SQL query
2025-12-24 11:35:14 - o.s.jdbc.core.JdbcTemplate - Executing prepared SQL statement [SELECT "id" FROM public."CUS_HRImport_Department" WHERE "full_name" = ?]
2025-12-24 11:35:14 - o.s.jdbc.core.JdbcTemplate - Executing prepared SQL query
2025-12-24 11:35:14 - o.s.jdbc.core.JdbcTemplate - Executing prepared SQL statement [SELECT "tree_level" FROM public."CUS_HRImport_Department" WHERE "id" = ?]
2025-12-24 11:35:14 - o.s.jdbc.core.JdbcTemplate - Executing prepared SQL update
2025-12-24 11:35:14 - o.s.jdbc.core.JdbcTemplate - Executing prepared SQL statement [UPDATE public."TsUser" SET "FName" = ?, "FMobile" = ?, "FDepartmentId" = ?, "U_EmployeeCore" = ?, "FSeatId" = ? WHERE "FLoginName" = ?]
2025-12-24 11:35:14 - o.s.jdbc.core.JdbcTemplate - Executing prepared SQL update
2025-12-24 11:35:14 - o.s.jdbc.core.JdbcTemplate - Executing prepared SQL statement [UPDATE public."TsAccount" SET "FName" = ?, "FMobile" = ? WHERE "FLoginName" = ?]
2025-12-24 11:35:14 - c.c.h.service.HRDataProcessService - 更新員工: 林宗達 (CD031)
2025-12-24 11:35:14 - c.c.h.service.HRDataProcessService - 處理員工: 林萩靚 (CC019)
2025-12-24 11:35:14 - o.s.jdbc.core.JdbcTemplate - Executing prepared SQL query
2025-12-24 11:35:14 - o.s.jdbc.core.JdbcTemplate - Executing prepared SQL statement [SELECT COUNT(*) FROM public."TsAccount" WHERE "FLoginName" = ?]
2025-12-24 11:35:14 - o.s.jdbc.core.JdbcTemplate - Executing prepared SQL query
2025-12-24 11:35:14 - o.s.jdbc.core.JdbcTemplate - Executing prepared SQL statement [SELECT "id" FROM public."CUS_HRImport_Department" WHERE "full_name" = ?]
2025-12-24 11:35:14 - o.s.jdbc.core.JdbcTemplate - Executing prepared SQL query
2025-12-24 11:35:14 - o.s.jdbc.core.JdbcTemplate - Executing prepared SQL statement [SELECT "tree_level" FROM public."CUS_HRImport_Department" WHERE "id" = ?]
2025-12-24 11:35:14 - o.s.jdbc.core.JdbcTemplate - Executing prepared SQL update
2025-12-24 11:35:14 - o.s.jdbc.core.JdbcTemplate - Executing prepared SQL statement [UPDATE public."TsUser" SET "FName" = ?, "FMobile" = ?, "FDepartmentId" = ?, "U_EmployeeCore" = ?, "FSeatId" = ? WHERE "FLoginName" = ?]
2025-12-24 11:35:14 - o.s.jdbc.core.JdbcTemplate - Executing prepared SQL update
2025-12-24 11:35:14 - o.s.jdbc.core.JdbcTemplate - Executing prepared SQL statement [UPDATE public."TsAccount" SET "FName" = ?, "FMobile" = ? WHERE "FLoginName" = ?]
2025-12-24 11:35:14 - c.c.h.service.HRDataProcessService - 更新員工: 林萩靚 (CC019)
2025-12-24 11:35:14 - c.c.h.service.HRDataProcessService - 處理員工: 黃宇緁 (BL059)
2025-12-24 11:35:14 - o.s.jdbc.core.JdbcTemplate - Executing prepared SQL query
2025-12-24 11:35:14 - o.s.jdbc.core.JdbcTemplate - Executing prepared SQL statement [SELECT COUNT(*) FROM public."TsAccount" WHERE "FLoginName" = ?]
2025-12-24 11:35:14 - o.s.jdbc.core.JdbcTemplate - Executing prepared SQL query
2025-12-24 11:35:14 - o.s.jdbc.core.JdbcTemplate - Executing prepared SQL statement [SELECT "id" FROM public."CUS_HRImport_Department" WHERE "full_name" = ?]
2025-12-24 11:35:14 - o.s.jdbc.core.JdbcTemplate - Executing prepared SQL query
2025-12-24 11:35:14 - o.s.jdbc.core.JdbcTemplate - Executing prepared SQL statement [SELECT "tree_level" FROM public."CUS_HRImport_Department" WHERE "id" = ?]
2025-12-24 11:35:14 - o.s.jdbc.core.JdbcTemplate - Executing prepared SQL update
2025-12-24 11:35:14 - o.s.jdbc.core.JdbcTemplate - Executing prepared SQL statement [UPDATE public."TsUser" SET "FName" = ?, "FMobile" = ?, "FDepartmentId" = ?, "U_EmployeeCore" = ?, "FSeatId" = ? WHERE "FLoginName" = ?]
2025-12-24 11:35:14 - o.s.jdbc.core.JdbcTemplate - Executing prepared SQL update
2025-12-24 11:35:14 - o.s.jdbc.core.JdbcTemplate - Executing prepared SQL statement [UPDATE public."TsAccount" SET "FName" = ?, "FMobile" = ? WHERE "FLoginName" = ?]
2025-12-24 11:35:14 - c.c.h.service.HRDataProcessService - 更新員工: 黃宇緁 (BL059)
2025-12-24 11:35:14 - c.c.h.service.HRDataProcessService - 處理員工: 林珮軒 (BL063)
2025-12-24 11:35:14 - o.s.jdbc.core.JdbcTemplate - Executing prepared SQL query
2025-12-24 11:35:14 - o.s.jdbc.core.JdbcTemplate - Executing prepared SQL statement [SELECT COUNT(*) FROM public."TsAccount" WHERE "FLoginName" = ?]
2025-12-24 11:35:14 - o.s.jdbc.core.JdbcTemplate - Executing prepared SQL query
2025-12-24 11:35:14 - o.s.jdbc.core.JdbcTemplate - Executing prepared SQL statement [SELECT "id" FROM public."CUS_HRImport_Department" WHERE "full_name" = ?]
2025-12-24 11:35:14 - o.s.jdbc.core.JdbcTemplate - Executing prepared SQL query
2025-12-24 11:35:14 - o.s.jdbc.core.JdbcTemplate - Executing prepared SQL statement [SELECT "tree_level" FROM public."CUS_HRImport_Department" WHERE "id" = ?]
2025-12-24 11:35:14 - o.s.jdbc.core.JdbcTemplate - Executing prepared SQL update
2025-12-24 11:35:14 - o.s.jdbc.core.JdbcTemplate - Executing prepared SQL statement [UPDATE public."TsUser" SET "FName" = ?, "FMobile" = ?, "FDepartmentId" = ?, "U_EmployeeCore" = ?, "FSeatId" = ? WHERE "FLoginName" = ?]
2025-12-24 11:35:14 - o.s.jdbc.core.JdbcTemplate - Executing prepared SQL update
2025-12-24 11:35:14 - o.s.jdbc.core.JdbcTemplate - Executing prepared SQL statement [UPDATE public."TsAccount" SET "FName" = ?, "FMobile" = ? WHERE "FLoginName" = ?]
2025-12-24 11:35:14 - c.c.h.service.HRDataProcessService - 更新員工: 林珮軒 (BL063)
2025-12-24 11:35:14 - c.c.h.service.HRDataProcessService - 處理員工: 林遠玲 (BC090)
2025-12-24 11:35:14 - o.s.jdbc.core.JdbcTemplate - Executing prepared SQL query
2025-12-24 11:35:14 - o.s.jdbc.core.JdbcTemplate - Executing prepared SQL statement [SELECT COUNT(*) FROM public."TsAccount" WHERE "FLoginName" = ?]
2025-12-24 11:35:14 - o.s.jdbc.core.JdbcTemplate - Executing prepared SQL query
2025-12-24 11:35:14 - o.s.jdbc.core.JdbcTemplate - Executing prepared SQL statement [SELECT "id" FROM public."CUS_HRImport_Department" WHERE "full_name" = ?]
2025-12-24 11:35:14 - o.s.jdbc.core.JdbcTemplate - Executing prepared SQL query
2025-12-24 11:35:14 - o.s.jdbc.core.JdbcTemplate - Executing prepared SQL statement [SELECT "tree_level" FROM public."CUS_HRImport_Department" WHERE "id" = ?]
2025-12-24 11:35:14 - o.s.jdbc.core.JdbcTemplate - Executing prepared SQL update
2025-12-24 11:35:14 - o.s.jdbc.core.JdbcTemplate - Executing prepared SQL statement [UPDATE public."TsUser" SET "FName" = ?, "FMobile" = ?, "FDepartmentId" = ?, "U_EmployeeCore" = ?, "FSeatId" = ? WHERE "FLoginName" = ?]
2025-12-24 11:35:14 - o.s.jdbc.core.JdbcTemplate - Executing prepared SQL update
2025-12-24 11:35:14 - o.s.jdbc.core.JdbcTemplate - Executing prepared SQL statement [UPDATE public."TsAccount" SET "FName" = ?, "FMobile" = ? WHERE "FLoginName" = ?]
2025-12-24 11:35:14 - c.c.h.service.HRDataProcessService - 更新員工: 林遠玲 (BC090)
2025-12-24 11:35:14 - c.c.h.service.HRDataProcessService - 處理員工: 陳詩涵 (BJ037)
2025-12-24 11:35:14 - o.s.jdbc.core.JdbcTemplate - Executing prepared SQL query
2025-12-24 11:35:14 - o.s.jdbc.core.JdbcTemplate - Executing prepared SQL statement [SELECT COUNT(*) FROM public."TsAccount" WHERE "FLoginName" = ?]
2025-12-24 11:35:14 - o.s.jdbc.core.JdbcTemplate - Executing prepared SQL query
2025-12-24 11:35:14 - o.s.jdbc.core.JdbcTemplate - Executing prepared SQL statement [SELECT "id" FROM public."CUS_HRImport_Department" WHERE "full_name" = ?]
2025-12-24 11:35:14 - o.s.jdbc.core.JdbcTemplate - Executing prepared SQL query
2025-12-24 11:35:14 - o.s.jdbc.core.JdbcTemplate - Executing prepared SQL statement [SELECT "tree_level" FROM public."CUS_HRImport_Department" WHERE "id" = ?]
2025-12-24 11:35:14 - o.s.jdbc.core.JdbcTemplate - Executing prepared SQL update
2025-12-24 11:35:14 - o.s.jdbc.core.JdbcTemplate - Executing prepared SQL statement [UPDATE public."TsUser" SET "FName" = ?, "FMobile" = ?, "FDepartmentId" = ?, "U_EmployeeCore" = ?, "FSeatId" = ? WHERE "FLoginName" = ?]
2025-12-24 11:35:14 - o.s.jdbc.core.JdbcTemplate - Executing prepared SQL update
2025-12-24 11:35:14 - o.s.jdbc.core.JdbcTemplate - Executing prepared SQL statement [UPDATE public."TsAccount" SET "FName" = ?, "FMobile" = ? WHERE "FLoginName" = ?]
2025-12-24 11:35:14 - c.c.h.service.HRDataProcessService - 更新員工: 陳詩涵 (BJ037)
2025-12-24 11:35:14 - c.c.h.service.HRDataProcessService - 處理員工: 游松霖 (BJ075)
2025-12-24 11:35:14 - o.s.jdbc.core.JdbcTemplate - Executing prepared SQL query
2025-12-24 11:35:14 - o.s.jdbc.core.JdbcTemplate - Executing prepared SQL statement [SELECT COUNT(*) FROM public."TsAccount" WHERE "FLoginName" = ?]
2025-12-24 11:35:14 - o.s.jdbc.core.JdbcTemplate - Executing prepared SQL query
2025-12-24 11:35:14 - o.s.jdbc.core.JdbcTemplate - Executing prepared SQL statement [SELECT "id" FROM public."CUS_HRImport_Department" WHERE "full_name" = ?]
2025-12-24 11:35:14 - o.s.jdbc.core.JdbcTemplate - Executing prepared SQL query
2025-12-24 11:35:14 - o.s.jdbc.core.JdbcTemplate - Executing prepared SQL statement [SELECT "tree_level" FROM public."CUS_HRImport_Department" WHERE "id" = ?]
2025-12-24 11:35:14 - o.s.jdbc.core.JdbcTemplate - Executing prepared SQL update
2025-12-24 11:35:14 - o.s.jdbc.core.JdbcTemplate - Executing prepared SQL statement [UPDATE public."TsUser" SET "FName" = ?, "FMobile" = ?, "FDepartmentId" = ?, "U_EmployeeCore" = ?, "FSeatId" = ? WHERE "FLoginName" = ?]
2025-12-24 11:35:14 - o.s.jdbc.core.JdbcTemplate - Executing prepared SQL update
2025-12-24 11:35:14 - o.s.jdbc.core.JdbcTemplate - Executing prepared SQL statement [UPDATE public."TsAccount" SET "FName" = ?, "FMobile" = ? WHERE "FLoginName" = ?]
2025-12-24 11:35:14 - c.c.h.service.HRDataProcessService - 更新員工: 游松霖 (BJ075)
2025-12-24 11:35:14 - c.c.h.service.HRDataProcessService - 處理員工: 葉燕玲 (AG050)
2025-12-24 11:35:14 - o.s.jdbc.core.JdbcTemplate - Executing prepared SQL query
2025-12-24 11:35:14 - o.s.jdbc.core.JdbcTemplate - Executing prepared SQL statement [SELECT COUNT(*) FROM public."TsAccount" WHERE "FLoginName" = ?]
2025-12-24 11:35:14 - o.s.jdbc.core.JdbcTemplate - Executing prepared SQL query
2025-12-24 11:35:14 - o.s.jdbc.core.JdbcTemplate - Executing prepared SQL statement [SELECT "id" FROM public."CUS_HRImport_Department" WHERE "full_name" = ?]
2025-12-24 11:35:14 - o.s.jdbc.core.JdbcTemplate - Executing prepared SQL query
2025-12-24 11:35:14 - o.s.jdbc.core.JdbcTemplate - Executing prepared SQL statement [SELECT "tree_level" FROM public."CUS_HRImport_Department" WHERE "id" = ?]
2025-12-24 11:35:14 - o.s.jdbc.core.JdbcTemplate - Executing prepared SQL update
2025-12-24 11:35:14 - o.s.jdbc.core.JdbcTemplate - Executing prepared SQL statement [UPDATE public."TsUser" SET "FName" = ?, "FMobile" = ?, "FDepartmentId" = ?, "U_EmployeeCore" = ?, "FSeatId" = ? WHERE "FLoginName" = ?]
2025-12-24 11:35:14 - o.s.jdbc.core.JdbcTemplate - Executing prepared SQL update
2025-12-24 11:35:14 - o.s.jdbc.core.JdbcTemplate - Executing prepared SQL statement [UPDATE public."TsAccount" SET "FName" = ?, "FMobile" = ? WHERE "FLoginName" = ?]
2025-12-24 11:35:14 - c.c.h.service.HRDataProcessService - 更新員工: 葉燕玲 (AG050)
2025-12-24 11:35:14 - c.c.h.service.HRDataProcessService - 處理員工: 蔡宗益 (AG158)
2025-12-24 11:35:14 - o.s.jdbc.core.JdbcTemplate - Executing prepared SQL query
2025-12-24 11:35:14 - o.s.jdbc.core.JdbcTemplate - Executing prepared SQL statement [SELECT COUNT(*) FROM public."TsAccount" WHERE "FLoginName" = ?]
2025-12-24 11:35:14 - o.s.jdbc.core.JdbcTemplate - Executing prepared SQL query
2025-12-24 11:35:14 - o.s.jdbc.core.JdbcTemplate - Executing prepared SQL statement [SELECT "id" FROM public."CUS_HRImport_Department" WHERE "full_name" = ?]
2025-12-24 11:35:14 - o.s.jdbc.core.JdbcTemplate - Executing prepared SQL query
2025-12-24 11:35:14 - o.s.jdbc.core.JdbcTemplate - Executing prepared SQL statement [SELECT "tree_level" FROM public."CUS_HRImport_Department" WHERE "id" = ?]
2025-12-24 11:35:14 - o.s.jdbc.core.JdbcTemplate - Executing prepared SQL update
2025-12-24 11:35:14 - o.s.jdbc.core.JdbcTemplate - Executing prepared SQL statement [UPDATE public."TsUser" SET "FName" = ?, "FMobile" = ?, "FDepartmentId" = ?, "U_EmployeeCore" = ?, "FSeatId" = ? WHERE "FLoginName" = ?]
2025-12-24 11:35:14 - o.s.jdbc.core.JdbcTemplate - Executing prepared SQL update
2025-12-24 11:35:14 - o.s.jdbc.core.JdbcTemplate - Executing prepared SQL statement [UPDATE public."TsAccount" SET "FName" = ?, "FMobile" = ? WHERE "FLoginName" = ?]
2025-12-24 11:35:14 - c.c.h.service.HRDataProcessService - 更新員工: 蔡宗益 (AG158)
2025-12-24 11:35:14 - c.c.h.service.HRDataProcessService - 處理員工: 高婧瑂 (CD054)
2025-12-24 11:35:14 - o.s.jdbc.core.JdbcTemplate - Executing prepared SQL query
2025-12-24 11:35:14 - o.s.jdbc.core.JdbcTemplate - Executing prepared SQL statement [SELECT COUNT(*) FROM public."TsAccount" WHERE "FLoginName" = ?]
2025-12-24 11:35:14 - o.s.jdbc.core.JdbcTemplate - Executing prepared SQL query
2025-12-24 11:35:14 - o.s.jdbc.core.JdbcTemplate - Executing prepared SQL statement [SELECT "id" FROM public."CUS_HRImport_Department" WHERE "full_name" = ?]
2025-12-24 11:35:14 - o.s.jdbc.core.JdbcTemplate - Executing prepared SQL query
2025-12-24 11:35:14 - o.s.jdbc.core.JdbcTemplate - Executing prepared SQL statement [SELECT "tree_level" FROM public."CUS_HRImport_Department" WHERE "id" = ?]
2025-12-24 11:35:14 - o.s.jdbc.core.JdbcTemplate - Executing prepared SQL update
2025-12-24 11:35:14 - o.s.jdbc.core.JdbcTemplate - Executing prepared SQL statement [UPDATE public."TsUser" SET "FName" = ?, "FMobile" = ?, "FDepartmentId" = ?, "U_EmployeeCore" = ?, "FSeatId" = ? WHERE "FLoginName" = ?]
2025-12-24 11:35:14 - o.s.jdbc.core.JdbcTemplate - Executing prepared SQL update
2025-12-24 11:35:14 - o.s.jdbc.core.JdbcTemplate - Executing prepared SQL statement [UPDATE public."TsAccount" SET "FName" = ?, "FMobile" = ? WHERE "FLoginName" = ?]
2025-12-24 11:35:14 - c.c.h.service.HRDataProcessService - 更新員工: 高婧瑂 (CD054)
2025-12-24 11:35:14 - c.c.h.service.HRDataProcessService - 處理員工: 許中瑜 (CD105)
2025-12-24 11:35:14 - o.s.jdbc.core.JdbcTemplate - Executing prepared SQL query
2025-12-24 11:35:14 - o.s.jdbc.core.JdbcTemplate - Executing prepared SQL statement [SELECT COUNT(*) FROM public."TsAccount" WHERE "FLoginName" = ?]
2025-12-24 11:35:14 - o.s.jdbc.core.JdbcTemplate - Executing prepared SQL query
2025-12-24 11:35:14 - o.s.jdbc.core.JdbcTemplate - Executing prepared SQL statement [SELECT "id" FROM public."CUS_HRImport_Department" WHERE "full_name" = ?]
2025-12-24 11:35:14 - o.s.jdbc.core.JdbcTemplate - Executing prepared SQL query
2025-12-24 11:35:14 - o.s.jdbc.core.JdbcTemplate - Executing prepared SQL statement [SELECT "tree_level" FROM public."CUS_HRImport_Department" WHERE "id" = ?]
2025-12-24 11:35:14 - o.s.jdbc.core.JdbcTemplate - Executing prepared SQL update
2025-12-24 11:35:14 - o.s.jdbc.core.JdbcTemplate - Executing prepared SQL statement [UPDATE public."TsUser" SET "FName" = ?, "FMobile" = ?, "FDepartmentId" = ?, "U_EmployeeCore" = ?, "FSeatId" = ? WHERE "FLoginName" = ?]
2025-12-24 11:35:14 - o.s.jdbc.core.JdbcTemplate - Executing prepared SQL update
2025-12-24 11:35:14 - o.s.jdbc.core.JdbcTemplate - Executing prepared SQL statement [UPDATE public."TsAccount" SET "FName" = ?, "FMobile" = ? WHERE "FLoginName" = ?]
2025-12-24 11:35:14 - c.c.h.service.HRDataProcessService - 更新員工: 許中瑜 (CD105)
2025-12-24 11:35:14 - c.c.h.service.HRDataProcessService - 處理員工: 邱譯慧 (BL058)
2025-12-24 11:35:14 - o.s.jdbc.core.JdbcTemplate - Executing prepared SQL query
2025-12-24 11:35:14 - o.s.jdbc.core.JdbcTemplate - Executing prepared SQL statement [SELECT COUNT(*) FROM public."TsAccount" WHERE "FLoginName" = ?]
2025-12-24 11:35:14 - o.s.jdbc.core.JdbcTemplate - Executing prepared SQL query
2025-12-24 11:35:14 - o.s.jdbc.core.JdbcTemplate - Executing prepared SQL statement [SELECT "id" FROM public."CUS_HRImport_Department" WHERE "full_name" = ?]
2025-12-24 11:35:14 - o.s.jdbc.core.JdbcTemplate - Executing prepared SQL query
2025-12-24 11:35:14 - o.s.jdbc.core.JdbcTemplate - Executing prepared SQL statement [SELECT "tree_level" FROM public."CUS_HRImport_Department" WHERE "id" = ?]
2025-12-24 11:35:14 - o.s.jdbc.core.JdbcTemplate - Executing prepared SQL update
2025-12-24 11:35:14 - o.s.jdbc.core.JdbcTemplate - Executing prepared SQL statement [UPDATE public."TsUser" SET "FName" = ?, "FMobile" = ?, "FDepartmentId" = ?, "U_EmployeeCore" = ?, "FSeatId" = ? WHERE "FLoginName" = ?]
2025-12-24 11:35:14 - o.s.jdbc.core.JdbcTemplate - Executing prepared SQL update
2025-12-24 11:35:14 - o.s.jdbc.core.JdbcTemplate - Executing prepared SQL statement [UPDATE public."TsAccount" SET "FName" = ?, "FMobile" = ? WHERE "FLoginName" = ?]
2025-12-24 11:35:14 - c.c.h.service.HRDataProcessService - 更新員工: 邱譯慧 (BL058)
2025-12-24 11:35:14 - c.c.h.service.HRDataProcessService - 處理員工: 余采芳 (CF077)
2025-12-24 11:35:14 - o.s.jdbc.core.JdbcTemplate - Executing prepared SQL query
2025-12-24 11:35:14 - o.s.jdbc.core.JdbcTemplate - Executing prepared SQL statement [SELECT COUNT(*) FROM public."TsAccount" WHERE "FLoginName" = ?]
2025-12-24 11:35:14 - o.s.jdbc.core.JdbcTemplate - Executing prepared SQL query
2025-12-24 11:35:14 - o.s.jdbc.core.JdbcTemplate - Executing prepared SQL statement [SELECT "id" FROM public."CUS_HRImport_Department" WHERE "full_name" = ?]
2025-12-24 11:35:14 - o.s.jdbc.core.JdbcTemplate - Executing prepared SQL query
2025-12-24 11:35:14 - o.s.jdbc.core.JdbcTemplate - Executing prepared SQL statement [SELECT "tree_level" FROM public."CUS_HRImport_Department" WHERE "id" = ?]
2025-12-24 11:35:14 - o.s.jdbc.core.JdbcTemplate - Executing prepared SQL update
2025-12-24 11:35:14 - o.s.jdbc.core.JdbcTemplate - Executing prepared SQL statement [UPDATE public."TsUser" SET "FName" = ?, "FMobile" = ?, "FDepartmentId" = ?, "U_EmployeeCore" = ?, "FSeatId" = ? WHERE "FLoginName" = ?]
2025-12-24 11:35:14 - o.s.jdbc.core.JdbcTemplate - Executing prepared SQL update
2025-12-24 11:35:14 - o.s.jdbc.core.JdbcTemplate - Executing prepared SQL statement [UPDATE public."TsAccount" SET "FName" = ?, "FMobile" = ? WHERE "FLoginName" = ?]
2025-12-24 11:35:14 - c.c.h.service.HRDataProcessService - 更新員工: 余采芳 (CF077)
2025-12-24 11:35:14 - c.c.h.service.HRDataProcessService - 處理員工: 洪玉若 (AG048)
2025-12-24 11:35:14 - o.s.jdbc.core.JdbcTemplate - Executing prepared SQL query
2025-12-24 11:35:14 - o.s.jdbc.core.JdbcTemplate - Executing prepared SQL statement [SELECT COUNT(*) FROM public."TsAccount" WHERE "FLoginName" = ?]
2025-12-24 11:35:14 - o.s.jdbc.core.JdbcTemplate - Executing prepared SQL query
2025-12-24 11:35:14 - o.s.jdbc.core.JdbcTemplate - Executing prepared SQL statement [SELECT "id" FROM public."CUS_HRImport_Department" WHERE "full_name" = ?]
2025-12-24 11:35:14 - o.s.jdbc.core.JdbcTemplate - Executing prepared SQL query
2025-12-24 11:35:14 - o.s.jdbc.core.JdbcTemplate - Executing prepared SQL statement [SELECT "tree_level" FROM public."CUS_HRImport_Department" WHERE "id" = ?]
2025-12-24 11:35:14 - o.s.jdbc.core.JdbcTemplate - Executing prepared SQL update
2025-12-24 11:35:14 - o.s.jdbc.core.JdbcTemplate - Executing prepared SQL statement [UPDATE public."TsUser" SET "FName" = ?, "FMobile" = ?, "FDepartmentId" = ?, "U_EmployeeCore" = ?, "FSeatId" = ? WHERE "FLoginName" = ?]
2025-12-24 11:35:14 - o.s.jdbc.core.JdbcTemplate - Executing prepared SQL update
2025-12-24 11:35:14 - o.s.jdbc.core.JdbcTemplate - Executing prepared SQL statement [UPDATE public."TsAccount" SET "FName" = ?, "FMobile" = ? WHERE "FLoginName" = ?]
2025-12-24 11:35:14 - c.c.h.service.HRDataProcessService - 更新員工: 洪玉若 (AG048)
2025-12-24 11:35:14 - c.c.h.service.HRDataProcessService - 處理員工: 馮美靜 (AG294)
2025-12-24 11:35:14 - o.s.jdbc.core.JdbcTemplate - Executing prepared SQL query
2025-12-24 11:35:14 - o.s.jdbc.core.JdbcTemplate - Executing prepared SQL statement [SELECT COUNT(*) FROM public."TsAccount" WHERE "FLoginName" = ?]
2025-12-24 11:35:14 - o.s.jdbc.core.JdbcTemplate - Executing prepared SQL query
2025-12-24 11:35:14 - o.s.jdbc.core.JdbcTemplate - Executing prepared SQL statement [SELECT "id" FROM public."CUS_HRImport_Department" WHERE "full_name" = ?]
2025-12-24 11:35:14 - o.s.jdbc.core.JdbcTemplate - Executing prepared SQL query
2025-12-24 11:35:14 - o.s.jdbc.core.JdbcTemplate - Executing prepared SQL statement [SELECT "tree_level" FROM public."CUS_HRImport_Department" WHERE "id" = ?]
2025-12-24 11:35:14 - o.s.jdbc.core.JdbcTemplate - Executing prepared SQL update
2025-12-24 11:35:14 - o.s.jdbc.core.JdbcTemplate - Executing prepared SQL statement [UPDATE public."TsUser" SET "FName" = ?, "FMobile" = ?, "FDepartmentId" = ?, "U_EmployeeCore" = ?, "FSeatId" = ? WHERE "FLoginName" = ?]
2025-12-24 11:35:14 - o.s.jdbc.core.JdbcTemplate - Executing prepared SQL update
2025-12-24 11:35:14 - o.s.jdbc.core.JdbcTemplate - Executing prepared SQL statement [UPDATE public."TsAccount" SET "FName" = ?, "FMobile" = ? WHERE "FLoginName" = ?]
2025-12-24 11:35:14 - c.c.h.service.HRDataProcessService - 更新員工: 馮美靜 (AG294)
2025-12-24 11:35:14 - c.c.h.service.HRDataProcessService - 處理員工: 李沁綸 (AH003)
2025-12-24 11:35:14 - o.s.jdbc.core.JdbcTemplate - Executing prepared SQL query
2025-12-24 11:35:14 - o.s.jdbc.core.JdbcTemplate - Executing prepared SQL statement [SELECT COUNT(*) FROM public."TsAccount" WHERE "FLoginName" = ?]
2025-12-24 11:35:14 - o.s.jdbc.core.JdbcTemplate - Executing prepared SQL query
2025-12-24 11:35:14 - o.s.jdbc.core.JdbcTemplate - Executing prepared SQL statement [SELECT "id" FROM public."CUS_HRImport_Department" WHERE "full_name" = ?]
2025-12-24 11:35:14 - o.s.jdbc.core.JdbcTemplate - Executing prepared SQL query
2025-12-24 11:35:14 - o.s.jdbc.core.JdbcTemplate - Executing prepared SQL statement [SELECT "tree_level" FROM public."CUS_HRImport_Department" WHERE "id" = ?]
2025-12-24 11:35:14 - o.s.jdbc.core.JdbcTemplate - Executing prepared SQL update
2025-12-24 11:35:14 - o.s.jdbc.core.JdbcTemplate - Executing prepared SQL statement [UPDATE public."TsUser" SET "FName" = ?, "FMobile" = ?, "FDepartmentId" = ?, "U_EmployeeCore" = ?, "FSeatId" = ? WHERE "FLoginName" = ?]
2025-12-24 11:35:14 - o.s.jdbc.core.JdbcTemplate - Executing prepared SQL update
2025-12-24 11:35:14 - o.s.jdbc.core.JdbcTemplate - Executing prepared SQL statement [UPDATE public."TsAccount" SET "FName" = ?, "FMobile" = ? WHERE "FLoginName" = ?]
2025-12-24 11:35:14 - c.c.h.service.HRDataProcessService - 更新員工: 李沁綸 (AH003)
2025-12-24 11:35:14 - c.c.h.service.HRDataProcessService - 處理員工: 王裕杰 (BE056)
2025-12-24 11:35:14 - o.s.jdbc.core.JdbcTemplate - Executing prepared SQL query
2025-12-24 11:35:14 - o.s.jdbc.core.JdbcTemplate - Executing prepared SQL statement [SELECT COUNT(*) FROM public."TsAccount" WHERE "FLoginName" = ?]
2025-12-24 11:35:14 - o.s.jdbc.core.JdbcTemplate - Executing prepared SQL query
2025-12-24 11:35:14 - o.s.jdbc.core.JdbcTemplate - Executing prepared SQL statement [SELECT "id" FROM public."CUS_HRImport_Department" WHERE "full_name" = ?]
2025-12-24 11:35:14 - o.s.jdbc.core.JdbcTemplate - Executing prepared SQL query
2025-12-24 11:35:14 - o.s.jdbc.core.JdbcTemplate - Executing prepared SQL statement [SELECT "tree_level" FROM public."CUS_HRImport_Department" WHERE "id" = ?]
2025-12-24 11:35:14 - o.s.jdbc.core.JdbcTemplate - Executing prepared SQL update
2025-12-24 11:35:14 - o.s.jdbc.core.JdbcTemplate - Executing prepared SQL statement [UPDATE public."TsUser" SET "FName" = ?, "FMobile" = ?, "FDepartmentId" = ?, "U_EmployeeCore" = ?, "FSeatId" = ? WHERE "FLoginName" = ?]
2025-12-24 11:35:14 - o.s.jdbc.core.JdbcTemplate - Executing prepared SQL update
2025-12-24 11:35:14 - o.s.jdbc.core.JdbcTemplate - Executing prepared SQL statement [UPDATE public."TsAccount" SET "FName" = ?, "FMobile" = ? WHERE "FLoginName" = ?]
2025-12-24 11:35:14 - c.c.h.service.HRDataProcessService - 更新員工: 王裕杰 (BE056)
2025-12-24 11:35:14 - c.c.h.service.HRDataProcessService - 處理員工: 劉四評 (BL053)
2025-12-24 11:35:14 - o.s.jdbc.core.JdbcTemplate - Executing prepared SQL query
2025-12-24 11:35:14 - o.s.jdbc.core.JdbcTemplate - Executing prepared SQL statement [SELECT COUNT(*) FROM public."TsAccount" WHERE "FLoginName" = ?]
2025-12-24 11:35:14 - o.s.jdbc.core.JdbcTemplate - Executing prepared SQL query
2025-12-24 11:35:14 - o.s.jdbc.core.JdbcTemplate - Executing prepared SQL statement [SELECT "id" FROM public."CUS_HRImport_Department" WHERE "full_name" = ?]
2025-12-24 11:35:14 - o.s.jdbc.core.JdbcTemplate - Executing prepared SQL query
2025-12-24 11:35:14 - o.s.jdbc.core.JdbcTemplate - Executing prepared SQL statement [SELECT "tree_level" FROM public."CUS_HRImport_Department" WHERE "id" = ?]
2025-12-24 11:35:14 - o.s.jdbc.core.JdbcTemplate - Executing prepared SQL update
2025-12-24 11:35:14 - o.s.jdbc.core.JdbcTemplate - Executing prepared SQL statement [UPDATE public."TsUser" SET "FName" = ?, "FMobile" = ?, "FDepartmentId" = ?, "U_EmployeeCore" = ?, "FSeatId" = ? WHERE "FLoginName" = ?]
2025-12-24 11:35:14 - o.s.jdbc.core.JdbcTemplate - Executing prepared SQL update
2025-12-24 11:35:14 - o.s.jdbc.core.JdbcTemplate - Executing prepared SQL statement [UPDATE public."TsAccount" SET "FName" = ?, "FMobile" = ? WHERE "FLoginName" = ?]
2025-12-24 11:35:14 - c.c.h.service.HRDataProcessService - 更新員工: 劉四評 (BL053)
2025-12-24 11:35:14 - c.c.h.service.HRDataProcessService - 處理員工: 陳慧君 (CC025)
2025-12-24 11:35:14 - o.s.jdbc.core.JdbcTemplate - Executing prepared SQL query
2025-12-24 11:35:14 - o.s.jdbc.core.JdbcTemplate - Executing prepared SQL statement [SELECT COUNT(*) FROM public."TsAccount" WHERE "FLoginName" = ?]
2025-12-24 11:35:14 - o.s.jdbc.core.JdbcTemplate - Executing prepared SQL query
2025-12-24 11:35:14 - o.s.jdbc.core.JdbcTemplate - Executing prepared SQL statement [SELECT "id" FROM public."CUS_HRImport_Department" WHERE "full_name" = ?]
2025-12-24 11:35:14 - o.s.jdbc.core.JdbcTemplate - Executing prepared SQL query
2025-12-24 11:35:14 - o.s.jdbc.core.JdbcTemplate - Executing prepared SQL statement [SELECT "tree_level" FROM public."CUS_HRImport_Department" WHERE "id" = ?]
2025-12-24 11:35:14 - o.s.jdbc.core.JdbcTemplate - Executing prepared SQL update
2025-12-24 11:35:14 - o.s.jdbc.core.JdbcTemplate - Executing prepared SQL statement [UPDATE public."TsUser" SET "FName" = ?, "FMobile" = ?, "FDepartmentId" = ?, "U_EmployeeCore" = ?, "FSeatId" = ? WHERE "FLoginName" = ?]
2025-12-24 11:35:14 - o.s.jdbc.core.JdbcTemplate - Executing prepared SQL update
2025-12-24 11:35:14 - o.s.jdbc.core.JdbcTemplate - Executing prepared SQL statement [UPDATE public."TsAccount" SET "FName" = ?, "FMobile" = ? WHERE "FLoginName" = ?]
2025-12-24 11:35:14 - c.c.h.service.HRDataProcessService - 更新員工: 陳慧君 (CC025)
2025-12-24 11:35:14 - c.c.h.service.HRDataProcessService - 處理員工: 吳豐旭 (CC064)
2025-12-24 11:35:14 - o.s.jdbc.core.JdbcTemplate - Executing prepared SQL query
2025-12-24 11:35:14 - o.s.jdbc.core.JdbcTemplate - Executing prepared SQL statement [SELECT COUNT(*) FROM public."TsAccount" WHERE "FLoginName" = ?]
2025-12-24 11:35:14 - o.s.jdbc.core.JdbcTemplate - Executing prepared SQL query
2025-12-24 11:35:14 - o.s.jdbc.core.JdbcTemplate - Executing prepared SQL statement [SELECT "id" FROM public."CUS_HRImport_Department" WHERE "full_name" = ?]
2025-12-24 11:35:14 - o.s.jdbc.core.JdbcTemplate - Executing prepared SQL query
2025-12-24 11:35:14 - o.s.jdbc.core.JdbcTemplate - Executing prepared SQL statement [SELECT "tree_level" FROM public."CUS_HRImport_Department" WHERE "id" = ?]
2025-12-24 11:35:14 - o.s.jdbc.core.JdbcTemplate - Executing prepared SQL update
2025-12-24 11:35:14 - o.s.jdbc.core.JdbcTemplate - Executing prepared SQL statement [UPDATE public."TsUser" SET "FName" = ?, "FMobile" = ?, "FDepartmentId" = ?, "U_EmployeeCore" = ?, "FSeatId" = ? WHERE "FLoginName" = ?]
2025-12-24 11:35:14 - o.s.jdbc.core.JdbcTemplate - Executing prepared SQL update
2025-12-24 11:35:14 - o.s.jdbc.core.JdbcTemplate - Executing prepared SQL statement [UPDATE public."TsAccount" SET "FName" = ?, "FMobile" = ? WHERE "FLoginName" = ?]
2025-12-24 11:35:14 - c.c.h.service.HRDataProcessService - 更新員工: 吳豐旭 (CC064)
2025-12-24 11:35:14 - c.c.h.service.HRDataProcessService - 處理員工: 邵子晏 (CE088)
2025-12-24 11:35:14 - o.s.jdbc.core.JdbcTemplate - Executing prepared SQL query
2025-12-24 11:35:14 - o.s.jdbc.core.JdbcTemplate - Executing prepared SQL statement [SELECT COUNT(*) FROM public."TsAccount" WHERE "FLoginName" = ?]
2025-12-24 11:35:14 - o.s.jdbc.core.JdbcTemplate - Executing prepared SQL query
2025-12-24 11:35:14 - o.s.jdbc.core.JdbcTemplate - Executing prepared SQL statement [SELECT "id" FROM public."CUS_HRImport_Department" WHERE "full_name" = ?]
2025-12-24 11:35:14 - o.s.jdbc.core.JdbcTemplate - Executing prepared SQL query
2025-12-24 11:35:14 - o.s.jdbc.core.JdbcTemplate - Executing prepared SQL statement [SELECT "tree_level" FROM public."CUS_HRImport_Department" WHERE "id" = ?]
2025-12-24 11:35:14 - o.s.jdbc.core.JdbcTemplate - Executing prepared SQL update
2025-12-24 11:35:14 - o.s.jdbc.core.JdbcTemplate - Executing prepared SQL statement [UPDATE public."TsUser" SET "FName" = ?, "FMobile" = ?, "FDepartmentId" = ?, "U_EmployeeCore" = ?, "FSeatId" = ? WHERE "FLoginName" = ?]
2025-12-24 11:35:14 - o.s.jdbc.core.JdbcTemplate - Executing prepared SQL update
2025-12-24 11:35:14 - o.s.jdbc.core.JdbcTemplate - Executing prepared SQL statement [UPDATE public."TsAccount" SET "FName" = ?, "FMobile" = ? WHERE "FLoginName" = ?]
2025-12-24 11:35:14 - c.c.h.service.HRDataProcessService - 更新員工: 邵子晏 (CE088)
2025-12-24 11:35:14 - c.c.h.service.HRDataProcessService - 處理員工: 李茗巽 (CF026)
2025-12-24 11:35:14 - o.s.jdbc.core.JdbcTemplate - Executing prepared SQL query
2025-12-24 11:35:14 - o.s.jdbc.core.JdbcTemplate - Executing prepared SQL statement [SELECT COUNT(*) FROM public."TsAccount" WHERE "FLoginName" = ?]
2025-12-24 11:35:14 - o.s.jdbc.core.JdbcTemplate - Executing prepared SQL query
2025-12-24 11:35:14 - o.s.jdbc.core.JdbcTemplate - Executing prepared SQL statement [SELECT "id" FROM public."CUS_HRImport_Department" WHERE "full_name" = ?]
2025-12-24 11:35:14 - o.s.jdbc.core.JdbcTemplate - Executing prepared SQL query
2025-12-24 11:35:14 - o.s.jdbc.core.JdbcTemplate - Executing prepared SQL statement [SELECT "tree_level" FROM public."CUS_HRImport_Department" WHERE "id" = ?]
2025-12-24 11:35:14 - o.s.jdbc.core.JdbcTemplate - Executing prepared SQL update
2025-12-24 11:35:14 - o.s.jdbc.core.JdbcTemplate - Executing prepared SQL statement [UPDATE public."TsUser" SET "FName" = ?, "FMobile" = ?, "FDepartmentId" = ?, "U_EmployeeCore" = ?, "FSeatId" = ? WHERE "FLoginName" = ?]
2025-12-24 11:35:14 - o.s.jdbc.core.JdbcTemplate - Executing prepared SQL update
2025-12-24 11:35:14 - o.s.jdbc.core.JdbcTemplate - Executing prepared SQL statement [UPDATE public."TsAccount" SET "FName" = ?, "FMobile" = ? WHERE "FLoginName" = ?]
2025-12-24 11:35:14 - c.c.h.service.HRDataProcessService - 更新員工: 李茗巽 (CF026)
2025-12-24 11:35:14 - c.c.h.service.HRDataProcessService - 處理員工: 劉家偉 (CE072)
2025-12-24 11:35:14 - o.s.jdbc.core.JdbcTemplate - Executing prepared SQL query
2025-12-24 11:35:14 - o.s.jdbc.core.JdbcTemplate - Executing prepared SQL statement [SELECT COUNT(*) FROM public."TsAccount" WHERE "FLoginName" = ?]
2025-12-24 11:35:14 - o.s.jdbc.core.JdbcTemplate - Executing prepared SQL query
2025-12-24 11:35:14 - o.s.jdbc.core.JdbcTemplate - Executing prepared SQL statement [SELECT "id" FROM public."CUS_HRImport_Department" WHERE "full_name" = ?]
2025-12-24 11:35:14 - o.s.jdbc.core.JdbcTemplate - Executing prepared SQL query
2025-12-24 11:35:14 - o.s.jdbc.core.JdbcTemplate - Executing prepared SQL statement [SELECT "tree_level" FROM public."CUS_HRImport_Department" WHERE "id" = ?]
2025-12-24 11:35:14 - o.s.jdbc.core.JdbcTemplate - Executing prepared SQL update
2025-12-24 11:35:14 - o.s.jdbc.core.JdbcTemplate - Executing prepared SQL statement [UPDATE public."TsUser" SET "FName" = ?, "FMobile" = ?, "FDepartmentId" = ?, "U_EmployeeCore" = ?, "FSeatId" = ? WHERE "FLoginName" = ?]
2025-12-24 11:35:14 - o.s.jdbc.core.JdbcTemplate - Executing prepared SQL update
2025-12-24 11:35:14 - o.s.jdbc.core.JdbcTemplate - Executing prepared SQL statement [UPDATE public."TsAccount" SET "FName" = ?, "FMobile" = ? WHERE "FLoginName" = ?]
2025-12-24 11:35:14 - c.c.h.service.HRDataProcessService - 更新員工: 劉家偉 (CE072)
2025-12-24 11:35:14 - c.c.h.service.HRDataProcessService - 處理員工: 蔡喬衣 (CF096)
2025-12-24 11:35:14 - o.s.jdbc.core.JdbcTemplate - Executing prepared SQL query
2025-12-24 11:35:14 - o.s.jdbc.core.JdbcTemplate - Executing prepared SQL statement [SELECT COUNT(*) FROM public."TsAccount" WHERE "FLoginName" = ?]
2025-12-24 11:35:14 - o.s.jdbc.core.JdbcTemplate - Executing prepared SQL query
2025-12-24 11:35:14 - o.s.jdbc.core.JdbcTemplate - Executing prepared SQL statement [SELECT "id" FROM public."CUS_HRImport_Department" WHERE "full_name" = ?]
2025-12-24 11:35:14 - o.s.jdbc.core.JdbcTemplate - Executing prepared SQL query
2025-12-24 11:35:14 - o.s.jdbc.core.JdbcTemplate - Executing prepared SQL statement [SELECT "tree_level" FROM public."CUS_HRImport_Department" WHERE "id" = ?]
2025-12-24 11:35:14 - o.s.jdbc.core.JdbcTemplate - Executing prepared SQL update
2025-12-24 11:35:14 - o.s.jdbc.core.JdbcTemplate - Executing prepared SQL statement [UPDATE public."TsUser" SET "FName" = ?, "FMobile" = ?, "FDepartmentId" = ?, "U_EmployeeCore" = ?, "FSeatId" = ? WHERE "FLoginName" = ?]
2025-12-24 11:35:14 - o.s.jdbc.core.JdbcTemplate - Executing prepared SQL update
2025-12-24 11:35:14 - o.s.jdbc.core.JdbcTemplate - Executing prepared SQL statement [UPDATE public."TsAccount" SET "FName" = ?, "FMobile" = ? WHERE "FLoginName" = ?]
2025-12-24 11:35:14 - c.c.h.service.HRDataProcessService - 更新員工: 蔡喬衣 (CF096)
2025-12-24 11:35:14 - c.c.h.service.HRDataProcessService - 處理員工: 湯雅婷 (CD053)
2025-12-24 11:35:14 - o.s.jdbc.core.JdbcTemplate - Executing prepared SQL query
2025-12-24 11:35:14 - o.s.jdbc.core.JdbcTemplate - Executing prepared SQL statement [SELECT COUNT(*) FROM public."TsAccount" WHERE "FLoginName" = ?]
2025-12-24 11:35:14 - o.s.jdbc.core.JdbcTemplate - Executing prepared SQL query
2025-12-24 11:35:14 - o.s.jdbc.core.JdbcTemplate - Executing prepared SQL statement [SELECT "id" FROM public."CUS_HRImport_Department" WHERE "full_name" = ?]
2025-12-24 11:35:14 - o.s.jdbc.core.JdbcTemplate - Executing prepared SQL query
2025-12-24 11:35:14 - o.s.jdbc.core.JdbcTemplate - Executing prepared SQL statement [SELECT "tree_level" FROM public."CUS_HRImport_Department" WHERE "id" = ?]
2025-12-24 11:35:14 - o.s.jdbc.core.JdbcTemplate - Executing prepared SQL update
2025-12-24 11:35:14 - o.s.jdbc.core.JdbcTemplate - Executing prepared SQL statement [UPDATE public."TsUser" SET "FName" = ?, "FMobile" = ?, "FDepartmentId" = ?, "U_EmployeeCore" = ?, "FSeatId" = ? WHERE "FLoginName" = ?]
2025-12-24 11:35:14 - o.s.jdbc.core.JdbcTemplate - Executing prepared SQL update
2025-12-24 11:35:14 - o.s.jdbc.core.JdbcTemplate - Executing prepared SQL statement [UPDATE public."TsAccount" SET "FName" = ?, "FMobile" = ? WHERE "FLoginName" = ?]
2025-12-24 11:35:14 - c.c.h.service.HRDataProcessService - 更新員工: 湯雅婷 (CD053)
2025-12-24 11:35:14 - c.c.h.service.HRDataProcessService - 處理員工: 黃佩菁 (AG049)
2025-12-24 11:35:14 - o.s.jdbc.core.JdbcTemplate - Executing prepared SQL query
2025-12-24 11:35:14 - o.s.jdbc.core.JdbcTemplate - Executing prepared SQL statement [SELECT COUNT(*) FROM public."TsAccount" WHERE "FLoginName" = ?]
2025-12-24 11:35:14 - o.s.jdbc.core.JdbcTemplate - Executing prepared SQL query
2025-12-24 11:35:14 - o.s.jdbc.core.JdbcTemplate - Executing prepared SQL statement [SELECT "id" FROM public."CUS_HRImport_Department" WHERE "full_name" = ?]
2025-12-24 11:35:14 - o.s.jdbc.core.JdbcTemplate - Executing prepared SQL query
2025-12-24 11:35:14 - o.s.jdbc.core.JdbcTemplate - Executing prepared SQL statement [SELECT "tree_level" FROM public."CUS_HRImport_Department" WHERE "id" = ?]
2025-12-24 11:35:14 - o.s.jdbc.core.JdbcTemplate - Executing prepared SQL update
2025-12-24 11:35:14 - o.s.jdbc.core.JdbcTemplate - Executing prepared SQL statement [UPDATE public."TsUser" SET "FName" = ?, "FMobile" = ?, "FDepartmentId" = ?, "U_EmployeeCore" = ?, "FSeatId" = ? WHERE "FLoginName" = ?]
2025-12-24 11:35:14 - o.s.jdbc.core.JdbcTemplate - Executing prepared SQL update
2025-12-24 11:35:14 - o.s.jdbc.core.JdbcTemplate - Executing prepared SQL statement [UPDATE public."TsAccount" SET "FName" = ?, "FMobile" = ? WHERE "FLoginName" = ?]
2025-12-24 11:35:14 - c.c.h.service.HRDataProcessService - 更新員工: 黃佩菁 (AG049)
2025-12-24 11:35:14 - c.c.h.service.HRDataProcessService - 處理員工: 呂淑華 (AG242)
2025-12-24 11:35:14 - o.s.jdbc.core.JdbcTemplate - Executing prepared SQL query
2025-12-24 11:35:14 - o.s.jdbc.core.JdbcTemplate - Executing prepared SQL statement [SELECT COUNT(*) FROM public."TsAccount" WHERE "FLoginName" = ?]
2025-12-24 11:35:14 - o.s.jdbc.core.JdbcTemplate - Executing prepared SQL query
2025-12-24 11:35:14 - o.s.jdbc.core.JdbcTemplate - Executing prepared SQL statement [SELECT "id" FROM public."CUS_HRImport_Department" WHERE "full_name" = ?]
2025-12-24 11:35:14 - o.s.jdbc.core.JdbcTemplate - Executing prepared SQL query
2025-12-24 11:35:14 - o.s.jdbc.core.JdbcTemplate - Executing prepared SQL statement [SELECT "tree_level" FROM public."CUS_HRImport_Department" WHERE "id" = ?]
2025-12-24 11:35:14 - o.s.jdbc.core.JdbcTemplate - Executing prepared SQL update
2025-12-24 11:35:14 - o.s.jdbc.core.JdbcTemplate - Executing prepared SQL statement [UPDATE public."TsUser" SET "FName" = ?, "FMobile" = ?, "FDepartmentId" = ?, "U_EmployeeCore" = ?, "FSeatId" = ? WHERE "FLoginName" = ?]
2025-12-24 11:35:14 - o.s.jdbc.core.JdbcTemplate - Executing prepared SQL update
2025-12-24 11:35:14 - o.s.jdbc.core.JdbcTemplate - Executing prepared SQL statement [UPDATE public."TsAccount" SET "FName" = ?, "FMobile" = ? WHERE "FLoginName" = ?]
2025-12-24 11:35:14 - c.c.h.service.HRDataProcessService - 更新員工: 呂淑華 (AG242)
2025-12-24 11:35:14 - c.c.h.service.HRDataProcessService - 處理員工: 周鴻曉 (AJ062)
2025-12-24 11:35:14 - o.s.jdbc.core.JdbcTemplate - Executing prepared SQL query
2025-12-24 11:35:14 - o.s.jdbc.core.JdbcTemplate - Executing prepared SQL statement [SELECT COUNT(*) FROM public."TsAccount" WHERE "FLoginName" = ?]
2025-12-24 11:35:14 - o.s.jdbc.core.JdbcTemplate - Executing prepared SQL query
2025-12-24 11:35:14 - o.s.jdbc.core.JdbcTemplate - Executing prepared SQL statement [SELECT "id" FROM public."CUS_HRImport_Department" WHERE "full_name" = ?]
2025-12-24 11:35:14 - o.s.jdbc.core.JdbcTemplate - Executing prepared SQL query
2025-12-24 11:35:14 - o.s.jdbc.core.JdbcTemplate - Executing prepared SQL statement [SELECT "tree_level" FROM public."CUS_HRImport_Department" WHERE "id" = ?]
2025-12-24 11:35:14 - o.s.jdbc.core.JdbcTemplate - Executing prepared SQL update
2025-12-24 11:35:14 - o.s.jdbc.core.JdbcTemplate - Executing prepared SQL statement [UPDATE public."TsUser" SET "FName" = ?, "FMobile" = ?, "FDepartmentId" = ?, "U_EmployeeCore" = ?, "FSeatId" = ? WHERE "FLoginName" = ?]
2025-12-24 11:35:14 - o.s.jdbc.core.JdbcTemplate - Executing prepared SQL update
2025-12-24 11:35:14 - o.s.jdbc.core.JdbcTemplate - Executing prepared SQL statement [UPDATE public."TsAccount" SET "FName" = ?, "FMobile" = ? WHERE "FLoginName" = ?]
2025-12-24 11:35:14 - c.c.h.service.HRDataProcessService - 更新員工: 周鴻曉 (AJ062)
2025-12-24 11:35:14 - c.c.h.service.HRDataProcessService - 處理員工: 邱美禎 (BE099)
2025-12-24 11:35:14 - o.s.jdbc.core.JdbcTemplate - Executing prepared SQL query
2025-12-24 11:35:14 - o.s.jdbc.core.JdbcTemplate - Executing prepared SQL statement [SELECT COUNT(*) FROM public."TsAccount" WHERE "FLoginName" = ?]
2025-12-24 11:35:14 - o.s.jdbc.core.JdbcTemplate - Executing prepared SQL query
2025-12-24 11:35:14 - o.s.jdbc.core.JdbcTemplate - Executing prepared SQL statement [SELECT "id" FROM public."CUS_HRImport_Department" WHERE "full_name" = ?]
2025-12-24 11:35:14 - o.s.jdbc.core.JdbcTemplate - Executing prepared SQL query
2025-12-24 11:35:14 - o.s.jdbc.core.JdbcTemplate - Executing prepared SQL statement [SELECT "tree_level" FROM public."CUS_HRImport_Department" WHERE "id" = ?]
2025-12-24 11:35:14 - o.s.jdbc.core.JdbcTemplate - Executing prepared SQL update
2025-12-24 11:35:14 - o.s.jdbc.core.JdbcTemplate - Executing prepared SQL statement [UPDATE public."TsUser" SET "FName" = ?, "FMobile" = ?, "FDepartmentId" = ?, "U_EmployeeCore" = ?, "FSeatId" = ? WHERE "FLoginName" = ?]
2025-12-24 11:35:14 - o.s.jdbc.core.JdbcTemplate - Executing prepared SQL update
2025-12-24 11:35:14 - o.s.jdbc.core.JdbcTemplate - Executing prepared SQL statement [UPDATE public."TsAccount" SET "FName" = ?, "FMobile" = ? WHERE "FLoginName" = ?]
2025-12-24 11:35:14 - c.c.h.service.HRDataProcessService - 更新員工: 邱美禎 (BE099)
2025-12-24 11:35:14 - c.c.h.service.HRDataProcessService - 處理員工: 黃慧慈 (BH140)
2025-12-24 11:35:14 - o.s.jdbc.core.JdbcTemplate - Executing prepared SQL query
2025-12-24 11:35:14 - o.s.jdbc.core.JdbcTemplate - Executing prepared SQL statement [SELECT COUNT(*) FROM public."TsAccount" WHERE "FLoginName" = ?]
2025-12-24 11:35:14 - o.s.jdbc.core.JdbcTemplate - Executing prepared SQL query
2025-12-24 11:35:14 - o.s.jdbc.core.JdbcTemplate - Executing prepared SQL statement [SELECT "id" FROM public."CUS_HRImport_Department" WHERE "full_name" = ?]
2025-12-24 11:35:14 - o.s.jdbc.core.JdbcTemplate - Executing prepared SQL query
2025-12-24 11:35:14 - o.s.jdbc.core.JdbcTemplate - Executing prepared SQL statement [SELECT "tree_level" FROM public."CUS_HRImport_Department" WHERE "id" = ?]
2025-12-24 11:35:14 - o.s.jdbc.core.JdbcTemplate - Executing prepared SQL update
2025-12-24 11:35:14 - o.s.jdbc.core.JdbcTemplate - Executing prepared SQL statement [UPDATE public."TsUser" SET "FName" = ?, "FMobile" = ?, "FDepartmentId" = ?, "U_EmployeeCore" = ?, "FSeatId" = ? WHERE "FLoginName" = ?]
2025-12-24 11:35:14 - o.s.jdbc.core.JdbcTemplate - Executing prepared SQL update
2025-12-24 11:35:14 - o.s.jdbc.core.JdbcTemplate - Executing prepared SQL statement [UPDATE public."TsAccount" SET "FName" = ?, "FMobile" = ? WHERE "FLoginName" = ?]
2025-12-24 11:35:14 - c.c.h.service.HRDataProcessService - 更新員工: 黃慧慈 (BH140)
2025-12-24 11:35:14 - c.c.h.service.HRDataProcessService - 處理員工: 賴美雯 (AG213)
2025-12-24 11:35:14 - o.s.jdbc.core.JdbcTemplate - Executing prepared SQL query
2025-12-24 11:35:14 - o.s.jdbc.core.JdbcTemplate - Executing prepared SQL statement [SELECT COUNT(*) FROM public."TsAccount" WHERE "FLoginName" = ?]
2025-12-24 11:35:14 - o.s.jdbc.core.JdbcTemplate - Executing prepared SQL query
2025-12-24 11:35:14 - o.s.jdbc.core.JdbcTemplate - Executing prepared SQL statement [SELECT "id" FROM public."CUS_HRImport_Department" WHERE "full_name" = ?]
2025-12-24 11:35:14 - o.s.jdbc.core.JdbcTemplate - Executing prepared SQL query
2025-12-24 11:35:14 - o.s.jdbc.core.JdbcTemplate - Executing prepared SQL statement [SELECT "tree_level" FROM public."CUS_HRImport_Department" WHERE "id" = ?]
2025-12-24 11:35:14 - o.s.jdbc.core.JdbcTemplate - Executing prepared SQL update
2025-12-24 11:35:14 - o.s.jdbc.core.JdbcTemplate - Executing prepared SQL statement [UPDATE public."TsUser" SET "FName" = ?, "FMobile" = ?, "FDepartmentId" = ?, "U_EmployeeCore" = ?, "FSeatId" = ? WHERE "FLoginName" = ?]
2025-12-24 11:35:14 - o.s.jdbc.core.JdbcTemplate - Executing prepared SQL update
2025-12-24 11:35:14 - o.s.jdbc.core.JdbcTemplate - Executing prepared SQL statement [UPDATE public."TsAccount" SET "FName" = ?, "FMobile" = ? WHERE "FLoginName" = ?]
2025-12-24 11:35:14 - c.c.h.service.HRDataProcessService - 更新員工: 賴美雯 (AG213)
2025-12-24 11:35:14 - c.c.h.service.HRDataProcessService - 處理員工: 廖偉淳 (CF074)
2025-12-24 11:35:14 - o.s.jdbc.core.JdbcTemplate - Executing prepared SQL query
2025-12-24 11:35:14 - o.s.jdbc.core.JdbcTemplate - Executing prepared SQL statement [SELECT COUNT(*) FROM public."TsAccount" WHERE "FLoginName" = ?]
2025-12-24 11:35:14 - o.s.jdbc.core.JdbcTemplate - Executing prepared SQL query
2025-12-24 11:35:14 - o.s.jdbc.core.JdbcTemplate - Executing prepared SQL statement [SELECT "id" FROM public."CUS_HRImport_Department" WHERE "full_name" = ?]
2025-12-24 11:35:14 - o.s.jdbc.core.JdbcTemplate - Executing prepared SQL query
2025-12-24 11:35:14 - o.s.jdbc.core.JdbcTemplate - Executing prepared SQL statement [SELECT "tree_level" FROM public."CUS_HRImport_Department" WHERE "id" = ?]
2025-12-24 11:35:14 - o.s.jdbc.core.JdbcTemplate - Executing prepared SQL update
2025-12-24 11:35:14 - o.s.jdbc.core.JdbcTemplate - Executing prepared SQL statement [UPDATE public."TsUser" SET "FName" = ?, "FMobile" = ?, "FDepartmentId" = ?, "U_EmployeeCore" = ?, "FSeatId" = ? WHERE "FLoginName" = ?]
2025-12-24 11:35:14 - o.s.jdbc.core.JdbcTemplate - Executing prepared SQL update
2025-12-24 11:35:14 - o.s.jdbc.core.JdbcTemplate - Executing prepared SQL statement [UPDATE public."TsAccount" SET "FName" = ?, "FMobile" = ? WHERE "FLoginName" = ?]
2025-12-24 11:35:14 - c.c.h.service.HRDataProcessService - 更新員工: 廖偉淳 (CF074)
2025-12-24 11:35:14 - c.c.h.service.HRDataProcessService - 處理員工: 蔡書容 (BI050)
2025-12-24 11:35:14 - o.s.jdbc.core.JdbcTemplate - Executing prepared SQL query
2025-12-24 11:35:14 - o.s.jdbc.core.JdbcTemplate - Executing prepared SQL statement [SELECT COUNT(*) FROM public."TsAccount" WHERE "FLoginName" = ?]
2025-12-24 11:35:14 - o.s.jdbc.core.JdbcTemplate - Executing prepared SQL query
2025-12-24 11:35:14 - o.s.jdbc.core.JdbcTemplate - Executing prepared SQL statement [SELECT "id" FROM public."CUS_HRImport_Department" WHERE "full_name" = ?]
2025-12-24 11:35:14 - o.s.jdbc.core.JdbcTemplate - Executing prepared SQL query
2025-12-24 11:35:14 - o.s.jdbc.core.JdbcTemplate - Executing prepared SQL statement [SELECT "tree_level" FROM public."CUS_HRImport_Department" WHERE "id" = ?]
2025-12-24 11:35:14 - o.s.jdbc.core.JdbcTemplate - Executing prepared SQL update
2025-12-24 11:35:14 - o.s.jdbc.core.JdbcTemplate - Executing prepared SQL statement [UPDATE public."TsUser" SET "FName" = ?, "FMobile" = ?, "FDepartmentId" = ?, "U_EmployeeCore" = ?, "FSeatId" = ? WHERE "FLoginName" = ?]
2025-12-24 11:35:14 - o.s.jdbc.core.JdbcTemplate - Executing prepared SQL update
2025-12-24 11:35:14 - o.s.jdbc.core.JdbcTemplate - Executing prepared SQL statement [UPDATE public."TsAccount" SET "FName" = ?, "FMobile" = ? WHERE "FLoginName" = ?]
2025-12-24 11:35:14 - c.c.h.service.HRDataProcessService - 更新員工: 蔡書容 (BI050)
2025-12-24 11:35:14 - c.c.h.service.HRDataProcessService - 處理員工: 魏淑如 (AG154)
2025-12-24 11:35:14 - o.s.jdbc.core.JdbcTemplate - Executing prepared SQL query
2025-12-24 11:35:14 - o.s.jdbc.core.JdbcTemplate - Executing prepared SQL statement [SELECT COUNT(*) FROM public."TsAccount" WHERE "FLoginName" = ?]
2025-12-24 11:35:14 - o.s.jdbc.core.JdbcTemplate - Executing prepared SQL query
2025-12-24 11:35:14 - o.s.jdbc.core.JdbcTemplate - Executing prepared SQL statement [SELECT "id" FROM public."CUS_HRImport_Department" WHERE "full_name" = ?]
2025-12-24 11:35:14 - o.s.jdbc.core.JdbcTemplate - Executing prepared SQL query
2025-12-24 11:35:14 - o.s.jdbc.core.JdbcTemplate - Executing prepared SQL statement [SELECT "tree_level" FROM public."CUS_HRImport_Department" WHERE "id" = ?]
2025-12-24 11:35:14 - o.s.jdbc.core.JdbcTemplate - Executing prepared SQL update
2025-12-24 11:35:14 - o.s.jdbc.core.JdbcTemplate - Executing prepared SQL statement [UPDATE public."TsUser" SET "FName" = ?, "FMobile" = ?, "FDepartmentId" = ?, "U_EmployeeCore" = ?, "FSeatId" = ? WHERE "FLoginName" = ?]
2025-12-24 11:35:14 - o.s.jdbc.core.JdbcTemplate - Executing prepared SQL update
2025-12-24 11:35:14 - o.s.jdbc.core.JdbcTemplate - Executing prepared SQL statement [UPDATE public."TsAccount" SET "FName" = ?, "FMobile" = ? WHERE "FLoginName" = ?]
2025-12-24 11:35:14 - c.c.h.service.HRDataProcessService - 更新員工: 魏淑如 (AG154)
2025-12-24 11:35:14 - c.c.h.service.HRDataProcessService - 處理員工: 李佩錦 (AG162)
2025-12-24 11:35:14 - o.s.jdbc.core.JdbcTemplate - Executing prepared SQL query
2025-12-24 11:35:14 - o.s.jdbc.core.JdbcTemplate - Executing prepared SQL statement [SELECT COUNT(*) FROM public."TsAccount" WHERE "FLoginName" = ?]
2025-12-24 11:35:14 - o.s.jdbc.core.JdbcTemplate - Executing prepared SQL query
2025-12-24 11:35:14 - o.s.jdbc.core.JdbcTemplate - Executing prepared SQL statement [SELECT "id" FROM public."CUS_HRImport_Department" WHERE "full_name" = ?]
2025-12-24 11:35:14 - o.s.jdbc.core.JdbcTemplate - Executing prepared SQL query
2025-12-24 11:35:14 - o.s.jdbc.core.JdbcTemplate - Executing prepared SQL statement [SELECT "tree_level" FROM public."CUS_HRImport_Department" WHERE "id" = ?]
2025-12-24 11:35:14 - o.s.jdbc.core.JdbcTemplate - Executing prepared SQL update
2025-12-24 11:35:14 - o.s.jdbc.core.JdbcTemplate - Executing prepared SQL statement [UPDATE public."TsUser" SET "FName" = ?, "FMobile" = ?, "FDepartmentId" = ?, "U_EmployeeCore" = ?, "FSeatId" = ? WHERE "FLoginName" = ?]
2025-12-24 11:35:14 - o.s.jdbc.core.JdbcTemplate - Executing prepared SQL update
2025-12-24 11:35:14 - o.s.jdbc.core.JdbcTemplate - Executing prepared SQL statement [UPDATE public."TsAccount" SET "FName" = ?, "FMobile" = ? WHERE "FLoginName" = ?]
2025-12-24 11:35:14 - c.c.h.service.HRDataProcessService - 更新員工: 李佩錦 (AG162)
2025-12-24 11:35:14 - c.c.h.service.HRDataProcessService - 處理員工: 戴國成 (BD069)
2025-12-24 11:35:14 - o.s.jdbc.core.JdbcTemplate - Executing prepared SQL query
2025-12-24 11:35:14 - o.s.jdbc.core.JdbcTemplate - Executing prepared SQL statement [SELECT COUNT(*) FROM public."TsAccount" WHERE "FLoginName" = ?]
2025-12-24 11:35:14 - o.s.jdbc.core.JdbcTemplate - Executing prepared SQL query
2025-12-24 11:35:14 - o.s.jdbc.core.JdbcTemplate - Executing prepared SQL statement [SELECT "id" FROM public."CUS_HRImport_Department" WHERE "full_name" = ?]
2025-12-24 11:35:14 - o.s.jdbc.core.JdbcTemplate - Executing prepared SQL query
2025-12-24 11:35:14 - o.s.jdbc.core.JdbcTemplate - Executing prepared SQL statement [SELECT "tree_level" FROM public."CUS_HRImport_Department" WHERE "id" = ?]
2025-12-24 11:35:14 - o.s.jdbc.core.JdbcTemplate - Executing prepared SQL update
2025-12-24 11:35:14 - o.s.jdbc.core.JdbcTemplate - Executing prepared SQL statement [UPDATE public."TsUser" SET "FName" = ?, "FMobile" = ?, "FDepartmentId" = ?, "U_EmployeeCore" = ?, "FSeatId" = ? WHERE "FLoginName" = ?]
2025-12-24 11:35:14 - o.s.jdbc.core.JdbcTemplate - Executing prepared SQL update
2025-12-24 11:35:14 - o.s.jdbc.core.JdbcTemplate - Executing prepared SQL statement [UPDATE public."TsAccount" SET "FName" = ?, "FMobile" = ? WHERE "FLoginName" = ?]
2025-12-24 11:35:14 - c.c.h.service.HRDataProcessService - 更新員工: 戴國成 (BD069)
2025-12-24 11:35:14 - c.c.h.service.HRDataProcessService - 處理員工: 翁季椿 (CD046)
2025-12-24 11:35:14 - o.s.jdbc.core.JdbcTemplate - Executing prepared SQL query
2025-12-24 11:35:14 - o.s.jdbc.core.JdbcTemplate - Executing prepared SQL statement [SELECT COUNT(*) FROM public."TsAccount" WHERE "FLoginName" = ?]
2025-12-24 11:35:14 - o.s.jdbc.core.JdbcTemplate - Executing prepared SQL query
2025-12-24 11:35:14 - o.s.jdbc.core.JdbcTemplate - Executing prepared SQL statement [SELECT "id" FROM public."CUS_HRImport_Department" WHERE "full_name" = ?]
2025-12-24 11:35:14 - o.s.jdbc.core.JdbcTemplate - Executing prepared SQL query
2025-12-24 11:35:14 - o.s.jdbc.core.JdbcTemplate - Executing prepared SQL statement [SELECT "tree_level" FROM public."CUS_HRImport_Department" WHERE "id" = ?]
2025-12-24 11:35:14 - o.s.jdbc.core.JdbcTemplate - Executing prepared SQL update
2025-12-24 11:35:14 - o.s.jdbc.core.JdbcTemplate - Executing prepared SQL statement [UPDATE public."TsUser" SET "FName" = ?, "FMobile" = ?, "FDepartmentId" = ?, "U_EmployeeCore" = ?, "FSeatId" = ? WHERE "FLoginName" = ?]
2025-12-24 11:35:14 - o.s.jdbc.core.JdbcTemplate - Executing prepared SQL update
2025-12-24 11:35:14 - o.s.jdbc.core.JdbcTemplate - Executing prepared SQL statement [UPDATE public."TsAccount" SET "FName" = ?, "FMobile" = ? WHERE "FLoginName" = ?]
2025-12-24 11:35:14 - c.c.h.service.HRDataProcessService - 更新員工: 翁季椿 (CD046)
2025-12-24 11:35:14 - c.c.h.service.HRDataProcessService - 處理員工: 黃怡靜 (BD002)
2025-12-24 11:35:14 - o.s.jdbc.core.JdbcTemplate - Executing prepared SQL query
2025-12-24 11:35:14 - o.s.jdbc.core.JdbcTemplate - Executing prepared SQL statement [SELECT COUNT(*) FROM public."TsAccount" WHERE "FLoginName" = ?]
2025-12-24 11:35:14 - o.s.jdbc.core.JdbcTemplate - Executing prepared SQL query
2025-12-24 11:35:14 - o.s.jdbc.core.JdbcTemplate - Executing prepared SQL statement [SELECT "id" FROM public."CUS_HRImport_Department" WHERE "full_name" = ?]
2025-12-24 11:35:14 - o.s.jdbc.core.JdbcTemplate - Executing prepared SQL query
2025-12-24 11:35:14 - o.s.jdbc.core.JdbcTemplate - Executing prepared SQL statement [SELECT "tree_level" FROM public."CUS_HRImport_Department" WHERE "id" = ?]
2025-12-24 11:35:14 - o.s.jdbc.core.JdbcTemplate - Executing prepared SQL update
2025-12-24 11:35:14 - o.s.jdbc.core.JdbcTemplate - Executing prepared SQL statement [UPDATE public."TsUser" SET "FName" = ?, "FMobile" = ?, "FDepartmentId" = ?, "U_EmployeeCore" = ?, "FSeatId" = ? WHERE "FLoginName" = ?]
2025-12-24 11:35:14 - o.s.jdbc.core.JdbcTemplate - Executing prepared SQL update
2025-12-24 11:35:14 - o.s.jdbc.core.JdbcTemplate - Executing prepared SQL statement [UPDATE public."TsAccount" SET "FName" = ?, "FMobile" = ? WHERE "FLoginName" = ?]
2025-12-24 11:35:14 - c.c.h.service.HRDataProcessService - 更新員工: 黃怡靜 (BD002)
2025-12-24 11:35:14 - c.c.h.service.HRDataProcessService - 處理員工: 李慧君 (BD139)
2025-12-24 11:35:14 - o.s.jdbc.core.JdbcTemplate - Executing prepared SQL query
2025-12-24 11:35:14 - o.s.jdbc.core.JdbcTemplate - Executing prepared SQL statement [SELECT COUNT(*) FROM public."TsAccount" WHERE "FLoginName" = ?]
2025-12-24 11:35:14 - o.s.jdbc.core.JdbcTemplate - Executing prepared SQL query
2025-12-24 11:35:14 - o.s.jdbc.core.JdbcTemplate - Executing prepared SQL statement [SELECT "id" FROM public."CUS_HRImport_Department" WHERE "full_name" = ?]
2025-12-24 11:35:14 - o.s.jdbc.core.JdbcTemplate - Executing prepared SQL query
2025-12-24 11:35:14 - o.s.jdbc.core.JdbcTemplate - Executing prepared SQL statement [SELECT "tree_level" FROM public."CUS_HRImport_Department" WHERE "id" = ?]
2025-12-24 11:35:14 - o.s.jdbc.core.JdbcTemplate - Executing prepared SQL update
2025-12-24 11:35:14 - o.s.jdbc.core.JdbcTemplate - Executing prepared SQL statement [UPDATE public."TsUser" SET "FName" = ?, "FMobile" = ?, "FDepartmentId" = ?, "U_EmployeeCore" = ?, "FSeatId" = ? WHERE "FLoginName" = ?]
2025-12-24 11:35:14 - o.s.jdbc.core.JdbcTemplate - Executing prepared SQL update
2025-12-24 11:35:14 - o.s.jdbc.core.JdbcTemplate - Executing prepared SQL statement [UPDATE public."TsAccount" SET "FName" = ?, "FMobile" = ? WHERE "FLoginName" = ?]
2025-12-24 11:35:14 - c.c.h.service.HRDataProcessService - 更新員工: 李慧君 (BD139)
2025-12-24 11:35:14 - c.c.h.service.HRDataProcessService - 處理員工: 簡誌彥 (BE036)
2025-12-24 11:35:14 - o.s.jdbc.core.JdbcTemplate - Executing prepared SQL query
2025-12-24 11:35:14 - o.s.jdbc.core.JdbcTemplate - Executing prepared SQL statement [SELECT COUNT(*) FROM public."TsAccount" WHERE "FLoginName" = ?]
2025-12-24 11:35:14 - o.s.jdbc.core.JdbcTemplate - Executing prepared SQL query
2025-12-24 11:35:14 - o.s.jdbc.core.JdbcTemplate - Executing prepared SQL statement [SELECT "id" FROM public."CUS_HRImport_Department" WHERE "full_name" = ?]
2025-12-24 11:35:14 - o.s.jdbc.core.JdbcTemplate - Executing prepared SQL query
2025-12-24 11:35:14 - o.s.jdbc.core.JdbcTemplate - Executing prepared SQL statement [SELECT "tree_level" FROM public."CUS_HRImport_Department" WHERE "id" = ?]
2025-12-24 11:35:14 - o.s.jdbc.core.JdbcTemplate - Executing prepared SQL update
2025-12-24 11:35:14 - o.s.jdbc.core.JdbcTemplate - Executing prepared SQL statement [UPDATE public."TsUser" SET "FName" = ?, "FMobile" = ?, "FDepartmentId" = ?, "U_EmployeeCore" = ?, "FSeatId" = ? WHERE "FLoginName" = ?]
2025-12-24 11:35:14 - o.s.jdbc.core.JdbcTemplate - Executing prepared SQL update
2025-12-24 11:35:14 - o.s.jdbc.core.JdbcTemplate - Executing prepared SQL statement [UPDATE public."TsAccount" SET "FName" = ?, "FMobile" = ? WHERE "FLoginName" = ?]
2025-12-24 11:35:14 - c.c.h.service.HRDataProcessService - 更新員工: 簡誌彥 (BE036)
2025-12-24 11:35:14 - c.c.h.service.HRDataProcessService - 處理員工: 黃冠中 (BF032)
2025-12-24 11:35:14 - o.s.jdbc.core.JdbcTemplate - Executing prepared SQL query
2025-12-24 11:35:14 - o.s.jdbc.core.JdbcTemplate - Executing prepared SQL statement [SELECT COUNT(*) FROM public."TsAccount" WHERE "FLoginName" = ?]
2025-12-24 11:35:14 - o.s.jdbc.core.JdbcTemplate - Executing prepared SQL query
2025-12-24 11:35:14 - o.s.jdbc.core.JdbcTemplate - Executing prepared SQL statement [SELECT "id" FROM public."CUS_HRImport_Department" WHERE "full_name" = ?]
2025-12-24 11:35:14 - o.s.jdbc.core.JdbcTemplate - Executing prepared SQL query
2025-12-24 11:35:14 - o.s.jdbc.core.JdbcTemplate - Executing prepared SQL statement [SELECT "tree_level" FROM public."CUS_HRImport_Department" WHERE "id" = ?]
2025-12-24 11:35:14 - o.s.jdbc.core.JdbcTemplate - Executing prepared SQL update
2025-12-24 11:35:14 - o.s.jdbc.core.JdbcTemplate - Executing prepared SQL statement [UPDATE public."TsUser" SET "FName" = ?, "FMobile" = ?, "FDepartmentId" = ?, "U_EmployeeCore" = ?, "FSeatId" = ? WHERE "FLoginName" = ?]
2025-12-24 11:35:14 - o.s.jdbc.core.JdbcTemplate - Executing prepared SQL update
2025-12-24 11:35:14 - o.s.jdbc.core.JdbcTemplate - Executing prepared SQL statement [UPDATE public."TsAccount" SET "FName" = ?, "FMobile" = ? WHERE "FLoginName" = ?]
2025-12-24 11:35:14 - c.c.h.service.HRDataProcessService - 更新員工: 黃冠中 (BF032)
2025-12-24 11:35:14 - c.c.h.service.HRDataProcessService - 處理員工: 顏念 (CE094)
2025-12-24 11:35:14 - o.s.jdbc.core.JdbcTemplate - Executing prepared SQL query
2025-12-24 11:35:14 - o.s.jdbc.core.JdbcTemplate - Executing prepared SQL statement [SELECT COUNT(*) FROM public."TsAccount" WHERE "FLoginName" = ?]
2025-12-24 11:35:14 - o.s.jdbc.core.JdbcTemplate - Executing prepared SQL query
2025-12-24 11:35:14 - o.s.jdbc.core.JdbcTemplate - Executing prepared SQL statement [SELECT "id" FROM public."CUS_HRImport_Department" WHERE "full_name" = ?]
2025-12-24 11:35:14 - o.s.jdbc.core.JdbcTemplate - Executing prepared SQL query
2025-12-24 11:35:14 - o.s.jdbc.core.JdbcTemplate - Executing prepared SQL statement [SELECT "tree_level" FROM public."CUS_HRImport_Department" WHERE "id" = ?]
2025-12-24 11:35:14 - o.s.jdbc.core.JdbcTemplate - Executing prepared SQL update
2025-12-24 11:35:14 - o.s.jdbc.core.JdbcTemplate - Executing prepared SQL statement [UPDATE public."TsUser" SET "FName" = ?, "FMobile" = ?, "FDepartmentId" = ?, "U_EmployeeCore" = ?, "FSeatId" = ? WHERE "FLoginName" = ?]
2025-12-24 11:35:14 - o.s.jdbc.core.JdbcTemplate - Executing prepared SQL update
2025-12-24 11:35:14 - o.s.jdbc.core.JdbcTemplate - Executing prepared SQL statement [UPDATE public."TsAccount" SET "FName" = ?, "FMobile" = ? WHERE "FLoginName" = ?]
2025-12-24 11:35:14 - c.c.h.service.HRDataProcessService - 更新員工: 顏念 (CE094)
2025-12-24 11:35:14 - c.c.h.service.HRDataProcessService - 處理員工: 黃麗嬿 (CF071)
2025-12-24 11:35:14 - o.s.jdbc.core.JdbcTemplate - Executing prepared SQL query
2025-12-24 11:35:14 - o.s.jdbc.core.JdbcTemplate - Executing prepared SQL statement [SELECT COUNT(*) FROM public."TsAccount" WHERE "FLoginName" = ?]
2025-12-24 11:35:14 - o.s.jdbc.core.JdbcTemplate - Executing prepared SQL query
2025-12-24 11:35:14 - o.s.jdbc.core.JdbcTemplate - Executing prepared SQL statement [SELECT "id" FROM public."CUS_HRImport_Department" WHERE "full_name" = ?]
2025-12-24 11:35:14 - o.s.jdbc.core.JdbcTemplate - Executing prepared SQL query
2025-12-24 11:35:14 - o.s.jdbc.core.JdbcTemplate - Executing prepared SQL statement [SELECT "tree_level" FROM public."CUS_HRImport_Department" WHERE "id" = ?]
2025-12-24 11:35:14 - o.s.jdbc.core.JdbcTemplate - Executing prepared SQL update
2025-12-24 11:35:14 - o.s.jdbc.core.JdbcTemplate - Executing prepared SQL statement [UPDATE public."TsUser" SET "FName" = ?, "FMobile" = ?, "FDepartmentId" = ?, "U_EmployeeCore" = ?, "FSeatId" = ? WHERE "FLoginName" = ?]
2025-12-24 11:35:14 - o.s.jdbc.core.JdbcTemplate - Executing prepared SQL update
2025-12-24 11:35:14 - o.s.jdbc.core.JdbcTemplate - Executing prepared SQL statement [UPDATE public."TsAccount" SET "FName" = ?, "FMobile" = ? WHERE "FLoginName" = ?]
2025-12-24 11:35:14 - c.c.h.service.HRDataProcessService - 更新員工: 黃麗嬿 (CF071)
2025-12-24 11:35:14 - c.c.h.service.HRDataProcessService - 處理員工: 高崇賢 (BF064)
2025-12-24 11:35:14 - o.s.jdbc.core.JdbcTemplate - Executing prepared SQL query
2025-12-24 11:35:14 - o.s.jdbc.core.JdbcTemplate - Executing prepared SQL statement [SELECT COUNT(*) FROM public."TsAccount" WHERE "FLoginName" = ?]
2025-12-24 11:35:14 - o.s.jdbc.core.JdbcTemplate - Executing prepared SQL query
2025-12-24 11:35:14 - o.s.jdbc.core.JdbcTemplate - Executing prepared SQL statement [SELECT "id" FROM public."CUS_HRImport_Department" WHERE "full_name" = ?]
2025-12-24 11:35:14 - o.s.jdbc.core.JdbcTemplate - Executing prepared SQL query
2025-12-24 11:35:14 - o.s.jdbc.core.JdbcTemplate - Executing prepared SQL statement [SELECT "tree_level" FROM public."CUS_HRImport_Department" WHERE "id" = ?]
2025-12-24 11:35:14 - o.s.jdbc.core.JdbcTemplate - Executing prepared SQL update
2025-12-24 11:35:14 - o.s.jdbc.core.JdbcTemplate - Executing prepared SQL statement [UPDATE public."TsUser" SET "FName" = ?, "FMobile" = ?, "FDepartmentId" = ?, "U_EmployeeCore" = ?, "FSeatId" = ? WHERE "FLoginName" = ?]
2025-12-24 11:35:14 - o.s.jdbc.core.JdbcTemplate - Executing prepared SQL update
2025-12-24 11:35:14 - o.s.jdbc.core.JdbcTemplate - Executing prepared SQL statement [UPDATE public."TsAccount" SET "FName" = ?, "FMobile" = ? WHERE "FLoginName" = ?]
2025-12-24 11:35:14 - c.c.h.service.HRDataProcessService - 更新員工: 高崇賢 (BF064)
2025-12-24 11:35:14 - c.c.h.service.HRDataProcessService - 處理員工: 許力引 (AG149)
2025-12-24 11:35:14 - o.s.jdbc.core.JdbcTemplate - Executing prepared SQL query
2025-12-24 11:35:14 - o.s.jdbc.core.JdbcTemplate - Executing prepared SQL statement [SELECT COUNT(*) FROM public."TsAccount" WHERE "FLoginName" = ?]
2025-12-24 11:35:14 - o.s.jdbc.core.JdbcTemplate - Executing prepared SQL query
2025-12-24 11:35:14 - o.s.jdbc.core.JdbcTemplate - Executing prepared SQL statement [SELECT "id" FROM public."CUS_HRImport_Department" WHERE "full_name" = ?]
2025-12-24 11:35:14 - o.s.jdbc.core.JdbcTemplate - Executing prepared SQL query
2025-12-24 11:35:14 - o.s.jdbc.core.JdbcTemplate - Executing prepared SQL statement [SELECT "tree_level" FROM public."CUS_HRImport_Department" WHERE "id" = ?]
2025-12-24 11:35:14 - o.s.jdbc.core.JdbcTemplate - Executing prepared SQL update
2025-12-24 11:35:14 - o.s.jdbc.core.JdbcTemplate - Executing prepared SQL statement [UPDATE public."TsUser" SET "FName" = ?, "FMobile" = ?, "FDepartmentId" = ?, "U_EmployeeCore" = ?, "FSeatId" = ? WHERE "FLoginName" = ?]
2025-12-24 11:35:14 - o.s.jdbc.core.JdbcTemplate - Executing prepared SQL update
2025-12-24 11:35:14 - o.s.jdbc.core.JdbcTemplate - Executing prepared SQL statement [UPDATE public."TsAccount" SET "FName" = ?, "FMobile" = ? WHERE "FLoginName" = ?]
2025-12-24 11:35:14 - c.c.h.service.HRDataProcessService - 更新員工: 許力引 (AG149)
2025-12-24 11:35:14 - c.c.h.service.HRDataProcessService - 處理員工: 蔡嘉鈞 (AH043)
2025-12-24 11:35:14 - o.s.jdbc.core.JdbcTemplate - Executing prepared SQL query
2025-12-24 11:35:14 - o.s.jdbc.core.JdbcTemplate - Executing prepared SQL statement [SELECT COUNT(*) FROM public."TsAccount" WHERE "FLoginName" = ?]
2025-12-24 11:35:14 - o.s.jdbc.core.JdbcTemplate - Executing prepared SQL query
2025-12-24 11:35:14 - o.s.jdbc.core.JdbcTemplate - Executing prepared SQL statement [SELECT "id" FROM public."CUS_HRImport_Department" WHERE "full_name" = ?]
2025-12-24 11:35:14 - o.s.jdbc.core.JdbcTemplate - Executing prepared SQL query
2025-12-24 11:35:14 - o.s.jdbc.core.JdbcTemplate - Executing prepared SQL statement [SELECT "tree_level" FROM public."CUS_HRImport_Department" WHERE "id" = ?]
2025-12-24 11:35:14 - o.s.jdbc.core.JdbcTemplate - Executing prepared SQL update
2025-12-24 11:35:14 - o.s.jdbc.core.JdbcTemplate - Executing prepared SQL statement [UPDATE public."TsUser" SET "FName" = ?, "FMobile" = ?, "FDepartmentId" = ?, "U_EmployeeCore" = ?, "FSeatId" = ? WHERE "FLoginName" = ?]
2025-12-24 11:35:14 - o.s.jdbc.core.JdbcTemplate - Executing prepared SQL update
2025-12-24 11:35:14 - o.s.jdbc.core.JdbcTemplate - Executing prepared SQL statement [UPDATE public."TsAccount" SET "FName" = ?, "FMobile" = ? WHERE "FLoginName" = ?]
2025-12-24 11:35:14 - c.c.h.service.HRDataProcessService - 更新員工: 蔡嘉鈞 (AH043)
2025-12-24 11:35:14 - c.c.h.service.HRDataProcessService - 處理員工: 趙俊豪 (AI033)
2025-12-24 11:35:14 - o.s.jdbc.core.JdbcTemplate - Executing prepared SQL query
2025-12-24 11:35:14 - o.s.jdbc.core.JdbcTemplate - Executing prepared SQL statement [SELECT COUNT(*) FROM public."TsAccount" WHERE "FLoginName" = ?]
2025-12-24 11:35:14 - o.s.jdbc.core.JdbcTemplate - Executing prepared SQL query
2025-12-24 11:35:14 - o.s.jdbc.core.JdbcTemplate - Executing prepared SQL statement [SELECT "id" FROM public."CUS_HRImport_Department" WHERE "full_name" = ?]
2025-12-24 11:35:14 - o.s.jdbc.core.JdbcTemplate - Executing prepared SQL query
2025-12-24 11:35:14 - o.s.jdbc.core.JdbcTemplate - Executing prepared SQL statement [SELECT "tree_level" FROM public."CUS_HRImport_Department" WHERE "id" = ?]
2025-12-24 11:35:14 - o.s.jdbc.core.JdbcTemplate - Executing prepared SQL update
2025-12-24 11:35:14 - o.s.jdbc.core.JdbcTemplate - Executing prepared SQL statement [UPDATE public."TsUser" SET "FName" = ?, "FMobile" = ?, "FDepartmentId" = ?, "U_EmployeeCore" = ?, "FSeatId" = ? WHERE "FLoginName" = ?]
2025-12-24 11:35:14 - o.s.jdbc.core.JdbcTemplate - Executing prepared SQL update
2025-12-24 11:35:14 - o.s.jdbc.core.JdbcTemplate - Executing prepared SQL statement [UPDATE public."TsAccount" SET "FName" = ?, "FMobile" = ? WHERE "FLoginName" = ?]
2025-12-24 11:35:14 - c.c.h.service.HRDataProcessService - 更新員工: 趙俊豪 (AI033)
2025-12-24 11:35:14 - c.c.h.service.HRDataProcessService - 處理員工: 江文琛 (AI091)
2025-12-24 11:35:14 - o.s.jdbc.core.JdbcTemplate - Executing prepared SQL query
2025-12-24 11:35:14 - o.s.jdbc.core.JdbcTemplate - Executing prepared SQL statement [SELECT COUNT(*) FROM public."TsAccount" WHERE "FLoginName" = ?]
2025-12-24 11:35:14 - o.s.jdbc.core.JdbcTemplate - Executing prepared SQL query
2025-12-24 11:35:14 - o.s.jdbc.core.JdbcTemplate - Executing prepared SQL statement [SELECT "id" FROM public."CUS_HRImport_Department" WHERE "full_name" = ?]
2025-12-24 11:35:14 - o.s.jdbc.core.JdbcTemplate - Executing prepared SQL query
2025-12-24 11:35:14 - o.s.jdbc.core.JdbcTemplate - Executing prepared SQL statement [SELECT "tree_level" FROM public."CUS_HRImport_Department" WHERE "id" = ?]
2025-12-24 11:35:14 - o.s.jdbc.core.JdbcTemplate - Executing prepared SQL update
2025-12-24 11:35:14 - o.s.jdbc.core.JdbcTemplate - Executing prepared SQL statement [UPDATE public."TsUser" SET "FName" = ?, "FMobile" = ?, "FDepartmentId" = ?, "U_EmployeeCore" = ?, "FSeatId" = ? WHERE "FLoginName" = ?]
2025-12-24 11:35:14 - o.s.jdbc.core.JdbcTemplate - Executing prepared SQL update
2025-12-24 11:35:14 - o.s.jdbc.core.JdbcTemplate - Executing prepared SQL statement [UPDATE public."TsAccount" SET "FName" = ?, "FMobile" = ? WHERE "FLoginName" = ?]
2025-12-24 11:35:14 - c.c.h.service.HRDataProcessService - 更新員工: 江文琛 (AI091)
2025-12-24 11:35:14 - c.c.h.service.HRDataProcessService - 處理員工: 陳首誠 (AJ088)
2025-12-24 11:35:14 - o.s.jdbc.core.JdbcTemplate - Executing prepared SQL query
2025-12-24 11:35:14 - o.s.jdbc.core.JdbcTemplate - Executing prepared SQL statement [SELECT COUNT(*) FROM public."TsAccount" WHERE "FLoginName" = ?]
2025-12-24 11:35:14 - o.s.jdbc.core.JdbcTemplate - Executing prepared SQL query
2025-12-24 11:35:14 - o.s.jdbc.core.JdbcTemplate - Executing prepared SQL statement [SELECT "id" FROM public."CUS_HRImport_Department" WHERE "full_name" = ?]
2025-12-24 11:35:14 - o.s.jdbc.core.JdbcTemplate - Executing prepared SQL query
2025-12-24 11:35:14 - o.s.jdbc.core.JdbcTemplate - Executing prepared SQL statement [SELECT "tree_level" FROM public."CUS_HRImport_Department" WHERE "id" = ?]
2025-12-24 11:35:14 - o.s.jdbc.core.JdbcTemplate - Executing prepared SQL update
2025-12-24 11:35:14 - o.s.jdbc.core.JdbcTemplate - Executing prepared SQL statement [UPDATE public."TsUser" SET "FName" = ?, "FMobile" = ?, "FDepartmentId" = ?, "U_EmployeeCore" = ?, "FSeatId" = ? WHERE "FLoginName" = ?]
2025-12-24 11:35:14 - o.s.jdbc.core.JdbcTemplate - Executing prepared SQL update
2025-12-24 11:35:14 - o.s.jdbc.core.JdbcTemplate - Executing prepared SQL statement [UPDATE public."TsAccount" SET "FName" = ?, "FMobile" = ? WHERE "FLoginName" = ?]
2025-12-24 11:35:14 - c.c.h.service.HRDataProcessService - 更新員工: 陳首誠 (AJ088)
2025-12-24 11:35:14 - c.c.h.service.HRDataProcessService - 處理員工: 李鑑哲 (AJ063)
2025-12-24 11:35:14 - o.s.jdbc.core.JdbcTemplate - Executing prepared SQL query
2025-12-24 11:35:14 - o.s.jdbc.core.JdbcTemplate - Executing prepared SQL statement [SELECT COUNT(*) FROM public."TsAccount" WHERE "FLoginName" = ?]
2025-12-24 11:35:14 - o.s.jdbc.core.JdbcTemplate - Executing prepared SQL query
2025-12-24 11:35:14 - o.s.jdbc.core.JdbcTemplate - Executing prepared SQL statement [SELECT "id" FROM public."CUS_HRImport_Department" WHERE "full_name" = ?]
2025-12-24 11:35:14 - o.s.jdbc.core.JdbcTemplate - Executing prepared SQL query
2025-12-24 11:35:14 - o.s.jdbc.core.JdbcTemplate - Executing prepared SQL statement [SELECT "tree_level" FROM public."CUS_HRImport_Department" WHERE "id" = ?]
2025-12-24 11:35:14 - o.s.jdbc.core.JdbcTemplate - Executing prepared SQL update
2025-12-24 11:35:14 - o.s.jdbc.core.JdbcTemplate - Executing prepared SQL statement [UPDATE public."TsUser" SET "FName" = ?, "FMobile" = ?, "FDepartmentId" = ?, "U_EmployeeCore" = ?, "FSeatId" = ? WHERE "FLoginName" = ?]
2025-12-24 11:35:14 - o.s.jdbc.core.JdbcTemplate - Executing prepared SQL update
2025-12-24 11:35:14 - o.s.jdbc.core.JdbcTemplate - Executing prepared SQL statement [UPDATE public."TsAccount" SET "FName" = ?, "FMobile" = ? WHERE "FLoginName" = ?]
2025-12-24 11:35:14 - c.c.h.service.HRDataProcessService - 更新員工: 李鑑哲 (AJ063)
2025-12-24 11:35:14 - c.c.h.service.HRDataProcessService - 處理員工: 林品萱 (CD104)
2025-12-24 11:35:14 - o.s.jdbc.core.JdbcTemplate - Executing prepared SQL query
2025-12-24 11:35:14 - o.s.jdbc.core.JdbcTemplate - Executing prepared SQL statement [SELECT COUNT(*) FROM public."TsAccount" WHERE "FLoginName" = ?]
2025-12-24 11:35:14 - o.s.jdbc.core.JdbcTemplate - Executing prepared SQL query
2025-12-24 11:35:14 - o.s.jdbc.core.JdbcTemplate - Executing prepared SQL statement [SELECT "id" FROM public."CUS_HRImport_Department" WHERE "full_name" = ?]
2025-12-24 11:35:14 - o.s.jdbc.core.JdbcTemplate - Executing prepared SQL query
2025-12-24 11:35:14 - o.s.jdbc.core.JdbcTemplate - Executing prepared SQL statement [SELECT "tree_level" FROM public."CUS_HRImport_Department" WHERE "id" = ?]
2025-12-24 11:35:14 - o.s.jdbc.core.JdbcTemplate - Executing prepared SQL update
2025-12-24 11:35:14 - o.s.jdbc.core.JdbcTemplate - Executing prepared SQL statement [UPDATE public."TsUser" SET "FName" = ?, "FMobile" = ?, "FDepartmentId" = ?, "U_EmployeeCore" = ?, "FSeatId" = ? WHERE "FLoginName" = ?]
2025-12-24 11:35:14 - o.s.jdbc.core.JdbcTemplate - Executing prepared SQL update
2025-12-24 11:35:14 - o.s.jdbc.core.JdbcTemplate - Executing prepared SQL statement [UPDATE public."TsAccount" SET "FName" = ?, "FMobile" = ? WHERE "FLoginName" = ?]
2025-12-24 11:35:14 - c.c.h.service.HRDataProcessService - 更新員工: 林品萱 (CD104)
2025-12-24 11:35:14 - c.c.h.service.HRDataProcessService - 處理員工: 蔡橙婷 (BA010)
2025-12-24 11:35:14 - o.s.jdbc.core.JdbcTemplate - Executing prepared SQL query
2025-12-24 11:35:14 - o.s.jdbc.core.JdbcTemplate - Executing prepared SQL statement [SELECT COUNT(*) FROM public."TsAccount" WHERE "FLoginName" = ?]
2025-12-24 11:35:14 - o.s.jdbc.core.JdbcTemplate - Executing prepared SQL query
2025-12-24 11:35:14 - o.s.jdbc.core.JdbcTemplate - Executing prepared SQL statement [SELECT "id" FROM public."CUS_HRImport_Department" WHERE "full_name" = ?]
2025-12-24 11:35:14 - o.s.jdbc.core.JdbcTemplate - Executing prepared SQL query
2025-12-24 11:35:14 - o.s.jdbc.core.JdbcTemplate - Executing prepared SQL statement [SELECT "tree_level" FROM public."CUS_HRImport_Department" WHERE "id" = ?]
2025-12-24 11:35:14 - o.s.jdbc.core.JdbcTemplate - Executing prepared SQL update
2025-12-24 11:35:14 - o.s.jdbc.core.JdbcTemplate - Executing prepared SQL statement [UPDATE public."TsUser" SET "FName" = ?, "FMobile" = ?, "FDepartmentId" = ?, "U_EmployeeCore" = ?, "FSeatId" = ? WHERE "FLoginName" = ?]
2025-12-24 11:35:14 - o.s.jdbc.core.JdbcTemplate - Executing prepared SQL update
2025-12-24 11:35:14 - o.s.jdbc.core.JdbcTemplate - Executing prepared SQL statement [UPDATE public."TsAccount" SET "FName" = ?, "FMobile" = ? WHERE "FLoginName" = ?]
2025-12-24 11:35:14 - c.c.h.service.HRDataProcessService - 更新員工: 蔡橙婷 (BA010)
2025-12-24 11:35:14 - c.c.h.service.HRDataProcessService - 處理員工: 蔡慧娥 (BA025)
2025-12-24 11:35:14 - o.s.jdbc.core.JdbcTemplate - Executing prepared SQL query
2025-12-24 11:35:14 - o.s.jdbc.core.JdbcTemplate - Executing prepared SQL statement [SELECT COUNT(*) FROM public."TsAccount" WHERE "FLoginName" = ?]
2025-12-24 11:35:14 - o.s.jdbc.core.JdbcTemplate - Executing prepared SQL query
2025-12-24 11:35:14 - o.s.jdbc.core.JdbcTemplate - Executing prepared SQL statement [SELECT "id" FROM public."CUS_HRImport_Department" WHERE "full_name" = ?]
2025-12-24 11:35:14 - o.s.jdbc.core.JdbcTemplate - Executing prepared SQL query
2025-12-24 11:35:14 - o.s.jdbc.core.JdbcTemplate - Executing prepared SQL statement [SELECT "tree_level" FROM public."CUS_HRImport_Department" WHERE "id" = ?]
2025-12-24 11:35:14 - o.s.jdbc.core.JdbcTemplate - Executing prepared SQL update
2025-12-24 11:35:14 - o.s.jdbc.core.JdbcTemplate - Executing prepared SQL statement [UPDATE public."TsUser" SET "FName" = ?, "FMobile" = ?, "FDepartmentId" = ?, "U_EmployeeCore" = ?, "FSeatId" = ? WHERE "FLoginName" = ?]
2025-12-24 11:35:14 - o.s.jdbc.core.JdbcTemplate - Executing prepared SQL update
2025-12-24 11:35:14 - o.s.jdbc.core.JdbcTemplate - Executing prepared SQL statement [UPDATE public."TsAccount" SET "FName" = ?, "FMobile" = ? WHERE "FLoginName" = ?]
2025-12-24 11:35:14 - c.c.h.service.HRDataProcessService - 更新員工: 蔡慧娥 (BA025)
2025-12-24 11:35:14 - c.c.h.service.HRDataProcessService - 處理員工: 楊景雲 (BL050)
2025-12-24 11:35:14 - o.s.jdbc.core.JdbcTemplate - Executing prepared SQL query
2025-12-24 11:35:14 - o.s.jdbc.core.JdbcTemplate - Executing prepared SQL statement [SELECT COUNT(*) FROM public."TsAccount" WHERE "FLoginName" = ?]
2025-12-24 11:35:14 - o.s.jdbc.core.JdbcTemplate - Executing prepared SQL query
2025-12-24 11:35:14 - o.s.jdbc.core.JdbcTemplate - Executing prepared SQL statement [SELECT "id" FROM public."CUS_HRImport_Department" WHERE "full_name" = ?]
2025-12-24 11:35:14 - o.s.jdbc.core.JdbcTemplate - Executing prepared SQL query
2025-12-24 11:35:14 - o.s.jdbc.core.JdbcTemplate - Executing prepared SQL statement [SELECT "tree_level" FROM public."CUS_HRImport_Department" WHERE "id" = ?]
2025-12-24 11:35:14 - o.s.jdbc.core.JdbcTemplate - Executing prepared SQL update
2025-12-24 11:35:14 - o.s.jdbc.core.JdbcTemplate - Executing prepared SQL statement [UPDATE public."TsUser" SET "FName" = ?, "FMobile" = ?, "FDepartmentId" = ?, "U_EmployeeCore" = ?, "FSeatId" = ? WHERE "FLoginName" = ?]
2025-12-24 11:35:14 - o.s.jdbc.core.JdbcTemplate - Executing prepared SQL update
2025-12-24 11:35:14 - o.s.jdbc.core.JdbcTemplate - Executing prepared SQL statement [UPDATE public."TsAccount" SET "FName" = ?, "FMobile" = ? WHERE "FLoginName" = ?]
2025-12-24 11:35:14 - c.c.h.service.HRDataProcessService - 更新員工: 楊景雲 (BL050)
2025-12-24 11:35:14 - c.c.h.service.HRDataProcessService - 處理員工: 陳亭憬 (CD099)
2025-12-24 11:35:14 - o.s.jdbc.core.JdbcTemplate - Executing prepared SQL query
2025-12-24 11:35:14 - o.s.jdbc.core.JdbcTemplate - Executing prepared SQL statement [SELECT COUNT(*) FROM public."TsAccount" WHERE "FLoginName" = ?]
2025-12-24 11:35:14 - o.s.jdbc.core.JdbcTemplate - Executing prepared SQL query
2025-12-24 11:35:14 - o.s.jdbc.core.JdbcTemplate - Executing prepared SQL statement [SELECT "id" FROM public."CUS_HRImport_Department" WHERE "full_name" = ?]
2025-12-24 11:35:14 - o.s.jdbc.core.JdbcTemplate - Executing prepared SQL query
2025-12-24 11:35:14 - o.s.jdbc.core.JdbcTemplate - Executing prepared SQL statement [SELECT "tree_level" FROM public."CUS_HRImport_Department" WHERE "id" = ?]
2025-12-24 11:35:14 - o.s.jdbc.core.JdbcTemplate - Executing prepared SQL update
2025-12-24 11:35:14 - o.s.jdbc.core.JdbcTemplate - Executing prepared SQL statement [UPDATE public."TsUser" SET "FName" = ?, "FMobile" = ?, "FDepartmentId" = ?, "U_EmployeeCore" = ?, "FSeatId" = ? WHERE "FLoginName" = ?]
2025-12-24 11:35:14 - o.s.jdbc.core.JdbcTemplate - Executing prepared SQL update
2025-12-24 11:35:14 - o.s.jdbc.core.JdbcTemplate - Executing prepared SQL statement [UPDATE public."TsAccount" SET "FName" = ?, "FMobile" = ? WHERE "FLoginName" = ?]
2025-12-24 11:35:14 - c.c.h.service.HRDataProcessService - 更新員工: 陳亭憬 (CD099)
2025-12-24 11:35:14 - c.c.h.service.HRDataProcessService - 處理員工: 王怡雅 (CF004)
2025-12-24 11:35:14 - o.s.jdbc.core.JdbcTemplate - Executing prepared SQL query
2025-12-24 11:35:14 - o.s.jdbc.core.JdbcTemplate - Executing prepared SQL statement [SELECT COUNT(*) FROM public."TsAccount" WHERE "FLoginName" = ?]
2025-12-24 11:35:14 - o.s.jdbc.core.JdbcTemplate - Executing prepared SQL query
2025-12-24 11:35:14 - o.s.jdbc.core.JdbcTemplate - Executing prepared SQL statement [SELECT "id" FROM public."CUS_HRImport_Department" WHERE "full_name" = ?]
2025-12-24 11:35:14 - o.s.jdbc.core.JdbcTemplate - Executing prepared SQL query
2025-12-24 11:35:14 - o.s.jdbc.core.JdbcTemplate - Executing prepared SQL statement [SELECT "tree_level" FROM public."CUS_HRImport_Department" WHERE "id" = ?]
2025-12-24 11:35:15 - o.s.jdbc.core.JdbcTemplate - Executing prepared SQL update
2025-12-24 11:35:15 - o.s.jdbc.core.JdbcTemplate - Executing prepared SQL statement [UPDATE public."TsUser" SET "FName" = ?, "FMobile" = ?, "FDepartmentId" = ?, "U_EmployeeCore" = ?, "FSeatId" = ? WHERE "FLoginName" = ?]
2025-12-24 11:35:15 - o.s.jdbc.core.JdbcTemplate - Executing prepared SQL update
2025-12-24 11:35:15 - o.s.jdbc.core.JdbcTemplate - Executing prepared SQL statement [UPDATE public."TsAccount" SET "FName" = ?, "FMobile" = ? WHERE "FLoginName" = ?]
2025-12-24 11:35:15 - c.c.h.service.HRDataProcessService - 更新員工: 王怡雅 (CF004)
2025-12-24 11:35:15 - c.c.h.service.HRDataProcessService - 處理員工: 張琦欣 (AG136)
2025-12-24 11:35:15 - o.s.jdbc.core.JdbcTemplate - Executing prepared SQL query
2025-12-24 11:35:15 - o.s.jdbc.core.JdbcTemplate - Executing prepared SQL statement [SELECT COUNT(*) FROM public."TsAccount" WHERE "FLoginName" = ?]
2025-12-24 11:35:15 - o.s.jdbc.core.JdbcTemplate - Executing prepared SQL query
2025-12-24 11:35:15 - o.s.jdbc.core.JdbcTemplate - Executing prepared SQL statement [SELECT "id" FROM public."CUS_HRImport_Department" WHERE "full_name" = ?]
2025-12-24 11:35:15 - o.s.jdbc.core.JdbcTemplate - Executing prepared SQL query
2025-12-24 11:35:15 - o.s.jdbc.core.JdbcTemplate - Executing prepared SQL statement [SELECT "tree_level" FROM public."CUS_HRImport_Department" WHERE "id" = ?]
2025-12-24 11:35:15 - o.s.jdbc.core.JdbcTemplate - Executing prepared SQL update
2025-12-24 11:35:15 - o.s.jdbc.core.JdbcTemplate - Executing prepared SQL statement [UPDATE public."TsUser" SET "FName" = ?, "FMobile" = ?, "FDepartmentId" = ?, "U_EmployeeCore" = ?, "FSeatId" = ? WHERE "FLoginName" = ?]
2025-12-24 11:35:15 - o.s.jdbc.core.JdbcTemplate - Executing prepared SQL update
2025-12-24 11:35:15 - o.s.jdbc.core.JdbcTemplate - Executing prepared SQL statement [UPDATE public."TsAccount" SET "FName" = ?, "FMobile" = ? WHERE "FLoginName" = ?]
2025-12-24 11:35:15 - c.c.h.service.HRDataProcessService - 更新員工: 張琦欣 (AG136)
2025-12-24 11:35:15 - c.c.h.service.HRDataProcessService - 處理員工: 何玉禎 (AG134)
2025-12-24 11:35:15 - o.s.jdbc.core.JdbcTemplate - Executing prepared SQL query
2025-12-24 11:35:15 - o.s.jdbc.core.JdbcTemplate - Executing prepared SQL statement [SELECT COUNT(*) FROM public."TsAccount" WHERE "FLoginName" = ?]
2025-12-24 11:35:15 - o.s.jdbc.core.JdbcTemplate - Executing prepared SQL query
2025-12-24 11:35:15 - o.s.jdbc.core.JdbcTemplate - Executing prepared SQL statement [SELECT "id" FROM public."CUS_HRImport_Department" WHERE "full_name" = ?]
2025-12-24 11:35:15 - o.s.jdbc.core.JdbcTemplate - Executing prepared SQL query
2025-12-24 11:35:15 - o.s.jdbc.core.JdbcTemplate - Executing prepared SQL statement [SELECT "tree_level" FROM public."CUS_HRImport_Department" WHERE "id" = ?]
2025-12-24 11:35:15 - o.s.jdbc.core.JdbcTemplate - Executing prepared SQL update
2025-12-24 11:35:15 - o.s.jdbc.core.JdbcTemplate - Executing prepared SQL statement [UPDATE public."TsUser" SET "FName" = ?, "FMobile" = ?, "FDepartmentId" = ?, "U_EmployeeCore" = ?, "FSeatId" = ? WHERE "FLoginName" = ?]
2025-12-24 11:35:15 - o.s.jdbc.core.JdbcTemplate - Executing prepared SQL update
2025-12-24 11:35:15 - o.s.jdbc.core.JdbcTemplate - Executing prepared SQL statement [UPDATE public."TsAccount" SET "FName" = ?, "FMobile" = ? WHERE "FLoginName" = ?]
2025-12-24 11:35:15 - c.c.h.service.HRDataProcessService - 更新員工: 何玉禎 (AG134)
2025-12-24 11:35:15 - c.c.h.service.HRDataProcessService - 處理員工: 邱煜昭 (BA145)
2025-12-24 11:35:15 - o.s.jdbc.core.JdbcTemplate - Executing prepared SQL query
2025-12-24 11:35:15 - o.s.jdbc.core.JdbcTemplate - Executing prepared SQL statement [SELECT COUNT(*) FROM public."TsAccount" WHERE "FLoginName" = ?]
2025-12-24 11:35:15 - o.s.jdbc.core.JdbcTemplate - Executing prepared SQL query
2025-12-24 11:35:15 - o.s.jdbc.core.JdbcTemplate - Executing prepared SQL statement [SELECT "id" FROM public."CUS_HRImport_Department" WHERE "full_name" = ?]
2025-12-24 11:35:15 - o.s.jdbc.core.JdbcTemplate - Executing prepared SQL query
2025-12-24 11:35:15 - o.s.jdbc.core.JdbcTemplate - Executing prepared SQL statement [SELECT "tree_level" FROM public."CUS_HRImport_Department" WHERE "id" = ?]
2025-12-24 11:35:15 - o.s.jdbc.core.JdbcTemplate - Executing prepared SQL update
2025-12-24 11:35:15 - o.s.jdbc.core.JdbcTemplate - Executing prepared SQL statement [UPDATE public."TsUser" SET "FName" = ?, "FMobile" = ?, "FDepartmentId" = ?, "U_EmployeeCore" = ?, "FSeatId" = ? WHERE "FLoginName" = ?]
2025-12-24 11:35:15 - o.s.jdbc.core.JdbcTemplate - Executing prepared SQL update
2025-12-24 11:35:15 - o.s.jdbc.core.JdbcTemplate - Executing prepared SQL statement [UPDATE public."TsAccount" SET "FName" = ?, "FMobile" = ? WHERE "FLoginName" = ?]
2025-12-24 11:35:15 - c.c.h.service.HRDataProcessService - 更新員工: 邱煜昭 (BA145)
2025-12-24 11:35:15 - c.c.h.service.HRDataProcessService - 處理員工: 李淑君 (AH012)
2025-12-24 11:35:15 - o.s.jdbc.core.JdbcTemplate - Executing prepared SQL query
2025-12-24 11:35:15 - o.s.jdbc.core.JdbcTemplate - Executing prepared SQL statement [SELECT COUNT(*) FROM public."TsAccount" WHERE "FLoginName" = ?]
2025-12-24 11:35:15 - o.s.jdbc.core.JdbcTemplate - Executing prepared SQL query
2025-12-24 11:35:15 - o.s.jdbc.core.JdbcTemplate - Executing prepared SQL statement [SELECT "id" FROM public."CUS_HRImport_Department" WHERE "full_name" = ?]
2025-12-24 11:35:15 - o.s.jdbc.core.JdbcTemplate - Executing prepared SQL query
2025-12-24 11:35:15 - o.s.jdbc.core.JdbcTemplate - Executing prepared SQL statement [SELECT "tree_level" FROM public."CUS_HRImport_Department" WHERE "id" = ?]
2025-12-24 11:35:15 - o.s.jdbc.core.JdbcTemplate - Executing prepared SQL update
2025-12-24 11:35:15 - o.s.jdbc.core.JdbcTemplate - Executing prepared SQL statement [UPDATE public."TsUser" SET "FName" = ?, "FMobile" = ?, "FDepartmentId" = ?, "U_EmployeeCore" = ?, "FSeatId" = ? WHERE "FLoginName" = ?]
2025-12-24 11:35:15 - o.s.jdbc.core.JdbcTemplate - Executing prepared SQL update
2025-12-24 11:35:15 - o.s.jdbc.core.JdbcTemplate - Executing prepared SQL statement [UPDATE public."TsAccount" SET "FName" = ?, "FMobile" = ? WHERE "FLoginName" = ?]
2025-12-24 11:35:15 - c.c.h.service.HRDataProcessService - 更新員工: 李淑君 (AH012)
2025-12-24 11:35:15 - c.c.h.service.HRDataProcessService - 處理員工: 劉慧玲 (AH018)
2025-12-24 11:35:15 - o.s.jdbc.core.JdbcTemplate - Executing prepared SQL query
2025-12-24 11:35:15 - o.s.jdbc.core.JdbcTemplate - Executing prepared SQL statement [SELECT COUNT(*) FROM public."TsAccount" WHERE "FLoginName" = ?]
2025-12-24 11:35:15 - o.s.jdbc.core.JdbcTemplate - Executing prepared SQL query
2025-12-24 11:35:15 - o.s.jdbc.core.JdbcTemplate - Executing prepared SQL statement [SELECT "id" FROM public."CUS_HRImport_Department" WHERE "full_name" = ?]
2025-12-24 11:35:15 - o.s.jdbc.core.JdbcTemplate - Executing prepared SQL query
2025-12-24 11:35:15 - o.s.jdbc.core.JdbcTemplate - Executing prepared SQL statement [SELECT "tree_level" FROM public."CUS_HRImport_Department" WHERE "id" = ?]
2025-12-24 11:35:15 - o.s.jdbc.core.JdbcTemplate - Executing prepared SQL update
2025-12-24 11:35:15 - o.s.jdbc.core.JdbcTemplate - Executing prepared SQL statement [UPDATE public."TsUser" SET "FName" = ?, "FMobile" = ?, "FDepartmentId" = ?, "U_EmployeeCore" = ?, "FSeatId" = ? WHERE "FLoginName" = ?]
2025-12-24 11:35:15 - o.s.jdbc.core.JdbcTemplate - Executing prepared SQL update
2025-12-24 11:35:15 - o.s.jdbc.core.JdbcTemplate - Executing prepared SQL statement [UPDATE public."TsAccount" SET "FName" = ?, "FMobile" = ? WHERE "FLoginName" = ?]
2025-12-24 11:35:15 - c.c.h.service.HRDataProcessService - 更新員工: 劉慧玲 (AH018)
2025-12-24 11:35:15 - c.c.h.service.HRDataProcessService - 處理員工: 張啟榮 (AG117)
2025-12-24 11:35:15 - o.s.jdbc.core.JdbcTemplate - Executing prepared SQL query
2025-12-24 11:35:15 - o.s.jdbc.core.JdbcTemplate - Executing prepared SQL statement [SELECT COUNT(*) FROM public."TsAccount" WHERE "FLoginName" = ?]
2025-12-24 11:35:15 - o.s.jdbc.core.JdbcTemplate - Executing prepared SQL query
2025-12-24 11:35:15 - o.s.jdbc.core.JdbcTemplate - Executing prepared SQL statement [SELECT "id" FROM public."CUS_HRImport_Department" WHERE "full_name" = ?]
2025-12-24 11:35:15 - o.s.jdbc.core.JdbcTemplate - Executing prepared SQL query
2025-12-24 11:35:15 - o.s.jdbc.core.JdbcTemplate - Executing prepared SQL statement [SELECT "tree_level" FROM public."CUS_HRImport_Department" WHERE "id" = ?]
2025-12-24 11:35:15 - o.s.jdbc.core.JdbcTemplate - Executing prepared SQL update
2025-12-24 11:35:15 - o.s.jdbc.core.JdbcTemplate - Executing prepared SQL statement [UPDATE public."TsUser" SET "FName" = ?, "FMobile" = ?, "FDepartmentId" = ?, "U_EmployeeCore" = ?, "FSeatId" = ? WHERE "FLoginName" = ?]
2025-12-24 11:35:15 - o.s.jdbc.core.JdbcTemplate - Executing prepared SQL update
2025-12-24 11:35:15 - o.s.jdbc.core.JdbcTemplate - Executing prepared SQL statement [UPDATE public."TsAccount" SET "FName" = ?, "FMobile" = ? WHERE "FLoginName" = ?]
2025-12-24 11:35:15 - c.c.h.service.HRDataProcessService - 更新員工: 張啟榮 (AG117)
2025-12-24 11:35:15 - c.c.h.service.HRDataProcessService - 處理員工: 汪憶蓉 (AG123)
2025-12-24 11:35:15 - o.s.jdbc.core.JdbcTemplate - Executing prepared SQL query
2025-12-24 11:35:15 - o.s.jdbc.core.JdbcTemplate - Executing prepared SQL statement [SELECT COUNT(*) FROM public."TsAccount" WHERE "FLoginName" = ?]
2025-12-24 11:35:15 - o.s.jdbc.core.JdbcTemplate - Executing prepared SQL query
2025-12-24 11:35:15 - o.s.jdbc.core.JdbcTemplate - Executing prepared SQL statement [SELECT "id" FROM public."CUS_HRImport_Department" WHERE "full_name" = ?]
2025-12-24 11:35:15 - o.s.jdbc.core.JdbcTemplate - Executing prepared SQL query
2025-12-24 11:35:15 - o.s.jdbc.core.JdbcTemplate - Executing prepared SQL statement [SELECT "tree_level" FROM public."CUS_HRImport_Department" WHERE "id" = ?]
2025-12-24 11:35:15 - o.s.jdbc.core.JdbcTemplate - Executing prepared SQL update
2025-12-24 11:35:15 - o.s.jdbc.core.JdbcTemplate - Executing prepared SQL statement [UPDATE public."TsUser" SET "FName" = ?, "FMobile" = ?, "FDepartmentId" = ?, "U_EmployeeCore" = ?, "FSeatId" = ? WHERE "FLoginName" = ?]
2025-12-24 11:35:15 - o.s.jdbc.core.JdbcTemplate - Executing prepared SQL update
2025-12-24 11:35:15 - o.s.jdbc.core.JdbcTemplate - Executing prepared SQL statement [UPDATE public."TsAccount" SET "FName" = ?, "FMobile" = ? WHERE "FLoginName" = ?]
2025-12-24 11:35:15 - c.c.h.service.HRDataProcessService - 更新員工: 汪憶蓉 (AG123)
2025-12-24 11:35:15 - c.c.h.service.HRDataProcessService - 處理員工: 何立偉 (CF061)
2025-12-24 11:35:15 - o.s.jdbc.core.JdbcTemplate - Executing prepared SQL query
2025-12-24 11:35:15 - o.s.jdbc.core.JdbcTemplate - Executing prepared SQL statement [SELECT COUNT(*) FROM public."TsAccount" WHERE "FLoginName" = ?]
2025-12-24 11:35:15 - o.s.jdbc.core.JdbcTemplate - Executing prepared SQL query
2025-12-24 11:35:15 - o.s.jdbc.core.JdbcTemplate - Executing prepared SQL statement [SELECT "id" FROM public."CUS_HRImport_Department" WHERE "full_name" = ?]
2025-12-24 11:35:15 - o.s.jdbc.core.JdbcTemplate - Executing prepared SQL query
2025-12-24 11:35:15 - o.s.jdbc.core.JdbcTemplate - Executing prepared SQL statement [SELECT "tree_level" FROM public."CUS_HRImport_Department" WHERE "id" = ?]
2025-12-24 11:35:15 - o.s.jdbc.core.JdbcTemplate - Executing prepared SQL update
2025-12-24 11:35:15 - o.s.jdbc.core.JdbcTemplate - Executing prepared SQL statement [UPDATE public."TsUser" SET "FName" = ?, "FMobile" = ?, "FDepartmentId" = ?, "U_EmployeeCore" = ?, "FSeatId" = ? WHERE "FLoginName" = ?]
2025-12-24 11:35:15 - o.s.jdbc.core.JdbcTemplate - Executing prepared SQL update
2025-12-24 11:35:15 - o.s.jdbc.core.JdbcTemplate - Executing prepared SQL statement [UPDATE public."TsAccount" SET "FName" = ?, "FMobile" = ? WHERE "FLoginName" = ?]
2025-12-24 11:35:15 - c.c.h.service.HRDataProcessService - 更新員工: 何立偉 (CF061)
2025-12-24 11:35:15 - c.c.h.service.HRDataProcessService - 處理員工: 黃鈺玫 (CE012)
2025-12-24 11:35:15 - o.s.jdbc.core.JdbcTemplate - Executing prepared SQL query
2025-12-24 11:35:15 - o.s.jdbc.core.JdbcTemplate - Executing prepared SQL statement [SELECT COUNT(*) FROM public."TsAccount" WHERE "FLoginName" = ?]
2025-12-24 11:35:15 - o.s.jdbc.core.JdbcTemplate - Executing prepared SQL query
2025-12-24 11:35:15 - o.s.jdbc.core.JdbcTemplate - Executing prepared SQL statement [SELECT "id" FROM public."CUS_HRImport_Department" WHERE "full_name" = ?]
2025-12-24 11:35:15 - o.s.jdbc.core.JdbcTemplate - Executing prepared SQL query
2025-12-24 11:35:15 - o.s.jdbc.core.JdbcTemplate - Executing prepared SQL statement [SELECT "tree_level" FROM public."CUS_HRImport_Department" WHERE "id" = ?]
2025-12-24 11:35:15 - o.s.jdbc.core.JdbcTemplate - Executing prepared SQL update
2025-12-24 11:35:15 - o.s.jdbc.core.JdbcTemplate - Executing prepared SQL statement [UPDATE public."TsUser" SET "FName" = ?, "FMobile" = ?, "FDepartmentId" = ?, "U_EmployeeCore" = ?, "FSeatId" = ? WHERE "FLoginName" = ?]
2025-12-24 11:35:15 - o.s.jdbc.core.JdbcTemplate - Executing prepared SQL update
2025-12-24 11:35:15 - o.s.jdbc.core.JdbcTemplate - Executing prepared SQL statement [UPDATE public."TsAccount" SET "FName" = ?, "FMobile" = ? WHERE "FLoginName" = ?]
2025-12-24 11:35:15 - c.c.h.service.HRDataProcessService - 更新員工: 黃鈺玫 (CE012)
2025-12-24 11:35:15 - c.c.h.service.HRDataProcessService - 處理員工: 孟姿君 (AI120)
2025-12-24 11:35:15 - o.s.jdbc.core.JdbcTemplate - Executing prepared SQL query
2025-12-24 11:35:15 - o.s.jdbc.core.JdbcTemplate - Executing prepared SQL statement [SELECT COUNT(*) FROM public."TsAccount" WHERE "FLoginName" = ?]
2025-12-24 11:35:15 - o.s.jdbc.core.JdbcTemplate - Executing prepared SQL query
2025-12-24 11:35:15 - o.s.jdbc.core.JdbcTemplate - Executing prepared SQL statement [SELECT "id" FROM public."CUS_HRImport_Department" WHERE "full_name" = ?]
2025-12-24 11:35:15 - o.s.jdbc.core.JdbcTemplate - Executing prepared SQL query
2025-12-24 11:35:15 - o.s.jdbc.core.JdbcTemplate - Executing prepared SQL statement [SELECT "tree_level" FROM public."CUS_HRImport_Department" WHERE "id" = ?]
2025-12-24 11:35:15 - o.s.jdbc.core.JdbcTemplate - Executing prepared SQL update
2025-12-24 11:35:15 - o.s.jdbc.core.JdbcTemplate - Executing prepared SQL statement [UPDATE public."TsUser" SET "FName" = ?, "FMobile" = ?, "FDepartmentId" = ?, "U_EmployeeCore" = ?, "FSeatId" = ? WHERE "FLoginName" = ?]
2025-12-24 11:35:15 - o.s.jdbc.core.JdbcTemplate - Executing prepared SQL update
2025-12-24 11:35:15 - o.s.jdbc.core.JdbcTemplate - Executing prepared SQL statement [UPDATE public."TsAccount" SET "FName" = ?, "FMobile" = ? WHERE "FLoginName" = ?]
2025-12-24 11:35:15 - c.c.h.service.HRDataProcessService - 更新員工: 孟姿君 (AI120)
2025-12-24 11:35:15 - c.c.h.service.HRDataProcessService - 處理員工: 翟崇信 (BI039)
2025-12-24 11:35:15 - o.s.jdbc.core.JdbcTemplate - Executing prepared SQL query
2025-12-24 11:35:15 - o.s.jdbc.core.JdbcTemplate - Executing prepared SQL statement [SELECT COUNT(*) FROM public."TsAccount" WHERE "FLoginName" = ?]
2025-12-24 11:35:15 - o.s.jdbc.core.JdbcTemplate - Executing prepared SQL query
2025-12-24 11:35:15 - o.s.jdbc.core.JdbcTemplate - Executing prepared SQL statement [SELECT "id" FROM public."CUS_HRImport_Department" WHERE "full_name" = ?]
2025-12-24 11:35:15 - o.s.jdbc.core.JdbcTemplate - Executing prepared SQL query
2025-12-24 11:35:15 - o.s.jdbc.core.JdbcTemplate - Executing prepared SQL statement [SELECT "tree_level" FROM public."CUS_HRImport_Department" WHERE "id" = ?]
2025-12-24 11:35:15 - o.s.jdbc.core.JdbcTemplate - Executing prepared SQL update
2025-12-24 11:35:15 - o.s.jdbc.core.JdbcTemplate - Executing prepared SQL statement [UPDATE public."TsUser" SET "FName" = ?, "FMobile" = ?, "FDepartmentId" = ?, "U_EmployeeCore" = ?, "FSeatId" = ? WHERE "FLoginName" = ?]
2025-12-24 11:35:15 - o.s.jdbc.core.JdbcTemplate - Executing prepared SQL update
2025-12-24 11:35:15 - o.s.jdbc.core.JdbcTemplate - Executing prepared SQL statement [UPDATE public."TsAccount" SET "FName" = ?, "FMobile" = ? WHERE "FLoginName" = ?]
2025-12-24 11:35:15 - c.c.h.service.HRDataProcessService - 更新員工: 翟崇信 (BI039)
2025-12-24 11:35:15 - c.c.h.service.HRDataProcessService - 處理員工: 鄭家芳 (CC084)
2025-12-24 11:35:15 - o.s.jdbc.core.JdbcTemplate - Executing prepared SQL query
2025-12-24 11:35:15 - o.s.jdbc.core.JdbcTemplate - Executing prepared SQL statement [SELECT COUNT(*) FROM public."TsAccount" WHERE "FLoginName" = ?]
2025-12-24 11:35:15 - o.s.jdbc.core.JdbcTemplate - Executing prepared SQL query
2025-12-24 11:35:15 - o.s.jdbc.core.JdbcTemplate - Executing prepared SQL statement [SELECT "id" FROM public."CUS_HRImport_Department" WHERE "full_name" = ?]
2025-12-24 11:35:15 - o.s.jdbc.core.JdbcTemplate - Executing prepared SQL query
2025-12-24 11:35:15 - o.s.jdbc.core.JdbcTemplate - Executing prepared SQL statement [SELECT "tree_level" FROM public."CUS_HRImport_Department" WHERE "id" = ?]
2025-12-24 11:35:15 - o.s.jdbc.core.JdbcTemplate - Executing prepared SQL update
2025-12-24 11:35:15 - o.s.jdbc.core.JdbcTemplate - Executing prepared SQL statement [UPDATE public."TsUser" SET "FName" = ?, "FMobile" = ?, "FDepartmentId" = ?, "U_EmployeeCore" = ?, "FSeatId" = ? WHERE "FLoginName" = ?]
2025-12-24 11:35:15 - o.s.jdbc.core.JdbcTemplate - Executing prepared SQL update
2025-12-24 11:35:15 - o.s.jdbc.core.JdbcTemplate - Executing prepared SQL statement [UPDATE public."TsAccount" SET "FName" = ?, "FMobile" = ? WHERE "FLoginName" = ?]
2025-12-24 11:35:15 - c.c.h.service.HRDataProcessService - 更新員工: 鄭家芳 (CC084)
2025-12-24 11:35:15 - c.c.h.service.HRDataProcessService - 處理員工: 劉瀚隆 (BI094)
2025-12-24 11:35:15 - o.s.jdbc.core.JdbcTemplate - Executing prepared SQL query
2025-12-24 11:35:15 - o.s.jdbc.core.JdbcTemplate - Executing prepared SQL statement [SELECT COUNT(*) FROM public."TsAccount" WHERE "FLoginName" = ?]
2025-12-24 11:35:15 - o.s.jdbc.core.JdbcTemplate - Executing prepared SQL query
2025-12-24 11:35:15 - o.s.jdbc.core.JdbcTemplate - Executing prepared SQL statement [SELECT "id" FROM public."CUS_HRImport_Department" WHERE "full_name" = ?]
2025-12-24 11:35:15 - o.s.jdbc.core.JdbcTemplate - Executing prepared SQL query
2025-12-24 11:35:15 - o.s.jdbc.core.JdbcTemplate - Executing prepared SQL statement [SELECT "tree_level" FROM public."CUS_HRImport_Department" WHERE "id" = ?]
2025-12-24 11:35:15 - o.s.jdbc.core.JdbcTemplate - Executing prepared SQL update
2025-12-24 11:35:15 - o.s.jdbc.core.JdbcTemplate - Executing prepared SQL statement [UPDATE public."TsUser" SET "FName" = ?, "FMobile" = ?, "FDepartmentId" = ?, "U_EmployeeCore" = ?, "FSeatId" = ? WHERE "FLoginName" = ?]
2025-12-24 11:35:15 - o.s.jdbc.core.JdbcTemplate - Executing prepared SQL update
2025-12-24 11:35:15 - o.s.jdbc.core.JdbcTemplate - Executing prepared SQL statement [UPDATE public."TsAccount" SET "FName" = ?, "FMobile" = ? WHERE "FLoginName" = ?]
2025-12-24 11:35:15 - c.c.h.service.HRDataProcessService - 更新員工: 劉瀚隆 (BI094)
2025-12-24 11:35:15 - c.c.h.service.HRDataProcessService - 處理員工: 游雅如 (CC029)
2025-12-24 11:35:15 - o.s.jdbc.core.JdbcTemplate - Executing prepared SQL query
2025-12-24 11:35:15 - o.s.jdbc.core.JdbcTemplate - Executing prepared SQL statement [SELECT COUNT(*) FROM public."TsAccount" WHERE "FLoginName" = ?]
2025-12-24 11:35:15 - o.s.jdbc.core.JdbcTemplate - Executing prepared SQL query
2025-12-24 11:35:15 - o.s.jdbc.core.JdbcTemplate - Executing prepared SQL statement [SELECT "id" FROM public."CUS_HRImport_Department" WHERE "full_name" = ?]
2025-12-24 11:35:15 - o.s.jdbc.core.JdbcTemplate - Executing prepared SQL query
2025-12-24 11:35:15 - o.s.jdbc.core.JdbcTemplate - Executing prepared SQL statement [SELECT "tree_level" FROM public."CUS_HRImport_Department" WHERE "id" = ?]
2025-12-24 11:35:15 - o.s.jdbc.core.JdbcTemplate - Executing prepared SQL update
2025-12-24 11:35:15 - o.s.jdbc.core.JdbcTemplate - Executing prepared SQL statement [UPDATE public."TsUser" SET "FName" = ?, "FMobile" = ?, "FDepartmentId" = ?, "U_EmployeeCore" = ?, "FSeatId" = ? WHERE "FLoginName" = ?]
2025-12-24 11:35:15 - o.s.jdbc.core.JdbcTemplate - Executing prepared SQL update
2025-12-24 11:35:15 - o.s.jdbc.core.JdbcTemplate - Executing prepared SQL statement [UPDATE public."TsAccount" SET "FName" = ?, "FMobile" = ? WHERE "FLoginName" = ?]
2025-12-24 11:35:15 - c.c.h.service.HRDataProcessService - 更新員工: 游雅如 (CC029)
2025-12-24 11:35:15 - c.c.h.service.HRDataProcessService - 處理員工: 胡玉儀 (CD079)
2025-12-24 11:35:15 - o.s.jdbc.core.JdbcTemplate - Executing prepared SQL query
2025-12-24 11:35:15 - o.s.jdbc.core.JdbcTemplate - Executing prepared SQL statement [SELECT COUNT(*) FROM public."TsAccount" WHERE "FLoginName" = ?]
2025-12-24 11:35:15 - o.s.jdbc.core.JdbcTemplate - Executing prepared SQL query
2025-12-24 11:35:15 - o.s.jdbc.core.JdbcTemplate - Executing prepared SQL statement [SELECT "id" FROM public."CUS_HRImport_Department" WHERE "full_name" = ?]
2025-12-24 11:35:15 - o.s.jdbc.core.JdbcTemplate - Executing prepared SQL query
2025-12-24 11:35:15 - o.s.jdbc.core.JdbcTemplate - Executing prepared SQL statement [SELECT "tree_level" FROM public."CUS_HRImport_Department" WHERE "id" = ?]
2025-12-24 11:35:15 - o.s.jdbc.core.JdbcTemplate - Executing prepared SQL update
2025-12-24 11:35:15 - o.s.jdbc.core.JdbcTemplate - Executing prepared SQL statement [UPDATE public."TsUser" SET "FName" = ?, "FMobile" = ?, "FDepartmentId" = ?, "U_EmployeeCore" = ?, "FSeatId" = ? WHERE "FLoginName" = ?]
2025-12-24 11:35:15 - o.s.jdbc.core.JdbcTemplate - Executing prepared SQL update
2025-12-24 11:35:15 - o.s.jdbc.core.JdbcTemplate - Executing prepared SQL statement [UPDATE public."TsAccount" SET "FName" = ?, "FMobile" = ? WHERE "FLoginName" = ?]
2025-12-24 11:35:15 - c.c.h.service.HRDataProcessService - 更新員工: 胡玉儀 (CD079)
2025-12-24 11:35:15 - c.c.h.service.HRDataProcessService - 處理員工: 朱芳瑩 (BK021)
2025-12-24 11:35:15 - o.s.jdbc.core.JdbcTemplate - Executing prepared SQL query
2025-12-24 11:35:15 - o.s.jdbc.core.JdbcTemplate - Executing prepared SQL statement [SELECT COUNT(*) FROM public."TsAccount" WHERE "FLoginName" = ?]
2025-12-24 11:35:15 - o.s.jdbc.core.JdbcTemplate - Executing prepared SQL query
2025-12-24 11:35:15 - o.s.jdbc.core.JdbcTemplate - Executing prepared SQL statement [SELECT "id" FROM public."CUS_HRImport_Department" WHERE "full_name" = ?]
2025-12-24 11:35:15 - o.s.jdbc.core.JdbcTemplate - Executing prepared SQL query
2025-12-24 11:35:15 - o.s.jdbc.core.JdbcTemplate - Executing prepared SQL statement [SELECT "tree_level" FROM public."CUS_HRImport_Department" WHERE "id" = ?]
2025-12-24 11:35:15 - o.s.jdbc.core.JdbcTemplate - Executing prepared SQL update
2025-12-24 11:35:15 - o.s.jdbc.core.JdbcTemplate - Executing prepared SQL statement [UPDATE public."TsUser" SET "FName" = ?, "FMobile" = ?, "FDepartmentId" = ?, "U_EmployeeCore" = ?, "FSeatId" = ? WHERE "FLoginName" = ?]
2025-12-24 11:35:15 - o.s.jdbc.core.JdbcTemplate - Executing prepared SQL update
2025-12-24 11:35:15 - o.s.jdbc.core.JdbcTemplate - Executing prepared SQL statement [UPDATE public."TsAccount" SET "FName" = ?, "FMobile" = ? WHERE "FLoginName" = ?]
2025-12-24 11:35:15 - c.c.h.service.HRDataProcessService - 更新員工: 朱芳瑩 (BK021)
2025-12-24 11:35:15 - c.c.h.service.HRDataProcessService - 處理員工: 黃淑惠 (AH063)
2025-12-24 11:35:15 - o.s.jdbc.core.JdbcTemplate - Executing prepared SQL query
2025-12-24 11:35:15 - o.s.jdbc.core.JdbcTemplate - Executing prepared SQL statement [SELECT COUNT(*) FROM public."TsAccount" WHERE "FLoginName" = ?]
2025-12-24 11:35:15 - o.s.jdbc.core.JdbcTemplate - Executing prepared SQL query
2025-12-24 11:35:15 - o.s.jdbc.core.JdbcTemplate - Executing prepared SQL statement [SELECT "id" FROM public."CUS_HRImport_Department" WHERE "full_name" = ?]
2025-12-24 11:35:15 - o.s.jdbc.core.JdbcTemplate - Executing prepared SQL query
2025-12-24 11:35:15 - o.s.jdbc.core.JdbcTemplate - Executing prepared SQL statement [SELECT "tree_level" FROM public."CUS_HRImport_Department" WHERE "id" = ?]
2025-12-24 11:35:15 - o.s.jdbc.core.JdbcTemplate - Executing prepared SQL update
2025-12-24 11:35:15 - o.s.jdbc.core.JdbcTemplate - Executing prepared SQL statement [UPDATE public."TsUser" SET "FName" = ?, "FMobile" = ?, "FDepartmentId" = ?, "U_EmployeeCore" = ?, "FSeatId" = ? WHERE "FLoginName" = ?]
2025-12-24 11:35:15 - o.s.jdbc.core.JdbcTemplate - Executing prepared SQL update
2025-12-24 11:35:15 - o.s.jdbc.core.JdbcTemplate - Executing prepared SQL statement [UPDATE public."TsAccount" SET "FName" = ?, "FMobile" = ? WHERE "FLoginName" = ?]
2025-12-24 11:35:15 - c.c.h.service.HRDataProcessService - 更新員工: 黃淑惠 (AH063)
2025-12-24 11:35:15 - c.c.h.service.HRDataProcessService - 處理員工: 劉小嘒 (BH109)
2025-12-24 11:35:15 - o.s.jdbc.core.JdbcTemplate - Executing prepared SQL query
2025-12-24 11:35:15 - o.s.jdbc.core.JdbcTemplate - Executing prepared SQL statement [SELECT COUNT(*) FROM public."TsAccount" WHERE "FLoginName" = ?]
2025-12-24 11:35:15 - o.s.jdbc.core.JdbcTemplate - Executing prepared SQL query
2025-12-24 11:35:15 - o.s.jdbc.core.JdbcTemplate - Executing prepared SQL statement [SELECT "id" FROM public."CUS_HRImport_Department" WHERE "full_name" = ?]
2025-12-24 11:35:15 - o.s.jdbc.core.JdbcTemplate - Executing prepared SQL query
2025-12-24 11:35:15 - o.s.jdbc.core.JdbcTemplate - Executing prepared SQL statement [SELECT "tree_level" FROM public."CUS_HRImport_Department" WHERE "id" = ?]
2025-12-24 11:35:15 - o.s.jdbc.core.JdbcTemplate - Executing prepared SQL update
2025-12-24 11:35:15 - o.s.jdbc.core.JdbcTemplate - Executing prepared SQL statement [UPDATE public."TsUser" SET "FName" = ?, "FMobile" = ?, "FDepartmentId" = ?, "U_EmployeeCore" = ?, "FSeatId" = ? WHERE "FLoginName" = ?]
2025-12-24 11:35:15 - o.s.jdbc.core.JdbcTemplate - Executing prepared SQL update
2025-12-24 11:35:15 - o.s.jdbc.core.JdbcTemplate - Executing prepared SQL statement [UPDATE public."TsAccount" SET "FName" = ?, "FMobile" = ? WHERE "FLoginName" = ?]
2025-12-24 11:35:15 - c.c.h.service.HRDataProcessService - 更新員工: 劉小嘒 (BH109)
2025-12-24 11:35:15 - c.c.h.service.HRDataProcessService - 處理員工: 張順靜 (BH162)
2025-12-24 11:35:15 - o.s.jdbc.core.JdbcTemplate - Executing prepared SQL query
2025-12-24 11:35:15 - o.s.jdbc.core.JdbcTemplate - Executing prepared SQL statement [SELECT COUNT(*) FROM public."TsAccount" WHERE "FLoginName" = ?]
2025-12-24 11:35:15 - o.s.jdbc.core.JdbcTemplate - Executing prepared SQL query
2025-12-24 11:35:15 - o.s.jdbc.core.JdbcTemplate - Executing prepared SQL statement [SELECT "id" FROM public."CUS_HRImport_Department" WHERE "full_name" = ?]
2025-12-24 11:35:15 - o.s.jdbc.core.JdbcTemplate - Executing prepared SQL query
2025-12-24 11:35:15 - o.s.jdbc.core.JdbcTemplate - Executing prepared SQL statement [SELECT "tree_level" FROM public."CUS_HRImport_Department" WHERE "id" = ?]
2025-12-24 11:35:15 - o.s.jdbc.core.JdbcTemplate - Executing prepared SQL update
2025-12-24 11:35:15 - o.s.jdbc.core.JdbcTemplate - Executing prepared SQL statement [UPDATE public."TsUser" SET "FName" = ?, "FMobile" = ?, "FDepartmentId" = ?, "U_EmployeeCore" = ?, "FSeatId" = ? WHERE "FLoginName" = ?]
2025-12-24 11:35:15 - o.s.jdbc.core.JdbcTemplate - Executing prepared SQL update
2025-12-24 11:35:15 - o.s.jdbc.core.JdbcTemplate - Executing prepared SQL statement [UPDATE public."TsAccount" SET "FName" = ?, "FMobile" = ? WHERE "FLoginName" = ?]
2025-12-24 11:35:15 - c.c.h.service.HRDataProcessService - 更新員工: 張順靜 (BH162)
2025-12-24 11:35:15 - c.c.h.service.HRDataProcessService - 處理員工: 謝中一 (AI009)
2025-12-24 11:35:15 - o.s.jdbc.core.JdbcTemplate - Executing prepared SQL query
2025-12-24 11:35:15 - o.s.jdbc.core.JdbcTemplate - Executing prepared SQL statement [SELECT COUNT(*) FROM public."TsAccount" WHERE "FLoginName" = ?]
2025-12-24 11:35:15 - o.s.jdbc.core.JdbcTemplate - Executing prepared SQL query
2025-12-24 11:35:15 - o.s.jdbc.core.JdbcTemplate - Executing prepared SQL statement [SELECT "id" FROM public."CUS_HRImport_Department" WHERE "full_name" = ?]
2025-12-24 11:35:15 - o.s.jdbc.core.JdbcTemplate - Executing prepared SQL query
2025-12-24 11:35:15 - o.s.jdbc.core.JdbcTemplate - Executing prepared SQL statement [SELECT "tree_level" FROM public."CUS_HRImport_Department" WHERE "id" = ?]
2025-12-24 11:35:15 - o.s.jdbc.core.JdbcTemplate - Executing prepared SQL update
2025-12-24 11:35:15 - o.s.jdbc.core.JdbcTemplate - Executing prepared SQL statement [UPDATE public."TsUser" SET "FName" = ?, "FMobile" = ?, "FDepartmentId" = ?, "U_EmployeeCore" = ?, "FSeatId" = ? WHERE "FLoginName" = ?]
2025-12-24 11:35:15 - o.s.jdbc.core.JdbcTemplate - Executing prepared SQL update
2025-12-24 11:35:15 - o.s.jdbc.core.JdbcTemplate - Executing prepared SQL statement [UPDATE public."TsAccount" SET "FName" = ?, "FMobile" = ? WHERE "FLoginName" = ?]
2025-12-24 11:35:15 - c.c.h.service.HRDataProcessService - 更新員工: 謝中一 (AI009)
2025-12-24 11:35:15 - c.c.h.service.HRDataProcessService - 處理員工: 李碧霞 (AI090)
2025-12-24 11:35:15 - o.s.jdbc.core.JdbcTemplate - Executing prepared SQL query
2025-12-24 11:35:15 - o.s.jdbc.core.JdbcTemplate - Executing prepared SQL statement [SELECT COUNT(*) FROM public."TsAccount" WHERE "FLoginName" = ?]
2025-12-24 11:35:15 - o.s.jdbc.core.JdbcTemplate - Executing prepared SQL query
2025-12-24 11:35:15 - o.s.jdbc.core.JdbcTemplate - Executing prepared SQL statement [SELECT "id" FROM public."CUS_HRImport_Department" WHERE "full_name" = ?]
2025-12-24 11:35:15 - o.s.jdbc.core.JdbcTemplate - Executing prepared SQL query
2025-12-24 11:35:15 - o.s.jdbc.core.JdbcTemplate - Executing prepared SQL statement [SELECT "tree_level" FROM public."CUS_HRImport_Department" WHERE "id" = ?]
2025-12-24 11:35:15 - o.s.jdbc.core.JdbcTemplate - Executing prepared SQL update
2025-12-24 11:35:15 - o.s.jdbc.core.JdbcTemplate - Executing prepared SQL statement [UPDATE public."TsUser" SET "FName" = ?, "FMobile" = ?, "FDepartmentId" = ?, "U_EmployeeCore" = ?, "FSeatId" = ? WHERE "FLoginName" = ?]
2025-12-24 11:35:15 - o.s.jdbc.core.JdbcTemplate - Executing prepared SQL update
2025-12-24 11:35:15 - o.s.jdbc.core.JdbcTemplate - Executing prepared SQL statement [UPDATE public."TsAccount" SET "FName" = ?, "FMobile" = ? WHERE "FLoginName" = ?]
2025-12-24 11:35:15 - c.c.h.service.HRDataProcessService - 更新員工: 李碧霞 (AI090)
2025-12-24 11:35:15 - c.c.h.service.HRDataProcessService - 處理員工: 賴同濤 (AJ108)
2025-12-24 11:35:15 - o.s.jdbc.core.JdbcTemplate - Executing prepared SQL query
2025-12-24 11:35:15 - o.s.jdbc.core.JdbcTemplate - Executing prepared SQL statement [SELECT COUNT(*) FROM public."TsAccount" WHERE "FLoginName" = ?]
2025-12-24 11:35:15 - o.s.jdbc.core.JdbcTemplate - Executing prepared SQL query
2025-12-24 11:35:15 - o.s.jdbc.core.JdbcTemplate - Executing prepared SQL statement [SELECT "id" FROM public."CUS_HRImport_Department" WHERE "full_name" = ?]
2025-12-24 11:35:15 - o.s.jdbc.core.JdbcTemplate - Executing prepared SQL query
2025-12-24 11:35:15 - o.s.jdbc.core.JdbcTemplate - Executing prepared SQL statement [SELECT "tree_level" FROM public."CUS_HRImport_Department" WHERE "id" = ?]
2025-12-24 11:35:15 - o.s.jdbc.core.JdbcTemplate - Executing prepared SQL update
2025-12-24 11:35:15 - o.s.jdbc.core.JdbcTemplate - Executing prepared SQL statement [UPDATE public."TsUser" SET "FName" = ?, "FMobile" = ?, "FDepartmentId" = ?, "U_EmployeeCore" = ?, "FSeatId" = ? WHERE "FLoginName" = ?]
2025-12-24 11:35:15 - o.s.jdbc.core.JdbcTemplate - Executing prepared SQL update
2025-12-24 11:35:15 - o.s.jdbc.core.JdbcTemplate - Executing prepared SQL statement [UPDATE public."TsAccount" SET "FName" = ?, "FMobile" = ? WHERE "FLoginName" = ?]
2025-12-24 11:35:15 - c.c.h.service.HRDataProcessService - 更新員工: 賴同濤 (AJ108)
2025-12-24 11:35:15 - c.c.h.service.HRDataProcessService - 處理員工: 黃楷慧 (BG030)
2025-12-24 11:35:15 - o.s.jdbc.core.JdbcTemplate - Executing prepared SQL query
2025-12-24 11:35:15 - o.s.jdbc.core.JdbcTemplate - Executing prepared SQL statement [SELECT COUNT(*) FROM public."TsAccount" WHERE "FLoginName" = ?]
2025-12-24 11:35:15 - o.s.jdbc.core.JdbcTemplate - Executing prepared SQL query
2025-12-24 11:35:15 - o.s.jdbc.core.JdbcTemplate - Executing prepared SQL statement [SELECT "id" FROM public."CUS_HRImport_Department" WHERE "full_name" = ?]
2025-12-24 11:35:15 - o.s.jdbc.core.JdbcTemplate - Executing prepared SQL query
2025-12-24 11:35:15 - o.s.jdbc.core.JdbcTemplate - Executing prepared SQL statement [SELECT "tree_level" FROM public."CUS_HRImport_Department" WHERE "id" = ?]
2025-12-24 11:35:15 - o.s.jdbc.core.JdbcTemplate - Executing prepared SQL update
2025-12-24 11:35:15 - o.s.jdbc.core.JdbcTemplate - Executing prepared SQL statement [UPDATE public."TsUser" SET "FName" = ?, "FMobile" = ?, "FDepartmentId" = ?, "U_EmployeeCore" = ?, "FSeatId" = ? WHERE "FLoginName" = ?]
2025-12-24 11:35:15 - o.s.jdbc.core.JdbcTemplate - Executing prepared SQL update
2025-12-24 11:35:15 - o.s.jdbc.core.JdbcTemplate - Executing prepared SQL statement [UPDATE public."TsAccount" SET "FName" = ?, "FMobile" = ? WHERE "FLoginName" = ?]
2025-12-24 11:35:15 - c.c.h.service.HRDataProcessService - 更新員工: 黃楷慧 (BG030)
2025-12-24 11:35:15 - c.c.h.service.HRDataProcessService - 處理員工: 陳靜怡 (BH167)
2025-12-24 11:35:15 - o.s.jdbc.core.JdbcTemplate - Executing prepared SQL query
2025-12-24 11:35:15 - o.s.jdbc.core.JdbcTemplate - Executing prepared SQL statement [SELECT COUNT(*) FROM public."TsAccount" WHERE "FLoginName" = ?]
2025-12-24 11:35:15 - o.s.jdbc.core.JdbcTemplate - Executing prepared SQL query
2025-12-24 11:35:15 - o.s.jdbc.core.JdbcTemplate - Executing prepared SQL statement [SELECT "id" FROM public."CUS_HRImport_Department" WHERE "full_name" = ?]
2025-12-24 11:35:15 - o.s.jdbc.core.JdbcTemplate - Executing prepared SQL query
2025-12-24 11:35:15 - o.s.jdbc.core.JdbcTemplate - Executing prepared SQL statement [SELECT "tree_level" FROM public."CUS_HRImport_Department" WHERE "id" = ?]
2025-12-24 11:35:15 - o.s.jdbc.core.JdbcTemplate - Executing prepared SQL update
2025-12-24 11:35:15 - o.s.jdbc.core.JdbcTemplate - Executing prepared SQL statement [UPDATE public."TsUser" SET "FName" = ?, "FMobile" = ?, "FDepartmentId" = ?, "U_EmployeeCore" = ?, "FSeatId" = ? WHERE "FLoginName" = ?]
2025-12-24 11:35:15 - o.s.jdbc.core.JdbcTemplate - Executing prepared SQL update
2025-12-24 11:35:15 - o.s.jdbc.core.JdbcTemplate - Executing prepared SQL statement [UPDATE public."TsAccount" SET "FName" = ?, "FMobile" = ? WHERE "FLoginName" = ?]
2025-12-24 11:35:15 - c.c.h.service.HRDataProcessService - 更新員工: 陳靜怡 (BH167)
2025-12-24 11:35:15 - c.c.h.service.HRDataProcessService - 處理員工: 鍾志文 (CD010)
2025-12-24 11:35:15 - o.s.jdbc.core.JdbcTemplate - Executing prepared SQL query
2025-12-24 11:35:15 - o.s.jdbc.core.JdbcTemplate - Executing prepared SQL statement [SELECT COUNT(*) FROM public."TsAccount" WHERE "FLoginName" = ?]
2025-12-24 11:35:15 - o.s.jdbc.core.JdbcTemplate - Executing prepared SQL query
2025-12-24 11:35:15 - o.s.jdbc.core.JdbcTemplate - Executing prepared SQL statement [SELECT "id" FROM public."CUS_HRImport_Department" WHERE "full_name" = ?]
2025-12-24 11:35:15 - o.s.jdbc.core.JdbcTemplate - Executing prepared SQL query
2025-12-24 11:35:15 - o.s.jdbc.core.JdbcTemplate - Executing prepared SQL statement [SELECT "tree_level" FROM public."CUS_HRImport_Department" WHERE "id" = ?]
2025-12-24 11:35:15 - o.s.jdbc.core.JdbcTemplate - Executing prepared SQL update
2025-12-24 11:35:15 - o.s.jdbc.core.JdbcTemplate - Executing prepared SQL statement [UPDATE public."TsUser" SET "FName" = ?, "FMobile" = ?, "FDepartmentId" = ?, "U_EmployeeCore" = ?, "FSeatId" = ? WHERE "FLoginName" = ?]
2025-12-24 11:35:15 - o.s.jdbc.core.JdbcTemplate - Executing prepared SQL update
2025-12-24 11:35:15 - o.s.jdbc.core.JdbcTemplate - Executing prepared SQL statement [UPDATE public."TsAccount" SET "FName" = ?, "FMobile" = ? WHERE "FLoginName" = ?]
2025-12-24 11:35:15 - c.c.h.service.HRDataProcessService - 更新員工: 鍾志文 (CD010)
2025-12-24 11:35:15 - c.c.h.service.HRDataProcessService - 處理員工: 吳孟晏 (CC020)
2025-12-24 11:35:15 - o.s.jdbc.core.JdbcTemplate - Executing prepared SQL query
2025-12-24 11:35:15 - o.s.jdbc.core.JdbcTemplate - Executing prepared SQL statement [SELECT COUNT(*) FROM public."TsAccount" WHERE "FLoginName" = ?]
2025-12-24 11:35:15 - o.s.jdbc.core.JdbcTemplate - Executing prepared SQL query
2025-12-24 11:35:15 - o.s.jdbc.core.JdbcTemplate - Executing prepared SQL statement [SELECT "id" FROM public."CUS_HRImport_Department" WHERE "full_name" = ?]
2025-12-24 11:35:15 - o.s.jdbc.core.JdbcTemplate - Executing prepared SQL query
2025-12-24 11:35:15 - o.s.jdbc.core.JdbcTemplate - Executing prepared SQL statement [SELECT "tree_level" FROM public."CUS_HRImport_Department" WHERE "id" = ?]
2025-12-24 11:35:15 - o.s.jdbc.core.JdbcTemplate - Executing prepared SQL update
2025-12-24 11:35:15 - o.s.jdbc.core.JdbcTemplate - Executing prepared SQL statement [UPDATE public."TsUser" SET "FName" = ?, "FMobile" = ?, "FDepartmentId" = ?, "U_EmployeeCore" = ?, "FSeatId" = ? WHERE "FLoginName" = ?]
2025-12-24 11:35:15 - o.s.jdbc.core.JdbcTemplate - Executing prepared SQL update
2025-12-24 11:35:15 - o.s.jdbc.core.JdbcTemplate - Executing prepared SQL statement [UPDATE public."TsAccount" SET "FName" = ?, "FMobile" = ? WHERE "FLoginName" = ?]
2025-12-24 11:35:15 - c.c.h.service.HRDataProcessService - 更新員工: 吳孟晏 (CC020)
2025-12-24 11:35:15 - c.c.h.service.HRDataProcessService - 處理員工: 陳芳琪 (BE023)
2025-12-24 11:35:15 - o.s.jdbc.core.JdbcTemplate - Executing prepared SQL query
2025-12-24 11:35:15 - o.s.jdbc.core.JdbcTemplate - Executing prepared SQL statement [SELECT COUNT(*) FROM public."TsAccount" WHERE "FLoginName" = ?]
2025-12-24 11:35:15 - o.s.jdbc.core.JdbcTemplate - Executing prepared SQL query
2025-12-24 11:35:15 - o.s.jdbc.core.JdbcTemplate - Executing prepared SQL statement [SELECT "id" FROM public."CUS_HRImport_Department" WHERE "full_name" = ?]
2025-12-24 11:35:15 - o.s.jdbc.core.JdbcTemplate - Executing prepared SQL query
2025-12-24 11:35:15 - o.s.jdbc.core.JdbcTemplate - Executing prepared SQL statement [SELECT "tree_level" FROM public."CUS_HRImport_Department" WHERE "id" = ?]
2025-12-24 11:35:15 - o.s.jdbc.core.JdbcTemplate - Executing prepared SQL update
2025-12-24 11:35:15 - o.s.jdbc.core.JdbcTemplate - Executing prepared SQL statement [UPDATE public."TsUser" SET "FName" = ?, "FMobile" = ?, "FDepartmentId" = ?, "U_EmployeeCore" = ?, "FSeatId" = ? WHERE "FLoginName" = ?]
2025-12-24 11:35:15 - o.s.jdbc.core.JdbcTemplate - Executing prepared SQL update
2025-12-24 11:35:15 - o.s.jdbc.core.JdbcTemplate - Executing prepared SQL statement [UPDATE public."TsAccount" SET "FName" = ?, "FMobile" = ? WHERE "FLoginName" = ?]
2025-12-24 11:35:15 - c.c.h.service.HRDataProcessService - 更新員工: 陳芳琪 (BE023)
2025-12-24 11:35:15 - c.c.h.service.HRDataProcessService - 處理員工: 羅誌偉 (BD142)
2025-12-24 11:35:15 - o.s.jdbc.core.JdbcTemplate - Executing prepared SQL query
2025-12-24 11:35:15 - o.s.jdbc.core.JdbcTemplate - Executing prepared SQL statement [SELECT COUNT(*) FROM public."TsAccount" WHERE "FLoginName" = ?]
2025-12-24 11:35:15 - o.s.jdbc.core.JdbcTemplate - Executing prepared SQL query
2025-12-24 11:35:15 - o.s.jdbc.core.JdbcTemplate - Executing prepared SQL statement [SELECT "id" FROM public."CUS_HRImport_Department" WHERE "full_name" = ?]
2025-12-24 11:35:15 - o.s.jdbc.core.JdbcTemplate - Executing prepared SQL query
2025-12-24 11:35:15 - o.s.jdbc.core.JdbcTemplate - Executing prepared SQL statement [SELECT "tree_level" FROM public."CUS_HRImport_Department" WHERE "id" = ?]
2025-12-24 11:35:15 - o.s.jdbc.core.JdbcTemplate - Executing prepared SQL update
2025-12-24 11:35:15 - o.s.jdbc.core.JdbcTemplate - Executing prepared SQL statement [UPDATE public."TsUser" SET "FName" = ?, "FMobile" = ?, "FDepartmentId" = ?, "U_EmployeeCore" = ?, "FSeatId" = ? WHERE "FLoginName" = ?]
2025-12-24 11:35:15 - o.s.jdbc.core.JdbcTemplate - Executing prepared SQL update
2025-12-24 11:35:15 - o.s.jdbc.core.JdbcTemplate - Executing prepared SQL statement [UPDATE public."TsAccount" SET "FName" = ?, "FMobile" = ? WHERE "FLoginName" = ?]
2025-12-24 11:35:15 - c.c.h.service.HRDataProcessService - 更新員工: 羅誌偉 (BD142)
2025-12-24 11:35:15 - c.c.h.service.HRDataProcessService - 處理員工: 李起菱 (BH017)
2025-12-24 11:35:15 - o.s.jdbc.core.JdbcTemplate - Executing prepared SQL query
2025-12-24 11:35:15 - o.s.jdbc.core.JdbcTemplate - Executing prepared SQL statement [SELECT COUNT(*) FROM public."TsAccount" WHERE "FLoginName" = ?]
2025-12-24 11:35:15 - o.s.jdbc.core.JdbcTemplate - Executing prepared SQL query
2025-12-24 11:35:15 - o.s.jdbc.core.JdbcTemplate - Executing prepared SQL statement [SELECT "id" FROM public."CUS_HRImport_Department" WHERE "full_name" = ?]
2025-12-24 11:35:15 - o.s.jdbc.core.JdbcTemplate - Executing prepared SQL query
2025-12-24 11:35:15 - o.s.jdbc.core.JdbcTemplate - Executing prepared SQL statement [SELECT "tree_level" FROM public."CUS_HRImport_Department" WHERE "id" = ?]
2025-12-24 11:35:15 - o.s.jdbc.core.JdbcTemplate - Executing prepared SQL update
2025-12-24 11:35:15 - o.s.jdbc.core.JdbcTemplate - Executing prepared SQL statement [UPDATE public."TsUser" SET "FName" = ?, "FMobile" = ?, "FDepartmentId" = ?, "U_EmployeeCore" = ?, "FSeatId" = ? WHERE "FLoginName" = ?]
2025-12-24 11:35:15 - o.s.jdbc.core.JdbcTemplate - Executing prepared SQL update
2025-12-24 11:35:15 - o.s.jdbc.core.JdbcTemplate - Executing prepared SQL statement [UPDATE public."TsAccount" SET "FName" = ?, "FMobile" = ? WHERE "FLoginName" = ?]
2025-12-24 11:35:15 - c.c.h.service.HRDataProcessService - 更新員工: 李起菱 (BH017)
2025-12-24 11:35:15 - c.c.h.service.HRDataProcessService - 處理員工: 梅靜怡 (AJ103)
2025-12-24 11:35:15 - o.s.jdbc.core.JdbcTemplate - Executing prepared SQL query
2025-12-24 11:35:15 - o.s.jdbc.core.JdbcTemplate - Executing prepared SQL statement [SELECT COUNT(*) FROM public."TsAccount" WHERE "FLoginName" = ?]
2025-12-24 11:35:15 - o.s.jdbc.core.JdbcTemplate - Executing prepared SQL query
2025-12-24 11:35:15 - o.s.jdbc.core.JdbcTemplate - Executing prepared SQL statement [SELECT "id" FROM public."CUS_HRImport_Department" WHERE "full_name" = ?]
2025-12-24 11:35:15 - o.s.jdbc.core.JdbcTemplate - Executing prepared SQL query
2025-12-24 11:35:15 - o.s.jdbc.core.JdbcTemplate - Executing prepared SQL statement [SELECT "tree_level" FROM public."CUS_HRImport_Department" WHERE "id" = ?]
2025-12-24 11:35:15 - o.s.jdbc.core.JdbcTemplate - Executing prepared SQL update
2025-12-24 11:35:15 - o.s.jdbc.core.JdbcTemplate - Executing prepared SQL statement [UPDATE public."TsUser" SET "FName" = ?, "FMobile" = ?, "FDepartmentId" = ?, "U_EmployeeCore" = ?, "FSeatId" = ? WHERE "FLoginName" = ?]
2025-12-24 11:35:15 - o.s.jdbc.core.JdbcTemplate - Executing prepared SQL update
2025-12-24 11:35:15 - o.s.jdbc.core.JdbcTemplate - Executing prepared SQL statement [UPDATE public."TsAccount" SET "FName" = ?, "FMobile" = ? WHERE "FLoginName" = ?]
2025-12-24 11:35:15 - c.c.h.service.HRDataProcessService - 更新員工: 梅靜怡 (AJ103)
2025-12-24 11:35:15 - c.c.h.service.HRDataProcessService - 處理員工: 林鳳娥 (BA079)
2025-12-24 11:35:15 - o.s.jdbc.core.JdbcTemplate - Executing prepared SQL query
2025-12-24 11:35:15 - o.s.jdbc.core.JdbcTemplate - Executing prepared SQL statement [SELECT COUNT(*) FROM public."TsAccount" WHERE "FLoginName" = ?]
2025-12-24 11:35:15 - o.s.jdbc.core.JdbcTemplate - Executing prepared SQL query
2025-12-24 11:35:15 - o.s.jdbc.core.JdbcTemplate - Executing prepared SQL statement [SELECT "id" FROM public."CUS_HRImport_Department" WHERE "full_name" = ?]
2025-12-24 11:35:15 - o.s.jdbc.core.JdbcTemplate - Executing prepared SQL query
2025-12-24 11:35:15 - o.s.jdbc.core.JdbcTemplate - Executing prepared SQL statement [SELECT "tree_level" FROM public."CUS_HRImport_Department" WHERE "id" = ?]
2025-12-24 11:35:15 - o.s.jdbc.core.JdbcTemplate - Executing prepared SQL update
2025-12-24 11:35:15 - o.s.jdbc.core.JdbcTemplate - Executing prepared SQL statement [UPDATE public."TsUser" SET "FName" = ?, "FMobile" = ?, "FDepartmentId" = ?, "U_EmployeeCore" = ?, "FSeatId" = ? WHERE "FLoginName" = ?]
2025-12-24 11:35:15 - o.s.jdbc.core.JdbcTemplate - Executing prepared SQL update
2025-12-24 11:35:15 - o.s.jdbc.core.JdbcTemplate - Executing prepared SQL statement [UPDATE public."TsAccount" SET "FName" = ?, "FMobile" = ? WHERE "FLoginName" = ?]
2025-12-24 11:35:15 - c.c.h.service.HRDataProcessService - 更新員工: 林鳳娥 (BA079)
2025-12-24 11:35:15 - c.c.h.service.HRDataProcessService - 處理員工: 陳湘琳 (BI075)
2025-12-24 11:35:15 - o.s.jdbc.core.JdbcTemplate - Executing prepared SQL query
2025-12-24 11:35:15 - o.s.jdbc.core.JdbcTemplate - Executing prepared SQL statement [SELECT COUNT(*) FROM public."TsAccount" WHERE "FLoginName" = ?]
2025-12-24 11:35:15 - o.s.jdbc.core.JdbcTemplate - Executing prepared SQL query
2025-12-24 11:35:15 - o.s.jdbc.core.JdbcTemplate - Executing prepared SQL statement [SELECT "id" FROM public."CUS_HRImport_Department" WHERE "full_name" = ?]
2025-12-24 11:35:15 - o.s.jdbc.core.JdbcTemplate - Executing prepared SQL query
2025-12-24 11:35:15 - o.s.jdbc.core.JdbcTemplate - Executing prepared SQL statement [SELECT "tree_level" FROM public."CUS_HRImport_Department" WHERE "id" = ?]
2025-12-24 11:35:15 - o.s.jdbc.core.JdbcTemplate - Executing prepared SQL update
2025-12-24 11:35:15 - o.s.jdbc.core.JdbcTemplate - Executing prepared SQL statement [UPDATE public."TsUser" SET "FName" = ?, "FMobile" = ?, "FDepartmentId" = ?, "U_EmployeeCore" = ?, "FSeatId" = ? WHERE "FLoginName" = ?]
2025-12-24 11:35:15 - o.s.jdbc.core.JdbcTemplate - Executing prepared SQL update
2025-12-24 11:35:15 - o.s.jdbc.core.JdbcTemplate - Executing prepared SQL statement [UPDATE public."TsAccount" SET "FName" = ?, "FMobile" = ? WHERE "FLoginName" = ?]
2025-12-24 11:35:15 - c.c.h.service.HRDataProcessService - 更新員工: 陳湘琳 (BI075)
2025-12-24 11:35:15 - c.c.h.service.HRDataProcessService - 處理員工: 陳婉菱 (BE081)
2025-12-24 11:35:15 - o.s.jdbc.core.JdbcTemplate - Executing prepared SQL query
2025-12-24 11:35:15 - o.s.jdbc.core.JdbcTemplate - Executing prepared SQL statement [SELECT COUNT(*) FROM public."TsAccount" WHERE "FLoginName" = ?]
2025-12-24 11:35:15 - o.s.jdbc.core.JdbcTemplate - Executing prepared SQL query
2025-12-24 11:35:15 - o.s.jdbc.core.JdbcTemplate - Executing prepared SQL statement [SELECT "id" FROM public."CUS_HRImport_Department" WHERE "full_name" = ?]
2025-12-24 11:35:15 - o.s.jdbc.core.JdbcTemplate - Executing prepared SQL query
2025-12-24 11:35:15 - o.s.jdbc.core.JdbcTemplate - Executing prepared SQL statement [SELECT "tree_level" FROM public."CUS_HRImport_Department" WHERE "id" = ?]
2025-12-24 11:35:15 - o.s.jdbc.core.JdbcTemplate - Executing prepared SQL update
2025-12-24 11:35:15 - o.s.jdbc.core.JdbcTemplate - Executing prepared SQL statement [UPDATE public."TsUser" SET "FName" = ?, "FMobile" = ?, "FDepartmentId" = ?, "U_EmployeeCore" = ?, "FSeatId" = ? WHERE "FLoginName" = ?]
2025-12-24 11:35:15 - o.s.jdbc.core.JdbcTemplate - Executing prepared SQL update
2025-12-24 11:35:15 - o.s.jdbc.core.JdbcTemplate - Executing prepared SQL statement [UPDATE public."TsAccount" SET "FName" = ?, "FMobile" = ? WHERE "FLoginName" = ?]
2025-12-24 11:35:15 - c.c.h.service.HRDataProcessService - 更新員工: 陳婉菱 (BE081)
2025-12-24 11:35:15 - c.c.h.service.HRDataProcessService - 處理員工: 陳江雲 (BJ008)
2025-12-24 11:35:15 - o.s.jdbc.core.JdbcTemplate - Executing prepared SQL query
2025-12-24 11:35:15 - o.s.jdbc.core.JdbcTemplate - Executing prepared SQL statement [SELECT COUNT(*) FROM public."TsAccount" WHERE "FLoginName" = ?]
2025-12-24 11:35:15 - o.s.jdbc.core.JdbcTemplate - Executing prepared SQL query
2025-12-24 11:35:15 - o.s.jdbc.core.JdbcTemplate - Executing prepared SQL statement [SELECT "id" FROM public."CUS_HRImport_Department" WHERE "full_name" = ?]
2025-12-24 11:35:15 - o.s.jdbc.core.JdbcTemplate - Executing prepared SQL query
2025-12-24 11:35:15 - o.s.jdbc.core.JdbcTemplate - Executing prepared SQL statement [SELECT "tree_level" FROM public."CUS_HRImport_Department" WHERE "id" = ?]
2025-12-24 11:35:15 - o.s.jdbc.core.JdbcTemplate - Executing prepared SQL update
2025-12-24 11:35:15 - o.s.jdbc.core.JdbcTemplate - Executing prepared SQL statement [UPDATE public."TsUser" SET "FName" = ?, "FMobile" = ?, "FDepartmentId" = ?, "U_EmployeeCore" = ?, "FSeatId" = ? WHERE "FLoginName" = ?]
2025-12-24 11:35:15 - o.s.jdbc.core.JdbcTemplate - Executing prepared SQL update
2025-12-24 11:35:15 - o.s.jdbc.core.JdbcTemplate - Executing prepared SQL statement [UPDATE public."TsAccount" SET "FName" = ?, "FMobile" = ? WHERE "FLoginName" = ?]
2025-12-24 11:35:15 - c.c.h.service.HRDataProcessService - 更新員工: 陳江雲 (BJ008)
2025-12-24 11:35:15 - c.c.h.service.HRDataProcessService - 處理員工: 陳睿渝 (BL012)
2025-12-24 11:35:15 - o.s.jdbc.core.JdbcTemplate - Executing prepared SQL query
2025-12-24 11:35:15 - o.s.jdbc.core.JdbcTemplate - Executing prepared SQL statement [SELECT COUNT(*) FROM public."TsAccount" WHERE "FLoginName" = ?]
2025-12-24 11:35:15 - o.s.jdbc.core.JdbcTemplate - Executing prepared SQL query
2025-12-24 11:35:15 - o.s.jdbc.core.JdbcTemplate - Executing prepared SQL statement [SELECT "id" FROM public."CUS_HRImport_Department" WHERE "full_name" = ?]
2025-12-24 11:35:15 - o.s.jdbc.core.JdbcTemplate - Executing prepared SQL query
2025-12-24 11:35:15 - o.s.jdbc.core.JdbcTemplate - Executing prepared SQL statement [SELECT "tree_level" FROM public."CUS_HRImport_Department" WHERE "id" = ?]
2025-12-24 11:35:15 - o.s.jdbc.core.JdbcTemplate - Executing prepared SQL update
2025-12-24 11:35:15 - o.s.jdbc.core.JdbcTemplate - Executing prepared SQL statement [UPDATE public."TsUser" SET "FName" = ?, "FMobile" = ?, "FDepartmentId" = ?, "U_EmployeeCore" = ?, "FSeatId" = ? WHERE "FLoginName" = ?]
2025-12-24 11:35:15 - o.s.jdbc.core.JdbcTemplate - Executing prepared SQL update
2025-12-24 11:35:15 - o.s.jdbc.core.JdbcTemplate - Executing prepared SQL statement [UPDATE public."TsAccount" SET "FName" = ?, "FMobile" = ? WHERE "FLoginName" = ?]
2025-12-24 11:35:15 - c.c.h.service.HRDataProcessService - 更新員工: 陳睿渝 (BL012)
2025-12-24 11:35:15 - c.c.h.service.HRDataProcessService - 處理員工: 甘淑芳 (BI083)
2025-12-24 11:35:15 - o.s.jdbc.core.JdbcTemplate - Executing prepared SQL query
2025-12-24 11:35:15 - o.s.jdbc.core.JdbcTemplate - Executing prepared SQL statement [SELECT COUNT(*) FROM public."TsAccount" WHERE "FLoginName" = ?]
2025-12-24 11:35:15 - o.s.jdbc.core.JdbcTemplate - Executing prepared SQL query
2025-12-24 11:35:15 - o.s.jdbc.core.JdbcTemplate - Executing prepared SQL statement [SELECT "id" FROM public."CUS_HRImport_Department" WHERE "full_name" = ?]
2025-12-24 11:35:15 - o.s.jdbc.core.JdbcTemplate - Executing prepared SQL query
2025-12-24 11:35:15 - o.s.jdbc.core.JdbcTemplate - Executing prepared SQL statement [SELECT "tree_level" FROM public."CUS_HRImport_Department" WHERE "id" = ?]
2025-12-24 11:35:15 - o.s.jdbc.core.JdbcTemplate - Executing prepared SQL update
2025-12-24 11:35:15 - o.s.jdbc.core.JdbcTemplate - Executing prepared SQL statement [UPDATE public."TsUser" SET "FName" = ?, "FMobile" = ?, "FDepartmentId" = ?, "U_EmployeeCore" = ?, "FSeatId" = ? WHERE "FLoginName" = ?]
2025-12-24 11:35:15 - o.s.jdbc.core.JdbcTemplate - Executing prepared SQL update
2025-12-24 11:35:15 - o.s.jdbc.core.JdbcTemplate - Executing prepared SQL statement [UPDATE public."TsAccount" SET "FName" = ?, "FMobile" = ? WHERE "FLoginName" = ?]
2025-12-24 11:35:15 - c.c.h.service.HRDataProcessService - 更新員工: 甘淑芳 (BI083)
2025-12-24 11:35:15 - c.c.h.service.HRDataProcessService - 處理員工: 簡晨妮 (BK042)
2025-12-24 11:35:15 - o.s.jdbc.core.JdbcTemplate - Executing prepared SQL query
2025-12-24 11:35:15 - o.s.jdbc.core.JdbcTemplate - Executing prepared SQL statement [SELECT COUNT(*) FROM public."TsAccount" WHERE "FLoginName" = ?]
2025-12-24 11:35:15 - o.s.jdbc.core.JdbcTemplate - Executing prepared SQL query
2025-12-24 11:35:15 - o.s.jdbc.core.JdbcTemplate - Executing prepared SQL statement [SELECT "id" FROM public."CUS_HRImport_Department" WHERE "full_name" = ?]
2025-12-24 11:35:15 - o.s.jdbc.core.JdbcTemplate - Executing prepared SQL query
2025-12-24 11:35:15 - o.s.jdbc.core.JdbcTemplate - Executing prepared SQL statement [SELECT "tree_level" FROM public."CUS_HRImport_Department" WHERE "id" = ?]
2025-12-24 11:35:15 - o.s.jdbc.core.JdbcTemplate - Executing prepared SQL update
2025-12-24 11:35:15 - o.s.jdbc.core.JdbcTemplate - Executing prepared SQL statement [UPDATE public."TsUser" SET "FName" = ?, "FMobile" = ?, "FDepartmentId" = ?, "U_EmployeeCore" = ?, "FSeatId" = ? WHERE "FLoginName" = ?]
2025-12-24 11:35:15 - o.s.jdbc.core.JdbcTemplate - Executing prepared SQL update
2025-12-24 11:35:15 - o.s.jdbc.core.JdbcTemplate - Executing prepared SQL statement [UPDATE public."TsAccount" SET "FName" = ?, "FMobile" = ? WHERE "FLoginName" = ?]
2025-12-24 11:35:15 - c.c.h.service.HRDataProcessService - 更新員工: 簡晨妮 (BK042)
2025-12-24 11:35:15 - c.c.h.service.HRDataProcessService - 處理員工: 程敬裕 (CC040)
2025-12-24 11:35:15 - o.s.jdbc.core.JdbcTemplate - Executing prepared SQL query
2025-12-24 11:35:15 - o.s.jdbc.core.JdbcTemplate - Executing prepared SQL statement [SELECT COUNT(*) FROM public."TsAccount" WHERE "FLoginName" = ?]
2025-12-24 11:35:15 - o.s.jdbc.core.JdbcTemplate - Executing prepared SQL query
2025-12-24 11:35:15 - o.s.jdbc.core.JdbcTemplate - Executing prepared SQL statement [SELECT "id" FROM public."CUS_HRImport_Department" WHERE "full_name" = ?]
2025-12-24 11:35:15 - o.s.jdbc.core.JdbcTemplate - Executing prepared SQL query
2025-12-24 11:35:15 - o.s.jdbc.core.JdbcTemplate - Executing prepared SQL statement [SELECT "tree_level" FROM public."CUS_HRImport_Department" WHERE "id" = ?]
2025-12-24 11:35:15 - o.s.jdbc.core.JdbcTemplate - Executing prepared SQL update
2025-12-24 11:35:15 - o.s.jdbc.core.JdbcTemplate - Executing prepared SQL statement [UPDATE public."TsUser" SET "FName" = ?, "FMobile" = ?, "FDepartmentId" = ?, "U_EmployeeCore" = ?, "FSeatId" = ? WHERE "FLoginName" = ?]
2025-12-24 11:35:15 - o.s.jdbc.core.JdbcTemplate - Executing prepared SQL update
2025-12-24 11:35:15 - o.s.jdbc.core.JdbcTemplate - Executing prepared SQL statement [UPDATE public."TsAccount" SET "FName" = ?, "FMobile" = ? WHERE "FLoginName" = ?]
2025-12-24 11:35:15 - c.c.h.service.HRDataProcessService - 更新員工: 程敬裕 (CC040)
2025-12-24 11:35:15 - c.c.h.service.HRDataProcessService - 處理員工: 蔡秉樺 (CD064)
2025-12-24 11:35:15 - o.s.jdbc.core.JdbcTemplate - Executing prepared SQL query
2025-12-24 11:35:15 - o.s.jdbc.core.JdbcTemplate - Executing prepared SQL statement [SELECT COUNT(*) FROM public."TsAccount" WHERE "FLoginName" = ?]
2025-12-24 11:35:15 - o.s.jdbc.core.JdbcTemplate - Executing prepared SQL query
2025-12-24 11:35:15 - o.s.jdbc.core.JdbcTemplate - Executing prepared SQL statement [SELECT "id" FROM public."CUS_HRImport_Department" WHERE "full_name" = ?]
2025-12-24 11:35:15 - o.s.jdbc.core.JdbcTemplate - Executing prepared SQL query
2025-12-24 11:35:15 - o.s.jdbc.core.JdbcTemplate - Executing prepared SQL statement [SELECT "tree_level" FROM public."CUS_HRImport_Department" WHERE "id" = ?]
2025-12-24 11:35:15 - o.s.jdbc.core.JdbcTemplate - Executing prepared SQL update
2025-12-24 11:35:15 - o.s.jdbc.core.JdbcTemplate - Executing prepared SQL statement [UPDATE public."TsUser" SET "FName" = ?, "FMobile" = ?, "FDepartmentId" = ?, "U_EmployeeCore" = ?, "FSeatId" = ? WHERE "FLoginName" = ?]
2025-12-24 11:35:15 - o.s.jdbc.core.JdbcTemplate - Executing prepared SQL update
2025-12-24 11:35:15 - o.s.jdbc.core.JdbcTemplate - Executing prepared SQL statement [UPDATE public."TsAccount" SET "FName" = ?, "FMobile" = ? WHERE "FLoginName" = ?]
2025-12-24 11:35:15 - c.c.h.service.HRDataProcessService - 更新員工: 蔡秉樺 (CD064)
2025-12-24 11:35:15 - c.c.h.service.HRDataProcessService - 處理員工: 陳奕馨 (CC056)
2025-12-24 11:35:15 - o.s.jdbc.core.JdbcTemplate - Executing prepared SQL query
2025-12-24 11:35:15 - o.s.jdbc.core.JdbcTemplate - Executing prepared SQL statement [SELECT COUNT(*) FROM public."TsAccount" WHERE "FLoginName" = ?]
2025-12-24 11:35:15 - o.s.jdbc.core.JdbcTemplate - Executing prepared SQL query
2025-12-24 11:35:15 - o.s.jdbc.core.JdbcTemplate - Executing prepared SQL statement [SELECT "id" FROM public."CUS_HRImport_Department" WHERE "full_name" = ?]
2025-12-24 11:35:15 - o.s.jdbc.core.JdbcTemplate - Executing prepared SQL query
2025-12-24 11:35:15 - o.s.jdbc.core.JdbcTemplate - Executing prepared SQL statement [SELECT "tree_level" FROM public."CUS_HRImport_Department" WHERE "id" = ?]
2025-12-24 11:35:15 - o.s.jdbc.core.JdbcTemplate - Executing prepared SQL update
2025-12-24 11:35:15 - o.s.jdbc.core.JdbcTemplate - Executing prepared SQL statement [UPDATE public."TsUser" SET "FName" = ?, "FMobile" = ?, "FDepartmentId" = ?, "U_EmployeeCore" = ?, "FSeatId" = ? WHERE "FLoginName" = ?]
2025-12-24 11:35:15 - o.s.jdbc.core.JdbcTemplate - Executing prepared SQL update
2025-12-24 11:35:15 - o.s.jdbc.core.JdbcTemplate - Executing prepared SQL statement [UPDATE public."TsAccount" SET "FName" = ?, "FMobile" = ? WHERE "FLoginName" = ?]
2025-12-24 11:35:15 - c.c.h.service.HRDataProcessService - 更新員工: 陳奕馨 (CC056)
2025-12-24 11:35:15 - c.c.h.service.HRDataProcessService - 處理員工: 吳欣栩 (CC070)
2025-12-24 11:35:15 - o.s.jdbc.core.JdbcTemplate - Executing prepared SQL query
2025-12-24 11:35:15 - o.s.jdbc.core.JdbcTemplate - Executing prepared SQL statement [SELECT COUNT(*) FROM public."TsAccount" WHERE "FLoginName" = ?]
2025-12-24 11:35:15 - o.s.jdbc.core.JdbcTemplate - Executing prepared SQL query
2025-12-24 11:35:15 - o.s.jdbc.core.JdbcTemplate - Executing prepared SQL statement [SELECT "id" FROM public."CUS_HRImport_Department" WHERE "full_name" = ?]
2025-12-24 11:35:15 - o.s.jdbc.core.JdbcTemplate - Executing prepared SQL query
2025-12-24 11:35:15 - o.s.jdbc.core.JdbcTemplate - Executing prepared SQL statement [SELECT "tree_level" FROM public."CUS_HRImport_Department" WHERE "id" = ?]
2025-12-24 11:35:15 - o.s.jdbc.core.JdbcTemplate - Executing prepared SQL update
2025-12-24 11:35:15 - o.s.jdbc.core.JdbcTemplate - Executing prepared SQL statement [UPDATE public."TsUser" SET "FName" = ?, "FMobile" = ?, "FDepartmentId" = ?, "U_EmployeeCore" = ?, "FSeatId" = ? WHERE "FLoginName" = ?]
2025-12-24 11:35:15 - o.s.jdbc.core.JdbcTemplate - Executing prepared SQL update
2025-12-24 11:35:15 - o.s.jdbc.core.JdbcTemplate - Executing prepared SQL statement [UPDATE public."TsAccount" SET "FName" = ?, "FMobile" = ? WHERE "FLoginName" = ?]
2025-12-24 11:35:15 - c.c.h.service.HRDataProcessService - 更新員工: 吳欣栩 (CC070)
2025-12-24 11:35:15 - c.c.h.service.HRDataProcessService - 處理員工: 趙子嘉 (CE004)
2025-12-24 11:35:15 - o.s.jdbc.core.JdbcTemplate - Executing prepared SQL query
2025-12-24 11:35:15 - o.s.jdbc.core.JdbcTemplate - Executing prepared SQL statement [SELECT COUNT(*) FROM public."TsAccount" WHERE "FLoginName" = ?]
2025-12-24 11:35:15 - o.s.jdbc.core.JdbcTemplate - Executing prepared SQL query
2025-12-24 11:35:15 - o.s.jdbc.core.JdbcTemplate - Executing prepared SQL statement [SELECT "id" FROM public."CUS_HRImport_Department" WHERE "full_name" = ?]
2025-12-24 11:35:15 - o.s.jdbc.core.JdbcTemplate - Executing prepared SQL query
2025-12-24 11:35:15 - o.s.jdbc.core.JdbcTemplate - Executing prepared SQL statement [SELECT "tree_level" FROM public."CUS_HRImport_Department" WHERE "id" = ?]
2025-12-24 11:35:15 - o.s.jdbc.core.JdbcTemplate - Executing prepared SQL update
2025-12-24 11:35:15 - o.s.jdbc.core.JdbcTemplate - Executing prepared SQL statement [UPDATE public."TsUser" SET "FName" = ?, "FMobile" = ?, "FDepartmentId" = ?, "U_EmployeeCore" = ?, "FSeatId" = ? WHERE "FLoginName" = ?]
2025-12-24 11:35:15 - o.s.jdbc.core.JdbcTemplate - Executing prepared SQL update
2025-12-24 11:35:15 - o.s.jdbc.core.JdbcTemplate - Executing prepared SQL statement [UPDATE public."TsAccount" SET "FName" = ?, "FMobile" = ? WHERE "FLoginName" = ?]
2025-12-24 11:35:15 - c.c.h.service.HRDataProcessService - 更新員工: 趙子嘉 (CE004)
2025-12-24 11:35:15 - c.c.h.service.HRDataProcessService - 處理員工: 廖夢蘋 (CE095)
2025-12-24 11:35:15 - o.s.jdbc.core.JdbcTemplate - Executing prepared SQL query
2025-12-24 11:35:15 - o.s.jdbc.core.JdbcTemplate - Executing prepared SQL statement [SELECT COUNT(*) FROM public."TsAccount" WHERE "FLoginName" = ?]
2025-12-24 11:35:15 - o.s.jdbc.core.JdbcTemplate - Executing prepared SQL query
2025-12-24 11:35:15 - o.s.jdbc.core.JdbcTemplate - Executing prepared SQL statement [SELECT "id" FROM public."CUS_HRImport_Department" WHERE "full_name" = ?]
2025-12-24 11:35:15 - o.s.jdbc.core.JdbcTemplate - Executing prepared SQL query
2025-12-24 11:35:15 - o.s.jdbc.core.JdbcTemplate - Executing prepared SQL statement [SELECT "tree_level" FROM public."CUS_HRImport_Department" WHERE "id" = ?]
2025-12-24 11:35:15 - o.s.jdbc.core.JdbcTemplate - Executing prepared SQL update
2025-12-24 11:35:15 - o.s.jdbc.core.JdbcTemplate - Executing prepared SQL statement [UPDATE public."TsUser" SET "FName" = ?, "FMobile" = ?, "FDepartmentId" = ?, "U_EmployeeCore" = ?, "FSeatId" = ? WHERE "FLoginName" = ?]
2025-12-24 11:35:15 - o.s.jdbc.core.JdbcTemplate - Executing prepared SQL update
2025-12-24 11:35:15 - o.s.jdbc.core.JdbcTemplate - Executing prepared SQL statement [UPDATE public."TsAccount" SET "FName" = ?, "FMobile" = ? WHERE "FLoginName" = ?]
2025-12-24 11:35:15 - c.c.h.service.HRDataProcessService - 更新員工: 廖夢蘋 (CE095)
2025-12-24 11:35:15 - c.c.h.service.HRDataProcessService - 處理員工: 黃景熙 (BK016)
2025-12-24 11:35:15 - o.s.jdbc.core.JdbcTemplate - Executing prepared SQL query
2025-12-24 11:35:15 - o.s.jdbc.core.JdbcTemplate - Executing prepared SQL statement [SELECT COUNT(*) FROM public."TsAccount" WHERE "FLoginName" = ?]
2025-12-24 11:35:15 - o.s.jdbc.core.JdbcTemplate - Executing prepared SQL query
2025-12-24 11:35:15 - o.s.jdbc.core.JdbcTemplate - Executing prepared SQL statement [SELECT "id" FROM public."CUS_HRImport_Department" WHERE "full_name" = ?]
2025-12-24 11:35:15 - o.s.jdbc.core.JdbcTemplate - Executing prepared SQL query
2025-12-24 11:35:15 - o.s.jdbc.core.JdbcTemplate - Executing prepared SQL statement [SELECT "tree_level" FROM public."CUS_HRImport_Department" WHERE "id" = ?]
2025-12-24 11:35:15 - o.s.jdbc.core.JdbcTemplate - Executing prepared SQL update
2025-12-24 11:35:15 - o.s.jdbc.core.JdbcTemplate - Executing prepared SQL statement [UPDATE public."TsUser" SET "FName" = ?, "FMobile" = ?, "FDepartmentId" = ?, "U_EmployeeCore" = ?, "FSeatId" = ? WHERE "FLoginName" = ?]
2025-12-24 11:35:15 - o.s.jdbc.core.JdbcTemplate - Executing prepared SQL update
2025-12-24 11:35:15 - o.s.jdbc.core.JdbcTemplate - Executing prepared SQL statement [UPDATE public."TsAccount" SET "FName" = ?, "FMobile" = ? WHERE "FLoginName" = ?]
2025-12-24 11:35:15 - c.c.h.service.HRDataProcessService - 更新員工: 黃景熙 (BK016)
2025-12-24 11:35:15 - c.c.h.service.HRDataProcessService - 處理員工: 莊彥源 (BK027)
2025-12-24 11:35:15 - o.s.jdbc.core.JdbcTemplate - Executing prepared SQL query
2025-12-24 11:35:15 - o.s.jdbc.core.JdbcTemplate - Executing prepared SQL statement [SELECT COUNT(*) FROM public."TsAccount" WHERE "FLoginName" = ?]
2025-12-24 11:35:15 - o.s.jdbc.core.JdbcTemplate - Executing prepared SQL query
2025-12-24 11:35:15 - o.s.jdbc.core.JdbcTemplate - Executing prepared SQL statement [SELECT "id" FROM public."CUS_HRImport_Department" WHERE "full_name" = ?]
2025-12-24 11:35:15 - o.s.jdbc.core.JdbcTemplate - Executing prepared SQL query
2025-12-24 11:35:15 - o.s.jdbc.core.JdbcTemplate - Executing prepared SQL statement [SELECT "tree_level" FROM public."CUS_HRImport_Department" WHERE "id" = ?]
2025-12-24 11:35:15 - o.s.jdbc.core.JdbcTemplate - Executing prepared SQL update
2025-12-24 11:35:15 - o.s.jdbc.core.JdbcTemplate - Executing prepared SQL statement [UPDATE public."TsUser" SET "FName" = ?, "FMobile" = ?, "FDepartmentId" = ?, "U_EmployeeCore" = ?, "FSeatId" = ? WHERE "FLoginName" = ?]
2025-12-24 11:35:15 - o.s.jdbc.core.JdbcTemplate - Executing prepared SQL update
2025-12-24 11:35:15 - o.s.jdbc.core.JdbcTemplate - Executing prepared SQL statement [UPDATE public."TsAccount" SET "FName" = ?, "FMobile" = ? WHERE "FLoginName" = ?]
2025-12-24 11:35:15 - c.c.h.service.HRDataProcessService - 更新員工: 莊彥源 (BK027)
2025-12-24 11:35:15 - c.c.h.service.HRDataProcessService - 處理員工: 楊芳蓉 (BK041)
2025-12-24 11:35:15 - o.s.jdbc.core.JdbcTemplate - Executing prepared SQL query
2025-12-24 11:35:15 - o.s.jdbc.core.JdbcTemplate - Executing prepared SQL statement [SELECT COUNT(*) FROM public."TsAccount" WHERE "FLoginName" = ?]
2025-12-24 11:35:15 - o.s.jdbc.core.JdbcTemplate - Executing prepared SQL query
2025-12-24 11:35:15 - o.s.jdbc.core.JdbcTemplate - Executing prepared SQL statement [SELECT "id" FROM public."CUS_HRImport_Department" WHERE "full_name" = ?]
2025-12-24 11:35:15 - o.s.jdbc.core.JdbcTemplate - Executing prepared SQL query
2025-12-24 11:35:15 - o.s.jdbc.core.JdbcTemplate - Executing prepared SQL statement [SELECT "tree_level" FROM public."CUS_HRImport_Department" WHERE "id" = ?]
2025-12-24 11:35:15 - o.s.jdbc.core.JdbcTemplate - Executing prepared SQL update
2025-12-24 11:35:15 - o.s.jdbc.core.JdbcTemplate - Executing prepared SQL statement [UPDATE public."TsUser" SET "FName" = ?, "FMobile" = ?, "FDepartmentId" = ?, "U_EmployeeCore" = ?, "FSeatId" = ? WHERE "FLoginName" = ?]
2025-12-24 11:35:15 - o.s.jdbc.core.JdbcTemplate - Executing prepared SQL update
2025-12-24 11:35:15 - o.s.jdbc.core.JdbcTemplate - Executing prepared SQL statement [UPDATE public."TsAccount" SET "FName" = ?, "FMobile" = ? WHERE "FLoginName" = ?]
2025-12-24 11:35:15 - c.c.h.service.HRDataProcessService - 更新員工: 楊芳蓉 (BK041)
2025-12-24 11:35:15 - c.c.h.service.HRDataProcessService - 處理員工: 吳建明 (CC010)
2025-12-24 11:35:15 - o.s.jdbc.core.JdbcTemplate - Executing prepared SQL query
2025-12-24 11:35:15 - o.s.jdbc.core.JdbcTemplate - Executing prepared SQL statement [SELECT COUNT(*) FROM public."TsAccount" WHERE "FLoginName" = ?]
2025-12-24 11:35:15 - o.s.jdbc.core.JdbcTemplate - Executing prepared SQL query
2025-12-24 11:35:15 - o.s.jdbc.core.JdbcTemplate - Executing prepared SQL statement [SELECT "id" FROM public."CUS_HRImport_Department" WHERE "full_name" = ?]
2025-12-24 11:35:15 - o.s.jdbc.core.JdbcTemplate - Executing prepared SQL query
2025-12-24 11:35:15 - o.s.jdbc.core.JdbcTemplate - Executing prepared SQL statement [SELECT "tree_level" FROM public."CUS_HRImport_Department" WHERE "id" = ?]
2025-12-24 11:35:15 - o.s.jdbc.core.JdbcTemplate - Executing prepared SQL update
2025-12-24 11:35:15 - o.s.jdbc.core.JdbcTemplate - Executing prepared SQL statement [UPDATE public."TsUser" SET "FName" = ?, "FMobile" = ?, "FDepartmentId" = ?, "U_EmployeeCore" = ?, "FSeatId" = ? WHERE "FLoginName" = ?]
2025-12-24 11:35:15 - o.s.jdbc.core.JdbcTemplate - Executing prepared SQL update
2025-12-24 11:35:15 - o.s.jdbc.core.JdbcTemplate - Executing prepared SQL statement [UPDATE public."TsAccount" SET "FName" = ?, "FMobile" = ? WHERE "FLoginName" = ?]
2025-12-24 11:35:15 - c.c.h.service.HRDataProcessService - 更新員工: 吳建明 (CC010)
2025-12-24 11:35:15 - c.c.h.service.HRDataProcessService - 處理員工: 張鎂榛 (CF019)
2025-12-24 11:35:15 - o.s.jdbc.core.JdbcTemplate - Executing prepared SQL query
2025-12-24 11:35:15 - o.s.jdbc.core.JdbcTemplate - Executing prepared SQL statement [SELECT COUNT(*) FROM public."TsAccount" WHERE "FLoginName" = ?]
2025-12-24 11:35:15 - o.s.jdbc.core.JdbcTemplate - Executing prepared SQL query
2025-12-24 11:35:15 - o.s.jdbc.core.JdbcTemplate - Executing prepared SQL statement [SELECT "id" FROM public."CUS_HRImport_Department" WHERE "full_name" = ?]
2025-12-24 11:35:15 - o.s.jdbc.core.JdbcTemplate - Executing prepared SQL query
2025-12-24 11:35:15 - o.s.jdbc.core.JdbcTemplate - Executing prepared SQL statement [SELECT "tree_level" FROM public."CUS_HRImport_Department" WHERE "id" = ?]
2025-12-24 11:35:15 - o.s.jdbc.core.JdbcTemplate - Executing prepared SQL update
2025-12-24 11:35:15 - o.s.jdbc.core.JdbcTemplate - Executing prepared SQL statement [UPDATE public."TsUser" SET "FName" = ?, "FMobile" = ?, "FDepartmentId" = ?, "U_EmployeeCore" = ?, "FSeatId" = ? WHERE "FLoginName" = ?]
2025-12-24 11:35:15 - o.s.jdbc.core.JdbcTemplate - Executing prepared SQL update
2025-12-24 11:35:15 - o.s.jdbc.core.JdbcTemplate - Executing prepared SQL statement [UPDATE public."TsAccount" SET "FName" = ?, "FMobile" = ? WHERE "FLoginName" = ?]
2025-12-24 11:35:15 - c.c.h.service.HRDataProcessService - 更新員工: 張鎂榛 (CF019)
2025-12-24 11:35:15 - c.c.h.service.HRDataProcessService - 處理員工: 劉瓊文 (CC069)
2025-12-24 11:35:15 - o.s.jdbc.core.JdbcTemplate - Executing prepared SQL query
2025-12-24 11:35:15 - o.s.jdbc.core.JdbcTemplate - Executing prepared SQL statement [SELECT COUNT(*) FROM public."TsAccount" WHERE "FLoginName" = ?]
2025-12-24 11:35:15 - o.s.jdbc.core.JdbcTemplate - Executing prepared SQL query
2025-12-24 11:35:15 - o.s.jdbc.core.JdbcTemplate - Executing prepared SQL statement [SELECT "id" FROM public."CUS_HRImport_Department" WHERE "full_name" = ?]
2025-12-24 11:35:15 - o.s.jdbc.core.JdbcTemplate - Executing prepared SQL query
2025-12-24 11:35:15 - o.s.jdbc.core.JdbcTemplate - Executing prepared SQL statement [SELECT "tree_level" FROM public."CUS_HRImport_Department" WHERE "id" = ?]
2025-12-24 11:35:15 - o.s.jdbc.core.JdbcTemplate - Executing prepared SQL update
2025-12-24 11:35:15 - o.s.jdbc.core.JdbcTemplate - Executing prepared SQL statement [UPDATE public."TsUser" SET "FName" = ?, "FMobile" = ?, "FDepartmentId" = ?, "U_EmployeeCore" = ?, "FSeatId" = ? WHERE "FLoginName" = ?]
2025-12-24 11:35:15 - o.s.jdbc.core.JdbcTemplate - Executing prepared SQL update
2025-12-24 11:35:15 - o.s.jdbc.core.JdbcTemplate - Executing prepared SQL statement [UPDATE public."TsAccount" SET "FName" = ?, "FMobile" = ? WHERE "FLoginName" = ?]
2025-12-24 11:35:15 - c.c.h.service.HRDataProcessService - 更新員工: 劉瓊文 (CC069)
2025-12-24 11:35:15 - c.c.h.service.HRDataProcessService - 處理員工: 姚彥禎 (CD063)
2025-12-24 11:35:15 - o.s.jdbc.core.JdbcTemplate - Executing prepared SQL query
2025-12-24 11:35:15 - o.s.jdbc.core.JdbcTemplate - Executing prepared SQL statement [SELECT COUNT(*) FROM public."TsAccount" WHERE "FLoginName" = ?]
2025-12-24 11:35:15 - o.s.jdbc.core.JdbcTemplate - Executing prepared SQL query
2025-12-24 11:35:15 - o.s.jdbc.core.JdbcTemplate - Executing prepared SQL statement [SELECT "id" FROM public."CUS_HRImport_Department" WHERE "full_name" = ?]
2025-12-24 11:35:15 - o.s.jdbc.core.JdbcTemplate - Executing prepared SQL query
2025-12-24 11:35:15 - o.s.jdbc.core.JdbcTemplate - Executing prepared SQL statement [SELECT "tree_level" FROM public."CUS_HRImport_Department" WHERE "id" = ?]
2025-12-24 11:35:15 - o.s.jdbc.core.JdbcTemplate - Executing prepared SQL update
2025-12-24 11:35:15 - o.s.jdbc.core.JdbcTemplate - Executing prepared SQL statement [UPDATE public."TsUser" SET "FName" = ?, "FMobile" = ?, "FDepartmentId" = ?, "U_EmployeeCore" = ?, "FSeatId" = ? WHERE "FLoginName" = ?]
2025-12-24 11:35:15 - o.s.jdbc.core.JdbcTemplate - Executing prepared SQL update
2025-12-24 11:35:15 - o.s.jdbc.core.JdbcTemplate - Executing prepared SQL statement [UPDATE public."TsAccount" SET "FName" = ?, "FMobile" = ? WHERE "FLoginName" = ?]
2025-12-24 11:35:15 - c.c.h.service.HRDataProcessService - 更新員工: 姚彥禎 (CD063)
2025-12-24 11:35:15 - c.c.h.service.HRDataProcessService - 處理員工: 林宜賢 (CE081)
2025-12-24 11:35:15 - o.s.jdbc.core.JdbcTemplate - Executing prepared SQL query
2025-12-24 11:35:15 - o.s.jdbc.core.JdbcTemplate - Executing prepared SQL statement [SELECT COUNT(*) FROM public."TsAccount" WHERE "FLoginName" = ?]
2025-12-24 11:35:15 - o.s.jdbc.core.JdbcTemplate - Executing prepared SQL query
2025-12-24 11:35:15 - o.s.jdbc.core.JdbcTemplate - Executing prepared SQL statement [SELECT "id" FROM public."CUS_HRImport_Department" WHERE "full_name" = ?]
2025-12-24 11:35:15 - o.s.jdbc.core.JdbcTemplate - Executing prepared SQL query
2025-12-24 11:35:15 - o.s.jdbc.core.JdbcTemplate - Executing prepared SQL statement [SELECT "tree_level" FROM public."CUS_HRImport_Department" WHERE "id" = ?]
2025-12-24 11:35:15 - o.s.jdbc.core.JdbcTemplate - Executing prepared SQL update
2025-12-24 11:35:15 - o.s.jdbc.core.JdbcTemplate - Executing prepared SQL statement [UPDATE public."TsUser" SET "FName" = ?, "FMobile" = ?, "FDepartmentId" = ?, "U_EmployeeCore" = ?, "FSeatId" = ? WHERE "FLoginName" = ?]
2025-12-24 11:35:15 - o.s.jdbc.core.JdbcTemplate - Executing prepared SQL update
2025-12-24 11:35:15 - o.s.jdbc.core.JdbcTemplate - Executing prepared SQL statement [UPDATE public."TsAccount" SET "FName" = ?, "FMobile" = ? WHERE "FLoginName" = ?]
2025-12-24 11:35:15 - c.c.h.service.HRDataProcessService - 更新員工: 林宜賢 (CE081)
2025-12-24 11:35:15 - c.c.h.service.HRDataProcessService - 處理員工: 楊文昕 (CE057)
2025-12-24 11:35:15 - o.s.jdbc.core.JdbcTemplate - Executing prepared SQL query
2025-12-24 11:35:15 - o.s.jdbc.core.JdbcTemplate - Executing prepared SQL statement [SELECT COUNT(*) FROM public."TsAccount" WHERE "FLoginName" = ?]
2025-12-24 11:35:15 - o.s.jdbc.core.JdbcTemplate - Executing prepared SQL query
2025-12-24 11:35:15 - o.s.jdbc.core.JdbcTemplate - Executing prepared SQL statement [SELECT "id" FROM public."CUS_HRImport_Department" WHERE "full_name" = ?]
2025-12-24 11:35:15 - o.s.jdbc.core.JdbcTemplate - Executing prepared SQL query
2025-12-24 11:35:15 - o.s.jdbc.core.JdbcTemplate - Executing prepared SQL statement [SELECT "tree_level" FROM public."CUS_HRImport_Department" WHERE "id" = ?]
2025-12-24 11:35:15 - o.s.jdbc.core.JdbcTemplate - Executing prepared SQL update
2025-12-24 11:35:15 - o.s.jdbc.core.JdbcTemplate - Executing prepared SQL statement [UPDATE public."TsUser" SET "FName" = ?, "FMobile" = ?, "FDepartmentId" = ?, "U_EmployeeCore" = ?, "FSeatId" = ? WHERE "FLoginName" = ?]
2025-12-24 11:35:15 - o.s.jdbc.core.JdbcTemplate - Executing prepared SQL update
2025-12-24 11:35:15 - o.s.jdbc.core.JdbcTemplate - Executing prepared SQL statement [UPDATE public."TsAccount" SET "FName" = ?, "FMobile" = ? WHERE "FLoginName" = ?]
2025-12-24 11:35:15 - c.c.h.service.HRDataProcessService - 更新員工: 楊文昕 (CE057)
2025-12-24 11:35:15 - c.c.h.service.HRDataProcessService - 處理員工: 魏建華 (CC002)
2025-12-24 11:35:15 - o.s.jdbc.core.JdbcTemplate - Executing prepared SQL query
2025-12-24 11:35:15 - o.s.jdbc.core.JdbcTemplate - Executing prepared SQL statement [SELECT COUNT(*) FROM public."TsAccount" WHERE "FLoginName" = ?]
2025-12-24 11:35:15 - o.s.jdbc.core.JdbcTemplate - Executing prepared SQL query
2025-12-24 11:35:15 - o.s.jdbc.core.JdbcTemplate - Executing prepared SQL statement [SELECT "id" FROM public."CUS_HRImport_Department" WHERE "full_name" = ?]
2025-12-24 11:35:15 - o.s.jdbc.core.JdbcTemplate - Executing prepared SQL query
2025-12-24 11:35:15 - o.s.jdbc.core.JdbcTemplate - Executing prepared SQL statement [SELECT "tree_level" FROM public."CUS_HRImport_Department" WHERE "id" = ?]
2025-12-24 11:35:15 - o.s.jdbc.core.JdbcTemplate - Executing prepared SQL update
2025-12-24 11:35:15 - o.s.jdbc.core.JdbcTemplate - Executing prepared SQL statement [UPDATE public."TsUser" SET "FName" = ?, "FMobile" = ?, "FDepartmentId" = ?, "U_EmployeeCore" = ?, "FSeatId" = ? WHERE "FLoginName" = ?]
2025-12-24 11:35:15 - o.s.jdbc.core.JdbcTemplate - Executing prepared SQL update
2025-12-24 11:35:15 - o.s.jdbc.core.JdbcTemplate - Executing prepared SQL statement [UPDATE public."TsAccount" SET "FName" = ?, "FMobile" = ? WHERE "FLoginName" = ?]
2025-12-24 11:35:15 - c.c.h.service.HRDataProcessService - 更新員工: 魏建華 (CC002)
2025-12-24 11:35:15 - c.c.h.service.HRDataProcessService - 處理員工: 陳威宇 (CC018)
2025-12-24 11:35:15 - o.s.jdbc.core.JdbcTemplate - Executing prepared SQL query
2025-12-24 11:35:15 - o.s.jdbc.core.JdbcTemplate - Executing prepared SQL statement [SELECT COUNT(*) FROM public."TsAccount" WHERE "FLoginName" = ?]
2025-12-24 11:35:15 - o.s.jdbc.core.JdbcTemplate - Executing prepared SQL query
2025-12-24 11:35:15 - o.s.jdbc.core.JdbcTemplate - Executing prepared SQL statement [SELECT "id" FROM public."CUS_HRImport_Department" WHERE "full_name" = ?]
2025-12-24 11:35:15 - o.s.jdbc.core.JdbcTemplate - Executing prepared SQL query
2025-12-24 11:35:15 - o.s.jdbc.core.JdbcTemplate - Executing prepared SQL statement [SELECT "tree_level" FROM public."CUS_HRImport_Department" WHERE "id" = ?]
2025-12-24 11:35:15 - o.s.jdbc.core.JdbcTemplate - Executing prepared SQL update
2025-12-24 11:35:15 - o.s.jdbc.core.JdbcTemplate - Executing prepared SQL statement [UPDATE public."TsUser" SET "FName" = ?, "FMobile" = ?, "FDepartmentId" = ?, "U_EmployeeCore" = ?, "FSeatId" = ? WHERE "FLoginName" = ?]
2025-12-24 11:35:15 - o.s.jdbc.core.JdbcTemplate - Executing prepared SQL update
2025-12-24 11:35:15 - o.s.jdbc.core.JdbcTemplate - Executing prepared SQL statement [UPDATE public."TsAccount" SET "FName" = ?, "FMobile" = ? WHERE "FLoginName" = ?]
2025-12-24 11:35:15 - c.c.h.service.HRDataProcessService - 更新員工: 陳威宇 (CC018)
2025-12-24 11:35:15 - c.c.h.service.HRDataProcessService - 處理員工: 余宗彥 (AG058)
2025-12-24 11:35:15 - o.s.jdbc.core.JdbcTemplate - Executing prepared SQL query
2025-12-24 11:35:15 - o.s.jdbc.core.JdbcTemplate - Executing prepared SQL statement [SELECT COUNT(*) FROM public."TsAccount" WHERE "FLoginName" = ?]
2025-12-24 11:35:15 - o.s.jdbc.core.JdbcTemplate - Executing prepared SQL query
2025-12-24 11:35:15 - o.s.jdbc.core.JdbcTemplate - Executing prepared SQL statement [SELECT "id" FROM public."CUS_HRImport_Department" WHERE "full_name" = ?]
2025-12-24 11:35:15 - o.s.jdbc.core.JdbcTemplate - Executing prepared SQL query
2025-12-24 11:35:15 - o.s.jdbc.core.JdbcTemplate - Executing prepared SQL statement [SELECT "tree_level" FROM public."CUS_HRImport_Department" WHERE "id" = ?]
2025-12-24 11:35:15 - o.s.jdbc.core.JdbcTemplate - Executing prepared SQL update
2025-12-24 11:35:15 - o.s.jdbc.core.JdbcTemplate - Executing prepared SQL statement [UPDATE public."TsUser" SET "FName" = ?, "FMobile" = ?, "FDepartmentId" = ?, "U_EmployeeCore" = ?, "FSeatId" = ? WHERE "FLoginName" = ?]
2025-12-24 11:35:15 - o.s.jdbc.core.JdbcTemplate - Executing prepared SQL update
2025-12-24 11:35:15 - o.s.jdbc.core.JdbcTemplate - Executing prepared SQL statement [UPDATE public."TsAccount" SET "FName" = ?, "FMobile" = ? WHERE "FLoginName" = ?]
2025-12-24 11:35:15 - c.c.h.service.HRDataProcessService - 更新員工: 余宗彥 (AG058)
2025-12-24 11:35:15 - c.c.h.service.HRDataProcessService - 處理員工: 楊禎鳳 (AJ058)
2025-12-24 11:35:15 - o.s.jdbc.core.JdbcTemplate - Executing prepared SQL query
2025-12-24 11:35:15 - o.s.jdbc.core.JdbcTemplate - Executing prepared SQL statement [SELECT COUNT(*) FROM public."TsAccount" WHERE "FLoginName" = ?]
2025-12-24 11:35:15 - o.s.jdbc.core.JdbcTemplate - Executing prepared SQL query
2025-12-24 11:35:15 - o.s.jdbc.core.JdbcTemplate - Executing prepared SQL statement [SELECT "id" FROM public."CUS_HRImport_Department" WHERE "full_name" = ?]
2025-12-24 11:35:15 - o.s.jdbc.core.JdbcTemplate - Executing prepared SQL query
2025-12-24 11:35:15 - o.s.jdbc.core.JdbcTemplate - Executing prepared SQL statement [SELECT "tree_level" FROM public."CUS_HRImport_Department" WHERE "id" = ?]
2025-12-24 11:35:15 - o.s.jdbc.core.JdbcTemplate - Executing prepared SQL update
2025-12-24 11:35:15 - o.s.jdbc.core.JdbcTemplate - Executing prepared SQL statement [UPDATE public."TsUser" SET "FName" = ?, "FMobile" = ?, "FDepartmentId" = ?, "U_EmployeeCore" = ?, "FSeatId" = ? WHERE "FLoginName" = ?]
2025-12-24 11:35:15 - o.s.jdbc.core.JdbcTemplate - Executing prepared SQL update
2025-12-24 11:35:15 - o.s.jdbc.core.JdbcTemplate - Executing prepared SQL statement [UPDATE public."TsAccount" SET "FName" = ?, "FMobile" = ? WHERE "FLoginName" = ?]
2025-12-24 11:35:15 - c.c.h.service.HRDataProcessService - 更新員工: 楊禎鳳 (AJ058)
2025-12-24 11:35:15 - c.c.h.service.HRDataProcessService - 處理員工: 郭尚鑫 (BJ079)
2025-12-24 11:35:15 - o.s.jdbc.core.JdbcTemplate - Executing prepared SQL query
2025-12-24 11:35:15 - o.s.jdbc.core.JdbcTemplate - Executing prepared SQL statement [SELECT COUNT(*) FROM public."TsAccount" WHERE "FLoginName" = ?]
2025-12-24 11:35:15 - o.s.jdbc.core.JdbcTemplate - Executing prepared SQL query
2025-12-24 11:35:15 - o.s.jdbc.core.JdbcTemplate - Executing prepared SQL statement [SELECT "id" FROM public."CUS_HRImport_Department" WHERE "full_name" = ?]
2025-12-24 11:35:15 - o.s.jdbc.core.JdbcTemplate - Executing prepared SQL query
2025-12-24 11:35:15 - o.s.jdbc.core.JdbcTemplate - Executing prepared SQL statement [SELECT "tree_level" FROM public."CUS_HRImport_Department" WHERE "id" = ?]
2025-12-24 11:35:15 - o.s.jdbc.core.JdbcTemplate - Executing prepared SQL update
2025-12-24 11:35:15 - o.s.jdbc.core.JdbcTemplate - Executing prepared SQL statement [UPDATE public."TsUser" SET "FName" = ?, "FMobile" = ?, "FDepartmentId" = ?, "U_EmployeeCore" = ?, "FSeatId" = ? WHERE "FLoginName" = ?]
2025-12-24 11:35:15 - o.s.jdbc.core.JdbcTemplate - Executing prepared SQL update
2025-12-24 11:35:15 - o.s.jdbc.core.JdbcTemplate - Executing prepared SQL statement [UPDATE public."TsAccount" SET "FName" = ?, "FMobile" = ? WHERE "FLoginName" = ?]
2025-12-24 11:35:15 - c.c.h.service.HRDataProcessService - 更新員工: 郭尚鑫 (BJ079)
2025-12-24 11:35:15 - c.c.h.service.HRDataProcessService - 處理員工: 簡雯欣 (CE037)
2025-12-24 11:35:15 - o.s.jdbc.core.JdbcTemplate - Executing prepared SQL query
2025-12-24 11:35:15 - o.s.jdbc.core.JdbcTemplate - Executing prepared SQL statement [SELECT COUNT(*) FROM public."TsAccount" WHERE "FLoginName" = ?]
2025-12-24 11:35:15 - o.s.jdbc.core.JdbcTemplate - Executing prepared SQL query
2025-12-24 11:35:15 - o.s.jdbc.core.JdbcTemplate - Executing prepared SQL statement [SELECT "id" FROM public."CUS_HRImport_Department" WHERE "full_name" = ?]
2025-12-24 11:35:15 - o.s.jdbc.core.JdbcTemplate - Executing prepared SQL query
2025-12-24 11:35:15 - o.s.jdbc.core.JdbcTemplate - Executing prepared SQL statement [SELECT "tree_level" FROM public."CUS_HRImport_Department" WHERE "id" = ?]
2025-12-24 11:35:15 - o.s.jdbc.core.JdbcTemplate - Executing prepared SQL update
2025-12-24 11:35:15 - o.s.jdbc.core.JdbcTemplate - Executing prepared SQL statement [UPDATE public."TsUser" SET "FName" = ?, "FMobile" = ?, "FDepartmentId" = ?, "U_EmployeeCore" = ?, "FSeatId" = ? WHERE "FLoginName" = ?]
2025-12-24 11:35:15 - o.s.jdbc.core.JdbcTemplate - Executing prepared SQL update
2025-12-24 11:35:15 - o.s.jdbc.core.JdbcTemplate - Executing prepared SQL statement [UPDATE public."TsAccount" SET "FName" = ?, "FMobile" = ? WHERE "FLoginName" = ?]
2025-12-24 11:35:15 - c.c.h.service.HRDataProcessService - 更新員工: 簡雯欣 (CE037)
2025-12-24 11:35:15 - c.c.h.service.HRDataProcessService - 處理員工: 呂佳芳 (BG032)
2025-12-24 11:35:15 - o.s.jdbc.core.JdbcTemplate - Executing prepared SQL query
2025-12-24 11:35:15 - o.s.jdbc.core.JdbcTemplate - Executing prepared SQL statement [SELECT COUNT(*) FROM public."TsAccount" WHERE "FLoginName" = ?]
2025-12-24 11:35:15 - o.s.jdbc.core.JdbcTemplate - Executing prepared SQL query
2025-12-24 11:35:15 - o.s.jdbc.core.JdbcTemplate - Executing prepared SQL statement [SELECT "id" FROM public."CUS_HRImport_Department" WHERE "full_name" = ?]
2025-12-24 11:35:15 - o.s.jdbc.core.JdbcTemplate - Executing prepared SQL query
2025-12-24 11:35:15 - o.s.jdbc.core.JdbcTemplate - Executing prepared SQL statement [SELECT "tree_level" FROM public."CUS_HRImport_Department" WHERE "id" = ?]
2025-12-24 11:35:15 - o.s.jdbc.core.JdbcTemplate - Executing prepared SQL update
2025-12-24 11:35:15 - o.s.jdbc.core.JdbcTemplate - Executing prepared SQL statement [UPDATE public."TsUser" SET "FName" = ?, "FMobile" = ?, "FDepartmentId" = ?, "U_EmployeeCore" = ?, "FSeatId" = ? WHERE "FLoginName" = ?]
2025-12-24 11:35:15 - o.s.jdbc.core.JdbcTemplate - Executing prepared SQL update
2025-12-24 11:35:15 - o.s.jdbc.core.JdbcTemplate - Executing prepared SQL statement [UPDATE public."TsAccount" SET "FName" = ?, "FMobile" = ? WHERE "FLoginName" = ?]
2025-12-24 11:35:15 - c.c.h.service.HRDataProcessService - 更新員工: 呂佳芳 (BG032)
2025-12-24 11:35:15 - c.c.h.service.HRDataProcessService - 處理員工: 陳婷婷 (BH115)
2025-12-24 11:35:15 - o.s.jdbc.core.JdbcTemplate - Executing prepared SQL query
2025-12-24 11:35:15 - o.s.jdbc.core.JdbcTemplate - Executing prepared SQL statement [SELECT COUNT(*) FROM public."TsAccount" WHERE "FLoginName" = ?]
2025-12-24 11:35:15 - o.s.jdbc.core.JdbcTemplate - Executing prepared SQL query
2025-12-24 11:35:15 - o.s.jdbc.core.JdbcTemplate - Executing prepared SQL statement [SELECT "id" FROM public."CUS_HRImport_Department" WHERE "full_name" = ?]
2025-12-24 11:35:15 - o.s.jdbc.core.JdbcTemplate - Executing prepared SQL query
2025-12-24 11:35:15 - o.s.jdbc.core.JdbcTemplate - Executing prepared SQL statement [SELECT "tree_level" FROM public."CUS_HRImport_Department" WHERE "id" = ?]
2025-12-24 11:35:15 - o.s.jdbc.core.JdbcTemplate - Executing prepared SQL update
2025-12-24 11:35:15 - o.s.jdbc.core.JdbcTemplate - Executing prepared SQL statement [UPDATE public."TsUser" SET "FName" = ?, "FMobile" = ?, "FDepartmentId" = ?, "U_EmployeeCore" = ?, "FSeatId" = ? WHERE "FLoginName" = ?]
2025-12-24 11:35:15 - o.s.jdbc.core.JdbcTemplate - Executing prepared SQL update
2025-12-24 11:35:15 - o.s.jdbc.core.JdbcTemplate - Executing prepared SQL statement [UPDATE public."TsAccount" SET "FName" = ?, "FMobile" = ? WHERE "FLoginName" = ?]
2025-12-24 11:35:15 - c.c.h.service.HRDataProcessService - 更新員工: 陳婷婷 (BH115)
2025-12-24 11:35:15 - c.c.h.service.HRDataProcessService - 處理員工: 呂順燈 (AG081)
2025-12-24 11:35:15 - o.s.jdbc.core.JdbcTemplate - Executing prepared SQL query
2025-12-24 11:35:15 - o.s.jdbc.core.JdbcTemplate - Executing prepared SQL statement [SELECT COUNT(*) FROM public."TsAccount" WHERE "FLoginName" = ?]
2025-12-24 11:35:15 - o.s.jdbc.core.JdbcTemplate - Executing prepared SQL query
2025-12-24 11:35:15 - o.s.jdbc.core.JdbcTemplate - Executing prepared SQL statement [SELECT "id" FROM public."CUS_HRImport_Department" WHERE "full_name" = ?]
2025-12-24 11:35:15 - o.s.jdbc.core.JdbcTemplate - Executing prepared SQL query
2025-12-24 11:35:15 - o.s.jdbc.core.JdbcTemplate - Executing prepared SQL statement [SELECT "tree_level" FROM public."CUS_HRImport_Department" WHERE "id" = ?]
2025-12-24 11:35:15 - o.s.jdbc.core.JdbcTemplate - Executing prepared SQL update
2025-12-24 11:35:15 - o.s.jdbc.core.JdbcTemplate - Executing prepared SQL statement [UPDATE public."TsUser" SET "FName" = ?, "FMobile" = ?, "FDepartmentId" = ?, "U_EmployeeCore" = ?, "FSeatId" = ? WHERE "FLoginName" = ?]
2025-12-24 11:35:15 - o.s.jdbc.core.JdbcTemplate - Executing prepared SQL update
2025-12-24 11:35:15 - o.s.jdbc.core.JdbcTemplate - Executing prepared SQL statement [UPDATE public."TsAccount" SET "FName" = ?, "FMobile" = ? WHERE "FLoginName" = ?]
2025-12-24 11:35:15 - c.c.h.service.HRDataProcessService - 更新員工: 呂順燈 (AG081)
2025-12-24 11:35:15 - c.c.h.service.HRDataProcessService - 處理員工: 王傳仁 (AG241)
2025-12-24 11:35:15 - o.s.jdbc.core.JdbcTemplate - Executing prepared SQL query
2025-12-24 11:35:15 - o.s.jdbc.core.JdbcTemplate - Executing prepared SQL statement [SELECT COUNT(*) FROM public."TsAccount" WHERE "FLoginName" = ?]
2025-12-24 11:35:15 - o.s.jdbc.core.JdbcTemplate - Executing prepared SQL query
2025-12-24 11:35:15 - o.s.jdbc.core.JdbcTemplate - Executing prepared SQL statement [SELECT "id" FROM public."CUS_HRImport_Department" WHERE "full_name" = ?]
2025-12-24 11:35:15 - o.s.jdbc.core.JdbcTemplate - Executing prepared SQL query
2025-12-24 11:35:15 - o.s.jdbc.core.JdbcTemplate - Executing prepared SQL statement [SELECT "tree_level" FROM public."CUS_HRImport_Department" WHERE "id" = ?]
2025-12-24 11:35:15 - o.s.jdbc.core.JdbcTemplate - Executing prepared SQL update
2025-12-24 11:35:15 - o.s.jdbc.core.JdbcTemplate - Executing prepared SQL statement [UPDATE public."TsUser" SET "FName" = ?, "FMobile" = ?, "FDepartmentId" = ?, "U_EmployeeCore" = ?, "FSeatId" = ? WHERE "FLoginName" = ?]
2025-12-24 11:35:15 - o.s.jdbc.core.JdbcTemplate - Executing prepared SQL update
2025-12-24 11:35:15 - o.s.jdbc.core.JdbcTemplate - Executing prepared SQL statement [UPDATE public."TsAccount" SET "FName" = ?, "FMobile" = ? WHERE "FLoginName" = ?]
2025-12-24 11:35:15 - c.c.h.service.HRDataProcessService - 更新員工: 王傳仁 (AG241)
2025-12-24 11:35:15 - c.c.h.service.HRDataProcessService - 處理員工: 蔡宜芳 (CD034)
2025-12-24 11:35:15 - o.s.jdbc.core.JdbcTemplate - Executing prepared SQL query
2025-12-24 11:35:15 - o.s.jdbc.core.JdbcTemplate - Executing prepared SQL statement [SELECT COUNT(*) FROM public."TsAccount" WHERE "FLoginName" = ?]
2025-12-24 11:35:15 - o.s.jdbc.core.JdbcTemplate - Executing prepared SQL query
2025-12-24 11:35:15 - o.s.jdbc.core.JdbcTemplate - Executing prepared SQL statement [SELECT "id" FROM public."CUS_HRImport_Department" WHERE "full_name" = ?]
2025-12-24 11:35:15 - o.s.jdbc.core.JdbcTemplate - Executing prepared SQL query
2025-12-24 11:35:15 - o.s.jdbc.core.JdbcTemplate - Executing prepared SQL statement [SELECT "tree_level" FROM public."CUS_HRImport_Department" WHERE "id" = ?]
2025-12-24 11:35:15 - o.s.jdbc.core.JdbcTemplate - Executing prepared SQL update
2025-12-24 11:35:15 - o.s.jdbc.core.JdbcTemplate - Executing prepared SQL statement [UPDATE public."TsUser" SET "FName" = ?, "FMobile" = ?, "FDepartmentId" = ?, "U_EmployeeCore" = ?, "FSeatId" = ? WHERE "FLoginName" = ?]
2025-12-24 11:35:15 - o.s.jdbc.core.JdbcTemplate - Executing prepared SQL update
2025-12-24 11:35:15 - o.s.jdbc.core.JdbcTemplate - Executing prepared SQL statement [UPDATE public."TsAccount" SET "FName" = ?, "FMobile" = ? WHERE "FLoginName" = ?]
2025-12-24 11:35:15 - c.c.h.service.HRDataProcessService - 更新員工: 蔡宜芳 (CD034)
2025-12-24 11:35:15 - c.c.h.service.HRDataProcessService - 處理員工: 洪怡君 (AG280)
2025-12-24 11:35:15 - o.s.jdbc.core.JdbcTemplate - Executing prepared SQL query
2025-12-24 11:35:15 - o.s.jdbc.core.JdbcTemplate - Executing prepared SQL statement [SELECT COUNT(*) FROM public."TsAccount" WHERE "FLoginName" = ?]
2025-12-24 11:35:15 - o.s.jdbc.core.JdbcTemplate - Executing prepared SQL query
2025-12-24 11:35:15 - o.s.jdbc.core.JdbcTemplate - Executing prepared SQL statement [SELECT "id" FROM public."CUS_HRImport_Department" WHERE "full_name" = ?]
2025-12-24 11:35:15 - o.s.jdbc.core.JdbcTemplate - Executing prepared SQL query
2025-12-24 11:35:15 - o.s.jdbc.core.JdbcTemplate - Executing prepared SQL statement [SELECT "tree_level" FROM public."CUS_HRImport_Department" WHERE "id" = ?]
2025-12-24 11:35:15 - o.s.jdbc.core.JdbcTemplate - Executing prepared SQL update
2025-12-24 11:35:15 - o.s.jdbc.core.JdbcTemplate - Executing prepared SQL statement [UPDATE public."TsUser" SET "FName" = ?, "FMobile" = ?, "FDepartmentId" = ?, "U_EmployeeCore" = ?, "FSeatId" = ? WHERE "FLoginName" = ?]
2025-12-24 11:35:15 - o.s.jdbc.core.JdbcTemplate - Executing prepared SQL update
2025-12-24 11:35:15 - o.s.jdbc.core.JdbcTemplate - Executing prepared SQL statement [UPDATE public."TsAccount" SET "FName" = ?, "FMobile" = ? WHERE "FLoginName" = ?]
2025-12-24 11:35:15 - c.c.h.service.HRDataProcessService - 更新員工: 洪怡君 (AG280)
2025-12-24 11:35:15 - c.c.h.service.HRDataProcessService - 處理員工: 謝思敏 (BF130)
2025-12-24 11:35:15 - o.s.jdbc.core.JdbcTemplate - Executing prepared SQL query
2025-12-24 11:35:15 - o.s.jdbc.core.JdbcTemplate - Executing prepared SQL statement [SELECT COUNT(*) FROM public."TsAccount" WHERE "FLoginName" = ?]
2025-12-24 11:35:15 - o.s.jdbc.core.JdbcTemplate - Executing prepared SQL query
2025-12-24 11:35:15 - o.s.jdbc.core.JdbcTemplate - Executing prepared SQL statement [SELECT "id" FROM public."CUS_HRImport_Department" WHERE "full_name" = ?]
2025-12-24 11:35:15 - o.s.jdbc.core.JdbcTemplate - Executing prepared SQL query
2025-12-24 11:35:15 - o.s.jdbc.core.JdbcTemplate - Executing prepared SQL statement [SELECT "tree_level" FROM public."CUS_HRImport_Department" WHERE "id" = ?]
2025-12-24 11:35:15 - o.s.jdbc.core.JdbcTemplate - Executing prepared SQL update
2025-12-24 11:35:15 - o.s.jdbc.core.JdbcTemplate - Executing prepared SQL statement [UPDATE public."TsUser" SET "FName" = ?, "FMobile" = ?, "FDepartmentId" = ?, "U_EmployeeCore" = ?, "FSeatId" = ? WHERE "FLoginName" = ?]
2025-12-24 11:35:15 - o.s.jdbc.core.JdbcTemplate - Executing prepared SQL update
2025-12-24 11:35:15 - o.s.jdbc.core.JdbcTemplate - Executing prepared SQL statement [UPDATE public."TsAccount" SET "FName" = ?, "FMobile" = ? WHERE "FLoginName" = ?]
2025-12-24 11:35:15 - c.c.h.service.HRDataProcessService - 更新員工: 謝思敏 (BF130)
2025-12-24 11:35:15 - c.c.h.service.HRDataProcessService - 處理員工: 楊皓晴 (BG113)
2025-12-24 11:35:15 - o.s.jdbc.core.JdbcTemplate - Executing prepared SQL query
2025-12-24 11:35:15 - o.s.jdbc.core.JdbcTemplate - Executing prepared SQL statement [SELECT COUNT(*) FROM public."TsAccount" WHERE "FLoginName" = ?]
2025-12-24 11:35:15 - o.s.jdbc.core.JdbcTemplate - Executing prepared SQL query
2025-12-24 11:35:15 - o.s.jdbc.core.JdbcTemplate - Executing prepared SQL statement [SELECT "id" FROM public."CUS_HRImport_Department" WHERE "full_name" = ?]
2025-12-24 11:35:15 - o.s.jdbc.core.JdbcTemplate - Executing prepared SQL query
2025-12-24 11:35:15 - o.s.jdbc.core.JdbcTemplate - Executing prepared SQL statement [SELECT "tree_level" FROM public."CUS_HRImport_Department" WHERE "id" = ?]
2025-12-24 11:35:15 - o.s.jdbc.core.JdbcTemplate - Executing prepared SQL update
2025-12-24 11:35:15 - o.s.jdbc.core.JdbcTemplate - Executing prepared SQL statement [UPDATE public."TsUser" SET "FName" = ?, "FMobile" = ?, "FDepartmentId" = ?, "U_EmployeeCore" = ?, "FSeatId" = ? WHERE "FLoginName" = ?]
2025-12-24 11:35:15 - o.s.jdbc.core.JdbcTemplate - Executing prepared SQL update
2025-12-24 11:35:15 - o.s.jdbc.core.JdbcTemplate - Executing prepared SQL statement [UPDATE public."TsAccount" SET "FName" = ?, "FMobile" = ? WHERE "FLoginName" = ?]
2025-12-24 11:35:15 - c.c.h.service.HRDataProcessService - 更新員工: 楊皓晴 (BG113)
2025-12-24 11:35:15 - c.c.h.service.HRDataProcessService - 處理員工: 黃姿陵 (BH166)
2025-12-24 11:35:15 - o.s.jdbc.core.JdbcTemplate - Executing prepared SQL query
2025-12-24 11:35:15 - o.s.jdbc.core.JdbcTemplate - Executing prepared SQL statement [SELECT COUNT(*) FROM public."TsAccount" WHERE "FLoginName" = ?]
2025-12-24 11:35:15 - o.s.jdbc.core.JdbcTemplate - Executing prepared SQL query
2025-12-24 11:35:15 - o.s.jdbc.core.JdbcTemplate - Executing prepared SQL statement [SELECT "id" FROM public."CUS_HRImport_Department" WHERE "full_name" = ?]
2025-12-24 11:35:15 - o.s.jdbc.core.JdbcTemplate - Executing prepared SQL query
2025-12-24 11:35:15 - o.s.jdbc.core.JdbcTemplate - Executing prepared SQL statement [SELECT "tree_level" FROM public."CUS_HRImport_Department" WHERE "id" = ?]
2025-12-24 11:35:15 - o.s.jdbc.core.JdbcTemplate - Executing prepared SQL update
2025-12-24 11:35:15 - o.s.jdbc.core.JdbcTemplate - Executing prepared SQL statement [UPDATE public."TsUser" SET "FName" = ?, "FMobile" = ?, "FDepartmentId" = ?, "U_EmployeeCore" = ?, "FSeatId" = ? WHERE "FLoginName" = ?]
2025-12-24 11:35:15 - o.s.jdbc.core.JdbcTemplate - Executing prepared SQL update
2025-12-24 11:35:15 - o.s.jdbc.core.JdbcTemplate - Executing prepared SQL statement [UPDATE public."TsAccount" SET "FName" = ?, "FMobile" = ? WHERE "FLoginName" = ?]
2025-12-24 11:35:15 - c.c.h.service.HRDataProcessService - 更新員工: 黃姿陵 (BH166)
2025-12-24 11:35:15 - c.c.h.service.HRDataProcessService - 處理員工: 邱千芳 (BL022)
2025-12-24 11:35:15 - o.s.jdbc.core.JdbcTemplate - Executing prepared SQL query
2025-12-24 11:35:15 - o.s.jdbc.core.JdbcTemplate - Executing prepared SQL statement [SELECT COUNT(*) FROM public."TsAccount" WHERE "FLoginName" = ?]
2025-12-24 11:35:15 - o.s.jdbc.core.JdbcTemplate - Executing prepared SQL query
2025-12-24 11:35:15 - o.s.jdbc.core.JdbcTemplate - Executing prepared SQL statement [SELECT "id" FROM public."CUS_HRImport_Department" WHERE "full_name" = ?]
2025-12-24 11:35:15 - o.s.jdbc.core.JdbcTemplate - Executing prepared SQL query
2025-12-24 11:35:15 - o.s.jdbc.core.JdbcTemplate - Executing prepared SQL statement [SELECT "tree_level" FROM public."CUS_HRImport_Department" WHERE "id" = ?]
2025-12-24 11:35:15 - o.s.jdbc.core.JdbcTemplate - Executing prepared SQL update
2025-12-24 11:35:15 - o.s.jdbc.core.JdbcTemplate - Executing prepared SQL statement [UPDATE public."TsUser" SET "FName" = ?, "FMobile" = ?, "FDepartmentId" = ?, "U_EmployeeCore" = ?, "FSeatId" = ? WHERE "FLoginName" = ?]
2025-12-24 11:35:15 - o.s.jdbc.core.JdbcTemplate - Executing prepared SQL update
2025-12-24 11:35:15 - o.s.jdbc.core.JdbcTemplate - Executing prepared SQL statement [UPDATE public."TsAccount" SET "FName" = ?, "FMobile" = ? WHERE "FLoginName" = ?]
2025-12-24 11:35:15 - c.c.h.service.HRDataProcessService - 更新員工: 邱千芳 (BL022)
2025-12-24 11:35:15 - c.c.h.service.HRDataProcessService - 處理員工: 潘以宸 (CF038)
2025-12-24 11:35:15 - o.s.jdbc.core.JdbcTemplate - Executing prepared SQL query
2025-12-24 11:35:15 - o.s.jdbc.core.JdbcTemplate - Executing prepared SQL statement [SELECT COUNT(*) FROM public."TsAccount" WHERE "FLoginName" = ?]
2025-12-24 11:35:15 - o.s.jdbc.core.JdbcTemplate - Executing prepared SQL query
2025-12-24 11:35:15 - o.s.jdbc.core.JdbcTemplate - Executing prepared SQL statement [SELECT "id" FROM public."CUS_HRImport_Department" WHERE "full_name" = ?]
2025-12-24 11:35:15 - o.s.jdbc.core.JdbcTemplate - Executing prepared SQL query
2025-12-24 11:35:15 - o.s.jdbc.core.JdbcTemplate - Executing prepared SQL statement [SELECT "tree_level" FROM public."CUS_HRImport_Department" WHERE "id" = ?]
2025-12-24 11:35:15 - o.s.jdbc.core.JdbcTemplate - Executing prepared SQL update
2025-12-24 11:35:15 - o.s.jdbc.core.JdbcTemplate - Executing prepared SQL statement [UPDATE public."TsUser" SET "FName" = ?, "FMobile" = ?, "FDepartmentId" = ?, "U_EmployeeCore" = ?, "FSeatId" = ? WHERE "FLoginName" = ?]
2025-12-24 11:35:15 - o.s.jdbc.core.JdbcTemplate - Executing prepared SQL update
2025-12-24 11:35:15 - o.s.jdbc.core.JdbcTemplate - Executing prepared SQL statement [UPDATE public."TsAccount" SET "FName" = ?, "FMobile" = ? WHERE "FLoginName" = ?]
2025-12-24 11:35:15 - c.c.h.service.HRDataProcessService - 更新員工: 潘以宸 (CF038)
2025-12-24 11:35:15 - c.c.h.service.HRDataProcessService - 處理員工: 黃俊顏 (AG078)
2025-12-24 11:35:15 - o.s.jdbc.core.JdbcTemplate - Executing prepared SQL query
2025-12-24 11:35:15 - o.s.jdbc.core.JdbcTemplate - Executing prepared SQL statement [SELECT COUNT(*) FROM public."TsAccount" WHERE "FLoginName" = ?]
2025-12-24 11:35:15 - o.s.jdbc.core.JdbcTemplate - Executing prepared SQL query
2025-12-24 11:35:15 - o.s.jdbc.core.JdbcTemplate - Executing prepared SQL statement [SELECT "id" FROM public."CUS_HRImport_Department" WHERE "full_name" = ?]
2025-12-24 11:35:15 - o.s.jdbc.core.JdbcTemplate - Executing prepared SQL query
2025-12-24 11:35:15 - o.s.jdbc.core.JdbcTemplate - Executing prepared SQL statement [SELECT "tree_level" FROM public."CUS_HRImport_Department" WHERE "id" = ?]
2025-12-24 11:35:15 - o.s.jdbc.core.JdbcTemplate - Executing prepared SQL update
2025-12-24 11:35:15 - o.s.jdbc.core.JdbcTemplate - Executing prepared SQL statement [UPDATE public."TsUser" SET "FName" = ?, "FMobile" = ?, "FDepartmentId" = ?, "U_EmployeeCore" = ?, "FSeatId" = ? WHERE "FLoginName" = ?]
2025-12-24 11:35:15 - o.s.jdbc.core.JdbcTemplate - Executing prepared SQL update
2025-12-24 11:35:15 - o.s.jdbc.core.JdbcTemplate - Executing prepared SQL statement [UPDATE public."TsAccount" SET "FName" = ?, "FMobile" = ? WHERE "FLoginName" = ?]
2025-12-24 11:35:15 - c.c.h.service.HRDataProcessService - 更新員工: 黃俊顏 (AG078)
2025-12-24 11:35:15 - c.c.h.service.HRDataProcessService - 處理員工: 邱怡泓 (AG098)
2025-12-24 11:35:15 - o.s.jdbc.core.JdbcTemplate - Executing prepared SQL query
2025-12-24 11:35:15 - o.s.jdbc.core.JdbcTemplate - Executing prepared SQL statement [SELECT COUNT(*) FROM public."TsAccount" WHERE "FLoginName" = ?]
2025-12-24 11:35:15 - o.s.jdbc.core.JdbcTemplate - Executing prepared SQL query
2025-12-24 11:35:15 - o.s.jdbc.core.JdbcTemplate - Executing prepared SQL statement [SELECT "id" FROM public."CUS_HRImport_Department" WHERE "full_name" = ?]
2025-12-24 11:35:15 - o.s.jdbc.core.JdbcTemplate - Executing prepared SQL query
2025-12-24 11:35:15 - o.s.jdbc.core.JdbcTemplate - Executing prepared SQL statement [SELECT "tree_level" FROM public."CUS_HRImport_Department" WHERE "id" = ?]
2025-12-24 11:35:15 - o.s.jdbc.core.JdbcTemplate - Executing prepared SQL update
2025-12-24 11:35:15 - o.s.jdbc.core.JdbcTemplate - Executing prepared SQL statement [UPDATE public."TsUser" SET "FName" = ?, "FMobile" = ?, "FDepartmentId" = ?, "U_EmployeeCore" = ?, "FSeatId" = ? WHERE "FLoginName" = ?]
2025-12-24 11:35:15 - o.s.jdbc.core.JdbcTemplate - Executing prepared SQL update
2025-12-24 11:35:15 - o.s.jdbc.core.JdbcTemplate - Executing prepared SQL statement [UPDATE public."TsAccount" SET "FName" = ?, "FMobile" = ? WHERE "FLoginName" = ?]
2025-12-24 11:35:15 - c.c.h.service.HRDataProcessService - 更新員工: 邱怡泓 (AG098)
2025-12-24 11:35:15 - c.c.h.service.HRDataProcessService - 處理員工: 陳銀成 (AJ098)
2025-12-24 11:35:15 - o.s.jdbc.core.JdbcTemplate - Executing prepared SQL query
2025-12-24 11:35:15 - o.s.jdbc.core.JdbcTemplate - Executing prepared SQL statement [SELECT COUNT(*) FROM public."TsAccount" WHERE "FLoginName" = ?]
2025-12-24 11:35:15 - o.s.jdbc.core.JdbcTemplate - Executing prepared SQL query
2025-12-24 11:35:15 - o.s.jdbc.core.JdbcTemplate - Executing prepared SQL statement [SELECT "id" FROM public."CUS_HRImport_Department" WHERE "full_name" = ?]
2025-12-24 11:35:15 - o.s.jdbc.core.JdbcTemplate - Executing prepared SQL query
2025-12-24 11:35:15 - o.s.jdbc.core.JdbcTemplate - Executing prepared SQL statement [SELECT "tree_level" FROM public."CUS_HRImport_Department" WHERE "id" = ?]
2025-12-24 11:35:15 - o.s.jdbc.core.JdbcTemplate - Executing prepared SQL update
2025-12-24 11:35:15 - o.s.jdbc.core.JdbcTemplate - Executing prepared SQL statement [UPDATE public."TsUser" SET "FName" = ?, "FMobile" = ?, "FDepartmentId" = ?, "U_EmployeeCore" = ?, "FSeatId" = ? WHERE "FLoginName" = ?]
2025-12-24 11:35:15 - o.s.jdbc.core.JdbcTemplate - Executing prepared SQL update
2025-12-24 11:35:15 - o.s.jdbc.core.JdbcTemplate - Executing prepared SQL statement [UPDATE public."TsAccount" SET "FName" = ?, "FMobile" = ? WHERE "FLoginName" = ?]
2025-12-24 11:35:15 - c.c.h.service.HRDataProcessService - 更新員工: 陳銀成 (AJ098)
2025-12-24 11:35:15 - c.c.h.service.HRDataProcessService - 處理員工: 許安瑜 (BG026)
2025-12-24 11:35:15 - o.s.jdbc.core.JdbcTemplate - Executing prepared SQL query
2025-12-24 11:35:15 - o.s.jdbc.core.JdbcTemplate - Executing prepared SQL statement [SELECT COUNT(*) FROM public."TsAccount" WHERE "FLoginName" = ?]
2025-12-24 11:35:15 - o.s.jdbc.core.JdbcTemplate - Executing prepared SQL query
2025-12-24 11:35:15 - o.s.jdbc.core.JdbcTemplate - Executing prepared SQL statement [SELECT "id" FROM public."CUS_HRImport_Department" WHERE "full_name" = ?]
2025-12-24 11:35:15 - o.s.jdbc.core.JdbcTemplate - Executing prepared SQL query
2025-12-24 11:35:15 - o.s.jdbc.core.JdbcTemplate - Executing prepared SQL statement [SELECT "tree_level" FROM public."CUS_HRImport_Department" WHERE "id" = ?]
2025-12-24 11:35:15 - o.s.jdbc.core.JdbcTemplate - Executing prepared SQL update
2025-12-24 11:35:15 - o.s.jdbc.core.JdbcTemplate - Executing prepared SQL statement [UPDATE public."TsUser" SET "FName" = ?, "FMobile" = ?, "FDepartmentId" = ?, "U_EmployeeCore" = ?, "FSeatId" = ? WHERE "FLoginName" = ?]
2025-12-24 11:35:15 - o.s.jdbc.core.JdbcTemplate - Executing prepared SQL update
2025-12-24 11:35:15 - o.s.jdbc.core.JdbcTemplate - Executing prepared SQL statement [UPDATE public."TsAccount" SET "FName" = ?, "FMobile" = ? WHERE "FLoginName" = ?]
2025-12-24 11:35:15 - c.c.h.service.HRDataProcessService - 更新員工: 許安瑜 (BG026)
2025-12-24 11:35:15 - c.c.h.service.HRDataProcessService - 處理員工: 林秋玲 (CC030)
2025-12-24 11:35:15 - o.s.jdbc.core.JdbcTemplate - Executing prepared SQL query
2025-12-24 11:35:15 - o.s.jdbc.core.JdbcTemplate - Executing prepared SQL statement [SELECT COUNT(*) FROM public."TsAccount" WHERE "FLoginName" = ?]
2025-12-24 11:35:15 - o.s.jdbc.core.JdbcTemplate - Executing prepared SQL query
2025-12-24 11:35:15 - o.s.jdbc.core.JdbcTemplate - Executing prepared SQL statement [SELECT "id" FROM public."CUS_HRImport_Department" WHERE "full_name" = ?]
2025-12-24 11:35:15 - o.s.jdbc.core.JdbcTemplate - Executing prepared SQL query
2025-12-24 11:35:15 - o.s.jdbc.core.JdbcTemplate - Executing prepared SQL statement [SELECT "tree_level" FROM public."CUS_HRImport_Department" WHERE "id" = ?]
2025-12-24 11:35:15 - o.s.jdbc.core.JdbcTemplate - Executing prepared SQL update
2025-12-24 11:35:15 - o.s.jdbc.core.JdbcTemplate - Executing prepared SQL statement [UPDATE public."TsUser" SET "FName" = ?, "FMobile" = ?, "FDepartmentId" = ?, "U_EmployeeCore" = ?, "FSeatId" = ? WHERE "FLoginName" = ?]
2025-12-24 11:35:15 - o.s.jdbc.core.JdbcTemplate - Executing prepared SQL update
2025-12-24 11:35:15 - o.s.jdbc.core.JdbcTemplate - Executing prepared SQL statement [UPDATE public."TsAccount" SET "FName" = ?, "FMobile" = ? WHERE "FLoginName" = ?]
2025-12-24 11:35:15 - c.c.h.service.HRDataProcessService - 更新員工: 林秋玲 (CC030)
2025-12-24 11:35:15 - c.c.h.service.HRDataProcessService - 處理員工: 薛仁傑 (CC065)
2025-12-24 11:35:15 - o.s.jdbc.core.JdbcTemplate - Executing prepared SQL query
2025-12-24 11:35:15 - o.s.jdbc.core.JdbcTemplate - Executing prepared SQL statement [SELECT COUNT(*) FROM public."TsAccount" WHERE "FLoginName" = ?]
2025-12-24 11:35:15 - o.s.jdbc.core.JdbcTemplate - Executing prepared SQL query
2025-12-24 11:35:15 - o.s.jdbc.core.JdbcTemplate - Executing prepared SQL statement [SELECT "id" FROM public."CUS_HRImport_Department" WHERE "full_name" = ?]
2025-12-24 11:35:15 - o.s.jdbc.core.JdbcTemplate - Executing prepared SQL query
2025-12-24 11:35:15 - o.s.jdbc.core.JdbcTemplate - Executing prepared SQL statement [SELECT "tree_level" FROM public."CUS_HRImport_Department" WHERE "id" = ?]
2025-12-24 11:35:15 - o.s.jdbc.core.JdbcTemplate - Executing prepared SQL update
2025-12-24 11:35:15 - o.s.jdbc.core.JdbcTemplate - Executing prepared SQL statement [UPDATE public."TsUser" SET "FName" = ?, "FMobile" = ?, "FDepartmentId" = ?, "U_EmployeeCore" = ?, "FSeatId" = ? WHERE "FLoginName" = ?]
2025-12-24 11:35:15 - o.s.jdbc.core.JdbcTemplate - Executing prepared SQL update
2025-12-24 11:35:15 - o.s.jdbc.core.JdbcTemplate - Executing prepared SQL statement [UPDATE public."TsAccount" SET "FName" = ?, "FMobile" = ? WHERE "FLoginName" = ?]
2025-12-24 11:35:15 - c.c.h.service.HRDataProcessService - 更新員工: 薛仁傑 (CC065)
2025-12-24 11:35:15 - c.c.h.service.HRDataProcessService - 處理員工: 藍宜玲 (CF015)
2025-12-24 11:35:15 - o.s.jdbc.core.JdbcTemplate - Executing prepared SQL query
2025-12-24 11:35:15 - o.s.jdbc.core.JdbcTemplate - Executing prepared SQL statement [SELECT COUNT(*) FROM public."TsAccount" WHERE "FLoginName" = ?]
2025-12-24 11:35:15 - o.s.jdbc.core.JdbcTemplate - Executing prepared SQL query
2025-12-24 11:35:15 - o.s.jdbc.core.JdbcTemplate - Executing prepared SQL statement [SELECT "id" FROM public."CUS_HRImport_Department" WHERE "full_name" = ?]
2025-12-24 11:35:15 - o.s.jdbc.core.JdbcTemplate - Executing prepared SQL query
2025-12-24 11:35:15 - o.s.jdbc.core.JdbcTemplate - Executing prepared SQL statement [SELECT "tree_level" FROM public."CUS_HRImport_Department" WHERE "id" = ?]
2025-12-24 11:35:15 - o.s.jdbc.core.JdbcTemplate - Executing prepared SQL update
2025-12-24 11:35:15 - o.s.jdbc.core.JdbcTemplate - Executing prepared SQL statement [UPDATE public."TsUser" SET "FName" = ?, "FMobile" = ?, "FDepartmentId" = ?, "U_EmployeeCore" = ?, "FSeatId" = ? WHERE "FLoginName" = ?]
2025-12-24 11:35:15 - o.s.jdbc.core.JdbcTemplate - Executing prepared SQL update
2025-12-24 11:35:15 - o.s.jdbc.core.JdbcTemplate - Executing prepared SQL statement [UPDATE public."TsAccount" SET "FName" = ?, "FMobile" = ? WHERE "FLoginName" = ?]
2025-12-24 11:35:15 - c.c.h.service.HRDataProcessService - 更新員工: 藍宜玲 (CF015)
2025-12-24 11:35:15 - c.c.h.service.HRDataProcessService - 處理員工: 蔡志暉 (BF111)
2025-12-24 11:35:15 - o.s.jdbc.core.JdbcTemplate - Executing prepared SQL query
2025-12-24 11:35:15 - o.s.jdbc.core.JdbcTemplate - Executing prepared SQL statement [SELECT COUNT(*) FROM public."TsAccount" WHERE "FLoginName" = ?]
2025-12-24 11:35:15 - o.s.jdbc.core.JdbcTemplate - Executing prepared SQL query
2025-12-24 11:35:15 - o.s.jdbc.core.JdbcTemplate - Executing prepared SQL statement [SELECT "id" FROM public."CUS_HRImport_Department" WHERE "full_name" = ?]
2025-12-24 11:35:15 - o.s.jdbc.core.JdbcTemplate - Executing prepared SQL query
2025-12-24 11:35:15 - o.s.jdbc.core.JdbcTemplate - Executing prepared SQL statement [SELECT "tree_level" FROM public."CUS_HRImport_Department" WHERE "id" = ?]
2025-12-24 11:35:15 - o.s.jdbc.core.JdbcTemplate - Executing prepared SQL update
2025-12-24 11:35:15 - o.s.jdbc.core.JdbcTemplate - Executing prepared SQL statement [UPDATE public."TsUser" SET "FName" = ?, "FMobile" = ?, "FDepartmentId" = ?, "U_EmployeeCore" = ?, "FSeatId" = ? WHERE "FLoginName" = ?]
2025-12-24 11:35:15 - o.s.jdbc.core.JdbcTemplate - Executing prepared SQL update
2025-12-24 11:35:15 - o.s.jdbc.core.JdbcTemplate - Executing prepared SQL statement [UPDATE public."TsAccount" SET "FName" = ?, "FMobile" = ? WHERE "FLoginName" = ?]
2025-12-24 11:35:15 - c.c.h.service.HRDataProcessService - 更新員工: 蔡志暉 (BF111)
2025-12-24 11:35:15 - c.c.h.service.HRDataProcessService - 處理員工: 黃聖庭 (BG120)
2025-12-24 11:35:15 - o.s.jdbc.core.JdbcTemplate - Executing prepared SQL query
2025-12-24 11:35:15 - o.s.jdbc.core.JdbcTemplate - Executing prepared SQL statement [SELECT COUNT(*) FROM public."TsAccount" WHERE "FLoginName" = ?]
2025-12-24 11:35:15 - o.s.jdbc.core.JdbcTemplate - Executing prepared SQL query
2025-12-24 11:35:15 - o.s.jdbc.core.JdbcTemplate - Executing prepared SQL statement [SELECT "id" FROM public."CUS_HRImport_Department" WHERE "full_name" = ?]
2025-12-24 11:35:15 - o.s.jdbc.core.JdbcTemplate - Executing prepared SQL query
2025-12-24 11:35:15 - o.s.jdbc.core.JdbcTemplate - Executing prepared SQL statement [SELECT "tree_level" FROM public."CUS_HRImport_Department" WHERE "id" = ?]
2025-12-24 11:35:15 - o.s.jdbc.core.JdbcTemplate - Executing prepared SQL update
2025-12-24 11:35:15 - o.s.jdbc.core.JdbcTemplate - Executing prepared SQL statement [UPDATE public."TsUser" SET "FName" = ?, "FMobile" = ?, "FDepartmentId" = ?, "U_EmployeeCore" = ?, "FSeatId" = ? WHERE "FLoginName" = ?]
2025-12-24 11:35:15 - o.s.jdbc.core.JdbcTemplate - Executing prepared SQL update
2025-12-24 11:35:15 - o.s.jdbc.core.JdbcTemplate - Executing prepared SQL statement [UPDATE public."TsAccount" SET "FName" = ?, "FMobile" = ? WHERE "FLoginName" = ?]
2025-12-24 11:35:15 - c.c.h.service.HRDataProcessService - 更新員工: 黃聖庭 (BG120)
2025-12-24 11:35:15 - c.c.h.service.HRDataProcessService - 處理員工: 黃馨妍 (CE097)
2025-12-24 11:35:15 - o.s.jdbc.core.JdbcTemplate - Executing prepared SQL query
2025-12-24 11:35:15 - o.s.jdbc.core.JdbcTemplate - Executing prepared SQL statement [SELECT COUNT(*) FROM public."TsAccount" WHERE "FLoginName" = ?]
2025-12-24 11:35:15 - o.s.jdbc.core.JdbcTemplate - Executing prepared SQL query
2025-12-24 11:35:15 - o.s.jdbc.core.JdbcTemplate - Executing prepared SQL statement [SELECT "id" FROM public."CUS_HRImport_Department" WHERE "full_name" = ?]
2025-12-24 11:35:15 - o.s.jdbc.core.JdbcTemplate - Executing prepared SQL query
2025-12-24 11:35:15 - o.s.jdbc.core.JdbcTemplate - Executing prepared SQL statement [SELECT "tree_level" FROM public."CUS_HRImport_Department" WHERE "id" = ?]
2025-12-24 11:35:15 - o.s.jdbc.core.JdbcTemplate - Executing prepared SQL update
2025-12-24 11:35:15 - o.s.jdbc.core.JdbcTemplate - Executing prepared SQL statement [UPDATE public."TsUser" SET "FName" = ?, "FMobile" = ?, "FDepartmentId" = ?, "U_EmployeeCore" = ?, "FSeatId" = ? WHERE "FLoginName" = ?]
2025-12-24 11:35:15 - o.s.jdbc.core.JdbcTemplate - Executing prepared SQL update
2025-12-24 11:35:15 - o.s.jdbc.core.JdbcTemplate - Executing prepared SQL statement [UPDATE public."TsAccount" SET "FName" = ?, "FMobile" = ? WHERE "FLoginName" = ?]
2025-12-24 11:35:15 - c.c.h.service.HRDataProcessService - 更新員工: 黃馨妍 (CE097)
2025-12-24 11:35:15 - c.c.h.service.HRDataProcessService - 處理員工: 潘儷心 (CE083)
2025-12-24 11:35:15 - o.s.jdbc.core.JdbcTemplate - Executing prepared SQL query
2025-12-24 11:35:15 - o.s.jdbc.core.JdbcTemplate - Executing prepared SQL statement [SELECT COUNT(*) FROM public."TsAccount" WHERE "FLoginName" = ?]
2025-12-24 11:35:15 - o.s.jdbc.core.JdbcTemplate - Executing prepared SQL query
2025-12-24 11:35:15 - o.s.jdbc.core.JdbcTemplate - Executing prepared SQL statement [SELECT "id" FROM public."CUS_HRImport_Department" WHERE "full_name" = ?]
2025-12-24 11:35:15 - o.s.jdbc.core.JdbcTemplate - Executing prepared SQL query
2025-12-24 11:35:15 - o.s.jdbc.core.JdbcTemplate - Executing prepared SQL statement [SELECT "tree_level" FROM public."CUS_HRImport_Department" WHERE "id" = ?]
2025-12-24 11:35:15 - o.s.jdbc.core.JdbcTemplate - Executing prepared SQL update
2025-12-24 11:35:15 - o.s.jdbc.core.JdbcTemplate - Executing prepared SQL statement [UPDATE public."TsUser" SET "FName" = ?, "FMobile" = ?, "FDepartmentId" = ?, "U_EmployeeCore" = ?, "FSeatId" = ? WHERE "FLoginName" = ?]
2025-12-24 11:35:15 - o.s.jdbc.core.JdbcTemplate - Executing prepared SQL update
2025-12-24 11:35:15 - o.s.jdbc.core.JdbcTemplate - Executing prepared SQL statement [UPDATE public."TsAccount" SET "FName" = ?, "FMobile" = ? WHERE "FLoginName" = ?]
2025-12-24 11:35:15 - c.c.h.service.HRDataProcessService - 更新員工: 潘儷心 (CE083)
2025-12-24 11:35:15 - c.c.h.service.HRDataProcessService - 處理員工: 趙得佑 (CE002)
2025-12-24 11:35:15 - o.s.jdbc.core.JdbcTemplate - Executing prepared SQL query
2025-12-24 11:35:15 - o.s.jdbc.core.JdbcTemplate - Executing prepared SQL statement [SELECT COUNT(*) FROM public."TsAccount" WHERE "FLoginName" = ?]
2025-12-24 11:35:15 - o.s.jdbc.core.JdbcTemplate - Executing prepared SQL query
2025-12-24 11:35:15 - o.s.jdbc.core.JdbcTemplate - Executing prepared SQL statement [SELECT "id" FROM public."CUS_HRImport_Department" WHERE "full_name" = ?]
2025-12-24 11:35:15 - o.s.jdbc.core.JdbcTemplate - Executing prepared SQL query
2025-12-24 11:35:15 - o.s.jdbc.core.JdbcTemplate - Executing prepared SQL statement [SELECT "tree_level" FROM public."CUS_HRImport_Department" WHERE "id" = ?]
2025-12-24 11:35:15 - o.s.jdbc.core.JdbcTemplate - Executing prepared SQL update
2025-12-24 11:35:15 - o.s.jdbc.core.JdbcTemplate - Executing prepared SQL statement [UPDATE public."TsUser" SET "FName" = ?, "FMobile" = ?, "FDepartmentId" = ?, "U_EmployeeCore" = ?, "FSeatId" = ? WHERE "FLoginName" = ?]
2025-12-24 11:35:15 - o.s.jdbc.core.JdbcTemplate - Executing prepared SQL update
2025-12-24 11:35:15 - o.s.jdbc.core.JdbcTemplate - Executing prepared SQL statement [UPDATE public."TsAccount" SET "FName" = ?, "FMobile" = ? WHERE "FLoginName" = ?]
2025-12-24 11:35:16 - c.c.h.service.HRDataProcessService - 更新員工: 趙得佑 (CE002)
2025-12-24 11:35:16 - c.c.h.service.HRDataProcessService - 處理員工: 洪睿陽 (BL036)
2025-12-24 11:35:16 - o.s.jdbc.core.JdbcTemplate - Executing prepared SQL query
2025-12-24 11:35:16 - o.s.jdbc.core.JdbcTemplate - Executing prepared SQL statement [SELECT COUNT(*) FROM public."TsAccount" WHERE "FLoginName" = ?]
2025-12-24 11:35:16 - o.s.jdbc.core.JdbcTemplate - Executing prepared SQL query
2025-12-24 11:35:16 - o.s.jdbc.core.JdbcTemplate - Executing prepared SQL statement [SELECT "id" FROM public."CUS_HRImport_Department" WHERE "full_name" = ?]
2025-12-24 11:35:16 - o.s.jdbc.core.JdbcTemplate - Executing prepared SQL query
2025-12-24 11:35:16 - o.s.jdbc.core.JdbcTemplate - Executing prepared SQL statement [SELECT "tree_level" FROM public."CUS_HRImport_Department" WHERE "id" = ?]
2025-12-24 11:35:16 - o.s.jdbc.core.JdbcTemplate - Executing prepared SQL update
2025-12-24 11:35:16 - o.s.jdbc.core.JdbcTemplate - Executing prepared SQL statement [UPDATE public."TsUser" SET "FName" = ?, "FMobile" = ?, "FDepartmentId" = ?, "U_EmployeeCore" = ?, "FSeatId" = ? WHERE "FLoginName" = ?]
2025-12-24 11:35:16 - o.s.jdbc.core.JdbcTemplate - Executing prepared SQL update
2025-12-24 11:35:16 - o.s.jdbc.core.JdbcTemplate - Executing prepared SQL statement [UPDATE public."TsAccount" SET "FName" = ?, "FMobile" = ? WHERE "FLoginName" = ?]
2025-12-24 11:35:16 - c.c.h.service.HRDataProcessService - 更新員工: 洪睿陽 (BL036)
2025-12-24 11:35:16 - c.c.h.service.HRDataProcessService - 處理員工: 杜致學 (CD071)
2025-12-24 11:35:16 - o.s.jdbc.core.JdbcTemplate - Executing prepared SQL query
2025-12-24 11:35:16 - o.s.jdbc.core.JdbcTemplate - Executing prepared SQL statement [SELECT COUNT(*) FROM public."TsAccount" WHERE "FLoginName" = ?]
2025-12-24 11:35:16 - o.s.jdbc.core.JdbcTemplate - Executing prepared SQL query
2025-12-24 11:35:16 - o.s.jdbc.core.JdbcTemplate - Executing prepared SQL statement [SELECT "id" FROM public."CUS_HRImport_Department" WHERE "full_name" = ?]
2025-12-24 11:35:16 - o.s.jdbc.core.JdbcTemplate - Executing prepared SQL query
2025-12-24 11:35:16 - o.s.jdbc.core.JdbcTemplate - Executing prepared SQL statement [SELECT "tree_level" FROM public."CUS_HRImport_Department" WHERE "id" = ?]
2025-12-24 11:35:16 - o.s.jdbc.core.JdbcTemplate - Executing prepared SQL update
2025-12-24 11:35:16 - o.s.jdbc.core.JdbcTemplate - Executing prepared SQL statement [UPDATE public."TsUser" SET "FName" = ?, "FMobile" = ?, "FDepartmentId" = ?, "U_EmployeeCore" = ?, "FSeatId" = ? WHERE "FLoginName" = ?]
2025-12-24 11:35:16 - o.s.jdbc.core.JdbcTemplate - Executing prepared SQL update
2025-12-24 11:35:16 - o.s.jdbc.core.JdbcTemplate - Executing prepared SQL statement [UPDATE public."TsAccount" SET "FName" = ?, "FMobile" = ? WHERE "FLoginName" = ?]
2025-12-24 11:35:16 - c.c.h.service.HRDataProcessService - 更新員工: 杜致學 (CD071)
2025-12-24 11:35:16 - c.c.h.service.HRDataProcessService - 處理員工: 劉乃鳳 (CC067)
2025-12-24 11:35:16 - o.s.jdbc.core.JdbcTemplate - Executing prepared SQL query
2025-12-24 11:35:16 - o.s.jdbc.core.JdbcTemplate - Executing prepared SQL statement [SELECT COUNT(*) FROM public."TsAccount" WHERE "FLoginName" = ?]
2025-12-24 11:35:16 - o.s.jdbc.core.JdbcTemplate - Executing prepared SQL query
2025-12-24 11:35:16 - o.s.jdbc.core.JdbcTemplate - Executing prepared SQL statement [SELECT "id" FROM public."CUS_HRImport_Department" WHERE "full_name" = ?]
2025-12-24 11:35:16 - o.s.jdbc.core.JdbcTemplate - Executing prepared SQL query
2025-12-24 11:35:16 - o.s.jdbc.core.JdbcTemplate - Executing prepared SQL statement [SELECT "tree_level" FROM public."CUS_HRImport_Department" WHERE "id" = ?]
2025-12-24 11:35:16 - o.s.jdbc.core.JdbcTemplate - Executing prepared SQL update
2025-12-24 11:35:16 - o.s.jdbc.core.JdbcTemplate - Executing prepared SQL statement [UPDATE public."TsUser" SET "FName" = ?, "FMobile" = ?, "FDepartmentId" = ?, "U_EmployeeCore" = ?, "FSeatId" = ? WHERE "FLoginName" = ?]
2025-12-24 11:35:16 - o.s.jdbc.core.JdbcTemplate - Executing prepared SQL update
2025-12-24 11:35:16 - o.s.jdbc.core.JdbcTemplate - Executing prepared SQL statement [UPDATE public."TsAccount" SET "FName" = ?, "FMobile" = ? WHERE "FLoginName" = ?]
2025-12-24 11:35:16 - c.c.h.service.HRDataProcessService - 更新員工: 劉乃鳳 (CC067)
2025-12-24 11:35:16 - c.c.h.service.HRDataProcessService - 處理員工: 張雅婷 (CD001)
2025-12-24 11:35:16 - o.s.jdbc.core.JdbcTemplate - Executing prepared SQL query
2025-12-24 11:35:16 - o.s.jdbc.core.JdbcTemplate - Executing prepared SQL statement [SELECT COUNT(*) FROM public."TsAccount" WHERE "FLoginName" = ?]
2025-12-24 11:35:16 - o.s.jdbc.core.JdbcTemplate - Executing prepared SQL query
2025-12-24 11:35:16 - o.s.jdbc.core.JdbcTemplate - Executing prepared SQL statement [SELECT "id" FROM public."CUS_HRImport_Department" WHERE "full_name" = ?]
2025-12-24 11:35:16 - o.s.jdbc.core.JdbcTemplate - Executing prepared SQL query
2025-12-24 11:35:16 - o.s.jdbc.core.JdbcTemplate - Executing prepared SQL statement [SELECT "tree_level" FROM public."CUS_HRImport_Department" WHERE "id" = ?]
2025-12-24 11:35:16 - o.s.jdbc.core.JdbcTemplate - Executing prepared SQL update
2025-12-24 11:35:16 - o.s.jdbc.core.JdbcTemplate - Executing prepared SQL statement [UPDATE public."TsUser" SET "FName" = ?, "FMobile" = ?, "FDepartmentId" = ?, "U_EmployeeCore" = ?, "FSeatId" = ? WHERE "FLoginName" = ?]
2025-12-24 11:35:16 - o.s.jdbc.core.JdbcTemplate - Executing prepared SQL update
2025-12-24 11:35:16 - o.s.jdbc.core.JdbcTemplate - Executing prepared SQL statement [UPDATE public."TsAccount" SET "FName" = ?, "FMobile" = ? WHERE "FLoginName" = ?]
2025-12-24 11:35:16 - c.c.h.service.HRDataProcessService - 更新員工: 張雅婷 (CD001)
2025-12-24 11:35:16 - c.c.h.service.HRDataProcessService - 處理員工: 柯淑苑 (CC048)
2025-12-24 11:35:16 - o.s.jdbc.core.JdbcTemplate - Executing prepared SQL query
2025-12-24 11:35:16 - o.s.jdbc.core.JdbcTemplate - Executing prepared SQL statement [SELECT COUNT(*) FROM public."TsAccount" WHERE "FLoginName" = ?]
2025-12-24 11:35:16 - o.s.jdbc.core.JdbcTemplate - Executing prepared SQL query
2025-12-24 11:35:16 - o.s.jdbc.core.JdbcTemplate - Executing prepared SQL statement [SELECT "id" FROM public."CUS_HRImport_Department" WHERE "full_name" = ?]
2025-12-24 11:35:16 - o.s.jdbc.core.JdbcTemplate - Executing prepared SQL query
2025-12-24 11:35:16 - o.s.jdbc.core.JdbcTemplate - Executing prepared SQL statement [SELECT "tree_level" FROM public."CUS_HRImport_Department" WHERE "id" = ?]
2025-12-24 11:35:16 - o.s.jdbc.core.JdbcTemplate - Executing prepared SQL update
2025-12-24 11:35:16 - o.s.jdbc.core.JdbcTemplate - Executing prepared SQL statement [UPDATE public."TsUser" SET "FName" = ?, "FMobile" = ?, "FDepartmentId" = ?, "U_EmployeeCore" = ?, "FSeatId" = ? WHERE "FLoginName" = ?]
2025-12-24 11:35:16 - o.s.jdbc.core.JdbcTemplate - Executing prepared SQL update
2025-12-24 11:35:16 - o.s.jdbc.core.JdbcTemplate - Executing prepared SQL statement [UPDATE public."TsAccount" SET "FName" = ?, "FMobile" = ? WHERE "FLoginName" = ?]
2025-12-24 11:35:16 - c.c.h.service.HRDataProcessService - 更新員工: 柯淑苑 (CC048)
2025-12-24 11:35:16 - c.c.h.service.HRDataProcessService - 處理員工: 姚又瑄 (BG024)
2025-12-24 11:35:16 - o.s.jdbc.core.JdbcTemplate - Executing prepared SQL query
2025-12-24 11:35:16 - o.s.jdbc.core.JdbcTemplate - Executing prepared SQL statement [SELECT COUNT(*) FROM public."TsAccount" WHERE "FLoginName" = ?]
2025-12-24 11:35:16 - o.s.jdbc.core.JdbcTemplate - Executing prepared SQL query
2025-12-24 11:35:16 - o.s.jdbc.core.JdbcTemplate - Executing prepared SQL statement [SELECT "id" FROM public."CUS_HRImport_Department" WHERE "full_name" = ?]
2025-12-24 11:35:16 - o.s.jdbc.core.JdbcTemplate - Executing prepared SQL query
2025-12-24 11:35:16 - o.s.jdbc.core.JdbcTemplate - Executing prepared SQL statement [SELECT "tree_level" FROM public."CUS_HRImport_Department" WHERE "id" = ?]
2025-12-24 11:35:16 - o.s.jdbc.core.JdbcTemplate - Executing prepared SQL update
2025-12-24 11:35:16 - o.s.jdbc.core.JdbcTemplate - Executing prepared SQL statement [UPDATE public."TsUser" SET "FName" = ?, "FMobile" = ?, "FDepartmentId" = ?, "U_EmployeeCore" = ?, "FSeatId" = ? WHERE "FLoginName" = ?]
2025-12-24 11:35:16 - o.s.jdbc.core.JdbcTemplate - Executing prepared SQL update
2025-12-24 11:35:16 - o.s.jdbc.core.JdbcTemplate - Executing prepared SQL statement [UPDATE public."TsAccount" SET "FName" = ?, "FMobile" = ? WHERE "FLoginName" = ?]
2025-12-24 11:35:16 - c.c.h.service.HRDataProcessService - 更新員工: 姚又瑄 (BG024)
2025-12-24 11:35:16 - c.c.h.service.HRDataProcessService - 處理員工: 陳韻綾 (BL020)
2025-12-24 11:35:16 - o.s.jdbc.core.JdbcTemplate - Executing prepared SQL query
2025-12-24 11:35:16 - o.s.jdbc.core.JdbcTemplate - Executing prepared SQL statement [SELECT COUNT(*) FROM public."TsAccount" WHERE "FLoginName" = ?]
2025-12-24 11:35:16 - o.s.jdbc.core.JdbcTemplate - Executing prepared SQL query
2025-12-24 11:35:16 - o.s.jdbc.core.JdbcTemplate - Executing prepared SQL statement [SELECT "id" FROM public."CUS_HRImport_Department" WHERE "full_name" = ?]
2025-12-24 11:35:16 - o.s.jdbc.core.JdbcTemplate - Executing prepared SQL query
2025-12-24 11:35:16 - o.s.jdbc.core.JdbcTemplate - Executing prepared SQL statement [SELECT "tree_level" FROM public."CUS_HRImport_Department" WHERE "id" = ?]
2025-12-24 11:35:16 - o.s.jdbc.core.JdbcTemplate - Executing prepared SQL update
2025-12-24 11:35:16 - o.s.jdbc.core.JdbcTemplate - Executing prepared SQL statement [UPDATE public."TsUser" SET "FName" = ?, "FMobile" = ?, "FDepartmentId" = ?, "U_EmployeeCore" = ?, "FSeatId" = ? WHERE "FLoginName" = ?]
2025-12-24 11:35:16 - o.s.jdbc.core.JdbcTemplate - Executing prepared SQL update
2025-12-24 11:35:16 - o.s.jdbc.core.JdbcTemplate - Executing prepared SQL statement [UPDATE public."TsAccount" SET "FName" = ?, "FMobile" = ? WHERE "FLoginName" = ?]
2025-12-24 11:35:16 - c.c.h.service.HRDataProcessService - 更新員工: 陳韻綾 (BL020)
2025-12-24 11:35:16 - c.c.h.service.HRDataProcessService - 處理員工: 林均鴻 (CD107)
2025-12-24 11:35:16 - o.s.jdbc.core.JdbcTemplate - Executing prepared SQL query
2025-12-24 11:35:16 - o.s.jdbc.core.JdbcTemplate - Executing prepared SQL statement [SELECT COUNT(*) FROM public."TsAccount" WHERE "FLoginName" = ?]
2025-12-24 11:35:16 - o.s.jdbc.core.JdbcTemplate - Executing prepared SQL query
2025-12-24 11:35:16 - o.s.jdbc.core.JdbcTemplate - Executing prepared SQL statement [SELECT "id" FROM public."CUS_HRImport_Department" WHERE "full_name" = ?]
2025-12-24 11:35:16 - o.s.jdbc.core.JdbcTemplate - Executing prepared SQL query
2025-12-24 11:35:16 - o.s.jdbc.core.JdbcTemplate - Executing prepared SQL statement [SELECT "tree_level" FROM public."CUS_HRImport_Department" WHERE "id" = ?]
2025-12-24 11:35:16 - o.s.jdbc.core.JdbcTemplate - Executing prepared SQL update
2025-12-24 11:35:16 - o.s.jdbc.core.JdbcTemplate - Executing prepared SQL statement [UPDATE public."TsUser" SET "FName" = ?, "FMobile" = ?, "FDepartmentId" = ?, "U_EmployeeCore" = ?, "FSeatId" = ? WHERE "FLoginName" = ?]
2025-12-24 11:35:16 - o.s.jdbc.core.JdbcTemplate - Executing prepared SQL update
2025-12-24 11:35:16 - o.s.jdbc.core.JdbcTemplate - Executing prepared SQL statement [UPDATE public."TsAccount" SET "FName" = ?, "FMobile" = ? WHERE "FLoginName" = ?]
2025-12-24 11:35:16 - c.c.h.service.HRDataProcessService - 更新員工: 林均鴻 (CD107)
2025-12-24 11:35:16 - c.c.h.service.HRDataProcessService - 處理員工: 陳志漢 (CE023)
2025-12-24 11:35:16 - o.s.jdbc.core.JdbcTemplate - Executing prepared SQL query
2025-12-24 11:35:16 - o.s.jdbc.core.JdbcTemplate - Executing prepared SQL statement [SELECT COUNT(*) FROM public."TsAccount" WHERE "FLoginName" = ?]
2025-12-24 11:35:16 - o.s.jdbc.core.JdbcTemplate - Executing prepared SQL query
2025-12-24 11:35:16 - o.s.jdbc.core.JdbcTemplate - Executing prepared SQL statement [SELECT "id" FROM public."CUS_HRImport_Department" WHERE "full_name" = ?]
2025-12-24 11:35:16 - o.s.jdbc.core.JdbcTemplate - Executing prepared SQL query
2025-12-24 11:35:16 - o.s.jdbc.core.JdbcTemplate - Executing prepared SQL statement [SELECT "tree_level" FROM public."CUS_HRImport_Department" WHERE "id" = ?]
2025-12-24 11:35:16 - o.s.jdbc.core.JdbcTemplate - Executing prepared SQL update
2025-12-24 11:35:16 - o.s.jdbc.core.JdbcTemplate - Executing prepared SQL statement [UPDATE public."TsUser" SET "FName" = ?, "FMobile" = ?, "FDepartmentId" = ?, "U_EmployeeCore" = ?, "FSeatId" = ? WHERE "FLoginName" = ?]
2025-12-24 11:35:16 - o.s.jdbc.core.JdbcTemplate - Executing prepared SQL update
2025-12-24 11:35:16 - o.s.jdbc.core.JdbcTemplate - Executing prepared SQL statement [UPDATE public."TsAccount" SET "FName" = ?, "FMobile" = ? WHERE "FLoginName" = ?]
2025-12-24 11:35:16 - c.c.h.service.HRDataProcessService - 更新員工: 陳志漢 (CE023)
2025-12-24 11:35:16 - c.c.h.service.HRDataProcessService - 處理員工: 林瑋菁 (AJ097)
2025-12-24 11:35:16 - o.s.jdbc.core.JdbcTemplate - Executing prepared SQL query
2025-12-24 11:35:16 - o.s.jdbc.core.JdbcTemplate - Executing prepared SQL statement [SELECT COUNT(*) FROM public."TsAccount" WHERE "FLoginName" = ?]
2025-12-24 11:35:16 - o.s.jdbc.core.JdbcTemplate - Executing prepared SQL query
2025-12-24 11:35:16 - o.s.jdbc.core.JdbcTemplate - Executing prepared SQL statement [SELECT "id" FROM public."CUS_HRImport_Department" WHERE "full_name" = ?]
2025-12-24 11:35:16 - o.s.jdbc.core.JdbcTemplate - Executing prepared SQL query
2025-12-24 11:35:16 - o.s.jdbc.core.JdbcTemplate - Executing prepared SQL statement [SELECT "tree_level" FROM public."CUS_HRImport_Department" WHERE "id" = ?]
2025-12-24 11:35:16 - o.s.jdbc.core.JdbcTemplate - Executing prepared SQL update
2025-12-24 11:35:16 - o.s.jdbc.core.JdbcTemplate - Executing prepared SQL statement [UPDATE public."TsUser" SET "FName" = ?, "FMobile" = ?, "FDepartmentId" = ?, "U_EmployeeCore" = ?, "FSeatId" = ? WHERE "FLoginName" = ?]
2025-12-24 11:35:16 - o.s.jdbc.core.JdbcTemplate - Executing prepared SQL update
2025-12-24 11:35:16 - o.s.jdbc.core.JdbcTemplate - Executing prepared SQL statement [UPDATE public."TsAccount" SET "FName" = ?, "FMobile" = ? WHERE "FLoginName" = ?]
2025-12-24 11:35:16 - c.c.h.service.HRDataProcessService - 更新員工: 林瑋菁 (AJ097)
2025-12-24 11:35:16 - c.c.h.service.HRDataProcessService - 處理員工: 陳家莉 (BK068)
2025-12-24 11:35:16 - o.s.jdbc.core.JdbcTemplate - Executing prepared SQL query
2025-12-24 11:35:16 - o.s.jdbc.core.JdbcTemplate - Executing prepared SQL statement [SELECT COUNT(*) FROM public."TsAccount" WHERE "FLoginName" = ?]
2025-12-24 11:35:16 - o.s.jdbc.core.JdbcTemplate - Executing prepared SQL query
2025-12-24 11:35:16 - o.s.jdbc.core.JdbcTemplate - Executing prepared SQL statement [SELECT "id" FROM public."CUS_HRImport_Department" WHERE "full_name" = ?]
2025-12-24 11:35:16 - o.s.jdbc.core.JdbcTemplate - Executing prepared SQL query
2025-12-24 11:35:16 - o.s.jdbc.core.JdbcTemplate - Executing prepared SQL statement [SELECT "tree_level" FROM public."CUS_HRImport_Department" WHERE "id" = ?]
2025-12-24 11:35:16 - o.s.jdbc.core.JdbcTemplate - Executing prepared SQL update
2025-12-24 11:35:16 - o.s.jdbc.core.JdbcTemplate - Executing prepared SQL statement [UPDATE public."TsUser" SET "FName" = ?, "FMobile" = ?, "FDepartmentId" = ?, "U_EmployeeCore" = ?, "FSeatId" = ? WHERE "FLoginName" = ?]
2025-12-24 11:35:16 - o.s.jdbc.core.JdbcTemplate - Executing prepared SQL update
2025-12-24 11:35:16 - o.s.jdbc.core.JdbcTemplate - Executing prepared SQL statement [UPDATE public."TsAccount" SET "FName" = ?, "FMobile" = ? WHERE "FLoginName" = ?]
2025-12-24 11:35:16 - c.c.h.service.HRDataProcessService - 更新員工: 陳家莉 (BK068)
2025-12-24 11:35:16 - c.c.h.service.HRDataProcessService - 處理員工: 洪燕玟 (BK006)
2025-12-24 11:35:16 - o.s.jdbc.core.JdbcTemplate - Executing prepared SQL query
2025-12-24 11:35:16 - o.s.jdbc.core.JdbcTemplate - Executing prepared SQL statement [SELECT COUNT(*) FROM public."TsAccount" WHERE "FLoginName" = ?]
2025-12-24 11:35:16 - o.s.jdbc.core.JdbcTemplate - Executing prepared SQL query
2025-12-24 11:35:16 - o.s.jdbc.core.JdbcTemplate - Executing prepared SQL statement [SELECT "id" FROM public."CUS_HRImport_Department" WHERE "full_name" = ?]
2025-12-24 11:35:16 - o.s.jdbc.core.JdbcTemplate - Executing prepared SQL query
2025-12-24 11:35:16 - o.s.jdbc.core.JdbcTemplate - Executing prepared SQL statement [SELECT "tree_level" FROM public."CUS_HRImport_Department" WHERE "id" = ?]
2025-12-24 11:35:16 - o.s.jdbc.core.JdbcTemplate - Executing prepared SQL update
2025-12-24 11:35:16 - o.s.jdbc.core.JdbcTemplate - Executing prepared SQL statement [UPDATE public."TsUser" SET "FName" = ?, "FMobile" = ?, "FDepartmentId" = ?, "U_EmployeeCore" = ?, "FSeatId" = ? WHERE "FLoginName" = ?]
2025-12-24 11:35:16 - o.s.jdbc.core.JdbcTemplate - Executing prepared SQL update
2025-12-24 11:35:16 - o.s.jdbc.core.JdbcTemplate - Executing prepared SQL statement [UPDATE public."TsAccount" SET "FName" = ?, "FMobile" = ? WHERE "FLoginName" = ?]
2025-12-24 11:35:16 - c.c.h.service.HRDataProcessService - 更新員工: 洪燕玟 (BK006)
2025-12-24 11:35:16 - c.c.h.service.HRDataProcessService - 處理員工: 張致賢 (BK008)
2025-12-24 11:35:16 - o.s.jdbc.core.JdbcTemplate - Executing prepared SQL query
2025-12-24 11:35:16 - o.s.jdbc.core.JdbcTemplate - Executing prepared SQL statement [SELECT COUNT(*) FROM public."TsAccount" WHERE "FLoginName" = ?]
2025-12-24 11:35:16 - o.s.jdbc.core.JdbcTemplate - Executing prepared SQL query
2025-12-24 11:35:16 - o.s.jdbc.core.JdbcTemplate - Executing prepared SQL statement [SELECT "id" FROM public."CUS_HRImport_Department" WHERE "full_name" = ?]
2025-12-24 11:35:16 - o.s.jdbc.core.JdbcTemplate - Executing prepared SQL query
2025-12-24 11:35:16 - o.s.jdbc.core.JdbcTemplate - Executing prepared SQL statement [SELECT "tree_level" FROM public."CUS_HRImport_Department" WHERE "id" = ?]
2025-12-24 11:35:16 - o.s.jdbc.core.JdbcTemplate - Executing prepared SQL update
2025-12-24 11:35:16 - o.s.jdbc.core.JdbcTemplate - Executing prepared SQL statement [UPDATE public."TsUser" SET "FName" = ?, "FMobile" = ?, "FDepartmentId" = ?, "U_EmployeeCore" = ?, "FSeatId" = ? WHERE "FLoginName" = ?]
2025-12-24 11:35:16 - o.s.jdbc.core.JdbcTemplate - Executing prepared SQL update
2025-12-24 11:35:16 - o.s.jdbc.core.JdbcTemplate - Executing prepared SQL statement [UPDATE public."TsAccount" SET "FName" = ?, "FMobile" = ? WHERE "FLoginName" = ?]
2025-12-24 11:35:16 - c.c.h.service.HRDataProcessService - 更新員工: 張致賢 (BK008)
2025-12-24 11:35:16 - c.c.h.service.HRDataProcessService - 處理員工: 尤玳酈 (BH103)
2025-12-24 11:35:16 - o.s.jdbc.core.JdbcTemplate - Executing prepared SQL query
2025-12-24 11:35:16 - o.s.jdbc.core.JdbcTemplate - Executing prepared SQL statement [SELECT COUNT(*) FROM public."TsAccount" WHERE "FLoginName" = ?]
2025-12-24 11:35:16 - o.s.jdbc.core.JdbcTemplate - Executing prepared SQL query
2025-12-24 11:35:16 - o.s.jdbc.core.JdbcTemplate - Executing prepared SQL statement [SELECT "id" FROM public."CUS_HRImport_Department" WHERE "full_name" = ?]
2025-12-24 11:35:16 - o.s.jdbc.core.JdbcTemplate - Executing prepared SQL query
2025-12-24 11:35:16 - o.s.jdbc.core.JdbcTemplate - Executing prepared SQL statement [SELECT "tree_level" FROM public."CUS_HRImport_Department" WHERE "id" = ?]
2025-12-24 11:35:16 - o.s.jdbc.core.JdbcTemplate - Executing prepared SQL update
2025-12-24 11:35:16 - o.s.jdbc.core.JdbcTemplate - Executing prepared SQL statement [UPDATE public."TsUser" SET "FName" = ?, "FMobile" = ?, "FDepartmentId" = ?, "U_EmployeeCore" = ?, "FSeatId" = ? WHERE "FLoginName" = ?]
2025-12-24 11:35:16 - o.s.jdbc.core.JdbcTemplate - Executing prepared SQL update
2025-12-24 11:35:16 - o.s.jdbc.core.JdbcTemplate - Executing prepared SQL statement [UPDATE public."TsAccount" SET "FName" = ?, "FMobile" = ? WHERE "FLoginName" = ?]
2025-12-24 11:35:16 - c.c.h.service.HRDataProcessService - 更新員工: 尤玳酈 (BH103)
2025-12-24 11:35:16 - c.c.h.service.HRDataProcessService - 處理員工: 黃羽君 (CC035)
2025-12-24 11:35:16 - o.s.jdbc.core.JdbcTemplate - Executing prepared SQL query
2025-12-24 11:35:16 - o.s.jdbc.core.JdbcTemplate - Executing prepared SQL statement [SELECT COUNT(*) FROM public."TsAccount" WHERE "FLoginName" = ?]
2025-12-24 11:35:16 - o.s.jdbc.core.JdbcTemplate - Executing prepared SQL query
2025-12-24 11:35:16 - o.s.jdbc.core.JdbcTemplate - Executing prepared SQL statement [SELECT "id" FROM public."CUS_HRImport_Department" WHERE "full_name" = ?]
2025-12-24 11:35:16 - o.s.jdbc.core.JdbcTemplate - Executing prepared SQL query
2025-12-24 11:35:16 - o.s.jdbc.core.JdbcTemplate - Executing prepared SQL statement [SELECT "tree_level" FROM public."CUS_HRImport_Department" WHERE "id" = ?]
2025-12-24 11:35:16 - o.s.jdbc.core.JdbcTemplate - Executing prepared SQL update
2025-12-24 11:35:16 - o.s.jdbc.core.JdbcTemplate - Executing prepared SQL statement [UPDATE public."TsUser" SET "FName" = ?, "FMobile" = ?, "FDepartmentId" = ?, "U_EmployeeCore" = ?, "FSeatId" = ? WHERE "FLoginName" = ?]
2025-12-24 11:35:16 - o.s.jdbc.core.JdbcTemplate - Executing prepared SQL update
2025-12-24 11:35:16 - o.s.jdbc.core.JdbcTemplate - Executing prepared SQL statement [UPDATE public."TsAccount" SET "FName" = ?, "FMobile" = ? WHERE "FLoginName" = ?]
2025-12-24 11:35:16 - c.c.h.service.HRDataProcessService - 更新員工: 黃羽君 (CC035)
2025-12-24 11:35:16 - c.c.h.service.HRDataProcessService - 處理員工: 郭麗美 (BL055)
2025-12-24 11:35:16 - o.s.jdbc.core.JdbcTemplate - Executing prepared SQL query
2025-12-24 11:35:16 - o.s.jdbc.core.JdbcTemplate - Executing prepared SQL statement [SELECT COUNT(*) FROM public."TsAccount" WHERE "FLoginName" = ?]
2025-12-24 11:35:16 - o.s.jdbc.core.JdbcTemplate - Executing prepared SQL query
2025-12-24 11:35:16 - o.s.jdbc.core.JdbcTemplate - Executing prepared SQL statement [SELECT "id" FROM public."CUS_HRImport_Department" WHERE "full_name" = ?]
2025-12-24 11:35:16 - o.s.jdbc.core.JdbcTemplate - Executing prepared SQL query
2025-12-24 11:35:16 - o.s.jdbc.core.JdbcTemplate - Executing prepared SQL statement [SELECT "tree_level" FROM public."CUS_HRImport_Department" WHERE "id" = ?]
2025-12-24 11:35:16 - o.s.jdbc.core.JdbcTemplate - Executing prepared SQL update
2025-12-24 11:35:16 - o.s.jdbc.core.JdbcTemplate - Executing prepared SQL statement [UPDATE public."TsUser" SET "FName" = ?, "FMobile" = ?, "FDepartmentId" = ?, "U_EmployeeCore" = ?, "FSeatId" = ? WHERE "FLoginName" = ?]
2025-12-24 11:35:16 - o.s.jdbc.core.JdbcTemplate - Executing prepared SQL update
2025-12-24 11:35:16 - o.s.jdbc.core.JdbcTemplate - Executing prepared SQL statement [UPDATE public."TsAccount" SET "FName" = ?, "FMobile" = ? WHERE "FLoginName" = ?]
2025-12-24 11:35:16 - c.c.h.service.HRDataProcessService - 更新員工: 郭麗美 (BL055)
2025-12-24 11:35:16 - c.c.h.service.HRDataProcessService - 處理員工: 林亭君 (BL048)
2025-12-24 11:35:16 - o.s.jdbc.core.JdbcTemplate - Executing prepared SQL query
2025-12-24 11:35:16 - o.s.jdbc.core.JdbcTemplate - Executing prepared SQL statement [SELECT COUNT(*) FROM public."TsAccount" WHERE "FLoginName" = ?]
2025-12-24 11:35:16 - o.s.jdbc.core.JdbcTemplate - Executing prepared SQL query
2025-12-24 11:35:16 - o.s.jdbc.core.JdbcTemplate - Executing prepared SQL statement [SELECT "id" FROM public."CUS_HRImport_Department" WHERE "full_name" = ?]
2025-12-24 11:35:16 - o.s.jdbc.core.JdbcTemplate - Executing prepared SQL query
2025-12-24 11:35:16 - o.s.jdbc.core.JdbcTemplate - Executing prepared SQL statement [SELECT "tree_level" FROM public."CUS_HRImport_Department" WHERE "id" = ?]
2025-12-24 11:35:16 - o.s.jdbc.core.JdbcTemplate - Executing prepared SQL update
2025-12-24 11:35:16 - o.s.jdbc.core.JdbcTemplate - Executing prepared SQL statement [UPDATE public."TsUser" SET "FName" = ?, "FMobile" = ?, "FDepartmentId" = ?, "U_EmployeeCore" = ?, "FSeatId" = ? WHERE "FLoginName" = ?]
2025-12-24 11:35:16 - o.s.jdbc.core.JdbcTemplate - Executing prepared SQL update
2025-12-24 11:35:16 - o.s.jdbc.core.JdbcTemplate - Executing prepared SQL statement [UPDATE public."TsAccount" SET "FName" = ?, "FMobile" = ? WHERE "FLoginName" = ?]
2025-12-24 11:35:16 - c.c.h.service.HRDataProcessService - 更新員工: 林亭君 (BL048)
2025-12-24 11:35:16 - c.c.h.service.HRDataProcessService - 處理員工: 宗育平 (CC080)
2025-12-24 11:35:16 - o.s.jdbc.core.JdbcTemplate - Executing prepared SQL query
2025-12-24 11:35:16 - o.s.jdbc.core.JdbcTemplate - Executing prepared SQL statement [SELECT COUNT(*) FROM public."TsAccount" WHERE "FLoginName" = ?]
2025-12-24 11:35:16 - o.s.jdbc.core.JdbcTemplate - Executing prepared SQL query
2025-12-24 11:35:16 - o.s.jdbc.core.JdbcTemplate - Executing prepared SQL statement [SELECT "id" FROM public."CUS_HRImport_Department" WHERE "full_name" = ?]
2025-12-24 11:35:16 - o.s.jdbc.core.JdbcTemplate - Executing prepared SQL query
2025-12-24 11:35:16 - o.s.jdbc.core.JdbcTemplate - Executing prepared SQL statement [SELECT "tree_level" FROM public."CUS_HRImport_Department" WHERE "id" = ?]
2025-12-24 11:35:16 - o.s.jdbc.core.JdbcTemplate - Executing prepared SQL update
2025-12-24 11:35:16 - o.s.jdbc.core.JdbcTemplate - Executing prepared SQL statement [UPDATE public."TsUser" SET "FName" = ?, "FMobile" = ?, "FDepartmentId" = ?, "U_EmployeeCore" = ?, "FSeatId" = ? WHERE "FLoginName" = ?]
2025-12-24 11:35:16 - o.s.jdbc.core.JdbcTemplate - Executing prepared SQL update
2025-12-24 11:35:16 - o.s.jdbc.core.JdbcTemplate - Executing prepared SQL statement [UPDATE public."TsAccount" SET "FName" = ?, "FMobile" = ? WHERE "FLoginName" = ?]
2025-12-24 11:35:16 - c.c.h.service.HRDataProcessService - 更新員工: 宗育平 (CC080)
2025-12-24 11:35:16 - c.c.h.service.HRDataProcessService - 處理員工: 陳依琳 (BG038)
2025-12-24 11:35:16 - o.s.jdbc.core.JdbcTemplate - Executing prepared SQL query
2025-12-24 11:35:16 - o.s.jdbc.core.JdbcTemplate - Executing prepared SQL statement [SELECT COUNT(*) FROM public."TsAccount" WHERE "FLoginName" = ?]
2025-12-24 11:35:16 - o.s.jdbc.core.JdbcTemplate - Executing prepared SQL query
2025-12-24 11:35:16 - o.s.jdbc.core.JdbcTemplate - Executing prepared SQL statement [SELECT "id" FROM public."CUS_HRImport_Department" WHERE "full_name" = ?]
2025-12-24 11:35:16 - o.s.jdbc.core.JdbcTemplate - Executing prepared SQL query
2025-12-24 11:35:16 - o.s.jdbc.core.JdbcTemplate - Executing prepared SQL statement [SELECT "tree_level" FROM public."CUS_HRImport_Department" WHERE "id" = ?]
2025-12-24 11:35:16 - o.s.jdbc.core.JdbcTemplate - Executing prepared SQL update
2025-12-24 11:35:16 - o.s.jdbc.core.JdbcTemplate - Executing prepared SQL statement [UPDATE public."TsUser" SET "FName" = ?, "FMobile" = ?, "FDepartmentId" = ?, "U_EmployeeCore" = ?, "FSeatId" = ? WHERE "FLoginName" = ?]
2025-12-24 11:35:16 - o.s.jdbc.core.JdbcTemplate - Executing prepared SQL update
2025-12-24 11:35:16 - o.s.jdbc.core.JdbcTemplate - Executing prepared SQL statement [UPDATE public."TsAccount" SET "FName" = ?, "FMobile" = ? WHERE "FLoginName" = ?]
2025-12-24 11:35:16 - c.c.h.service.HRDataProcessService - 更新員工: 陳依琳 (BG038)
2025-12-24 11:35:16 - c.c.h.service.HRDataProcessService - 處理員工: 陳岳君 (CE019)
2025-12-24 11:35:16 - o.s.jdbc.core.JdbcTemplate - Executing prepared SQL query
2025-12-24 11:35:16 - o.s.jdbc.core.JdbcTemplate - Executing prepared SQL statement [SELECT COUNT(*) FROM public."TsAccount" WHERE "FLoginName" = ?]
2025-12-24 11:35:16 - o.s.jdbc.core.JdbcTemplate - Executing prepared SQL query
2025-12-24 11:35:16 - o.s.jdbc.core.JdbcTemplate - Executing prepared SQL statement [SELECT "id" FROM public."CUS_HRImport_Department" WHERE "full_name" = ?]
2025-12-24 11:35:16 - o.s.jdbc.core.JdbcTemplate - Executing prepared SQL query
2025-12-24 11:35:16 - o.s.jdbc.core.JdbcTemplate - Executing prepared SQL statement [SELECT "tree_level" FROM public."CUS_HRImport_Department" WHERE "id" = ?]
2025-12-24 11:35:16 - o.s.jdbc.core.JdbcTemplate - Executing prepared SQL update
2025-12-24 11:35:16 - o.s.jdbc.core.JdbcTemplate - Executing prepared SQL statement [UPDATE public."TsUser" SET "FName" = ?, "FMobile" = ?, "FDepartmentId" = ?, "U_EmployeeCore" = ?, "FSeatId" = ? WHERE "FLoginName" = ?]
2025-12-24 11:35:16 - o.s.jdbc.core.JdbcTemplate - Executing prepared SQL update
2025-12-24 11:35:16 - o.s.jdbc.core.JdbcTemplate - Executing prepared SQL statement [UPDATE public."TsAccount" SET "FName" = ?, "FMobile" = ? WHERE "FLoginName" = ?]
2025-12-24 11:35:16 - c.c.h.service.HRDataProcessService - 更新員工: 陳岳君 (CE019)
2025-12-24 11:35:16 - c.c.h.service.HRDataProcessService - 處理員工: 李欣恬 (BL037)
2025-12-24 11:35:16 - o.s.jdbc.core.JdbcTemplate - Executing prepared SQL query
2025-12-24 11:35:16 - o.s.jdbc.core.JdbcTemplate - Executing prepared SQL statement [SELECT COUNT(*) FROM public."TsAccount" WHERE "FLoginName" = ?]
2025-12-24 11:35:16 - o.s.jdbc.core.JdbcTemplate - Executing prepared SQL query
2025-12-24 11:35:16 - o.s.jdbc.core.JdbcTemplate - Executing prepared SQL statement [SELECT "id" FROM public."CUS_HRImport_Department" WHERE "full_name" = ?]
2025-12-24 11:35:16 - o.s.jdbc.core.JdbcTemplate - Executing prepared SQL query
2025-12-24 11:35:16 - o.s.jdbc.core.JdbcTemplate - Executing prepared SQL statement [SELECT "tree_level" FROM public."CUS_HRImport_Department" WHERE "id" = ?]
2025-12-24 11:35:16 - o.s.jdbc.core.JdbcTemplate - Executing prepared SQL update
2025-12-24 11:35:16 - o.s.jdbc.core.JdbcTemplate - Executing prepared SQL statement [UPDATE public."TsUser" SET "FName" = ?, "FMobile" = ?, "FDepartmentId" = ?, "U_EmployeeCore" = ?, "FSeatId" = ? WHERE "FLoginName" = ?]
2025-12-24 11:35:16 - o.s.jdbc.core.JdbcTemplate - Executing prepared SQL update
2025-12-24 11:35:16 - o.s.jdbc.core.JdbcTemplate - Executing prepared SQL statement [UPDATE public."TsAccount" SET "FName" = ?, "FMobile" = ? WHERE "FLoginName" = ?]
2025-12-24 11:35:16 - c.c.h.service.HRDataProcessService - 更新員工: 李欣恬 (BL037)
2025-12-24 11:35:16 - c.c.h.service.HRDataProcessService - 處理員工: 林綺屏 (BI035)
2025-12-24 11:35:16 - o.s.jdbc.core.JdbcTemplate - Executing prepared SQL query
2025-12-24 11:35:16 - o.s.jdbc.core.JdbcTemplate - Executing prepared SQL statement [SELECT COUNT(*) FROM public."TsAccount" WHERE "FLoginName" = ?]
2025-12-24 11:35:16 - o.s.jdbc.core.JdbcTemplate - Executing prepared SQL query
2025-12-24 11:35:16 - o.s.jdbc.core.JdbcTemplate - Executing prepared SQL statement [SELECT "id" FROM public."CUS_HRImport_Department" WHERE "full_name" = ?]
2025-12-24 11:35:16 - o.s.jdbc.core.JdbcTemplate - Executing prepared SQL query
2025-12-24 11:35:16 - o.s.jdbc.core.JdbcTemplate - Executing prepared SQL statement [SELECT "tree_level" FROM public."CUS_HRImport_Department" WHERE "id" = ?]
2025-12-24 11:35:16 - o.s.jdbc.core.JdbcTemplate - Executing prepared SQL update
2025-12-24 11:35:16 - o.s.jdbc.core.JdbcTemplate - Executing prepared SQL statement [UPDATE public."TsUser" SET "FName" = ?, "FMobile" = ?, "FDepartmentId" = ?, "U_EmployeeCore" = ?, "FSeatId" = ? WHERE "FLoginName" = ?]
2025-12-24 11:35:16 - o.s.jdbc.core.JdbcTemplate - Executing prepared SQL update
2025-12-24 11:35:16 - o.s.jdbc.core.JdbcTemplate - Executing prepared SQL statement [UPDATE public."TsAccount" SET "FName" = ?, "FMobile" = ? WHERE "FLoginName" = ?]
2025-12-24 11:35:16 - c.c.h.service.HRDataProcessService - 更新員工: 林綺屏 (BI035)
2025-12-24 11:35:16 - c.c.h.service.HRDataProcessService - 處理員工: 翁千惠 (CF017)
2025-12-24 11:35:16 - o.s.jdbc.core.JdbcTemplate - Executing prepared SQL query
2025-12-24 11:35:16 - o.s.jdbc.core.JdbcTemplate - Executing prepared SQL statement [SELECT COUNT(*) FROM public."TsAccount" WHERE "FLoginName" = ?]
2025-12-24 11:35:16 - o.s.jdbc.core.JdbcTemplate - Executing prepared SQL query
2025-12-24 11:35:16 - o.s.jdbc.core.JdbcTemplate - Executing prepared SQL statement [SELECT "id" FROM public."CUS_HRImport_Department" WHERE "full_name" = ?]
2025-12-24 11:35:16 - o.s.jdbc.core.JdbcTemplate - Executing prepared SQL query
2025-12-24 11:35:16 - o.s.jdbc.core.JdbcTemplate - Executing prepared SQL statement [SELECT "tree_level" FROM public."CUS_HRImport_Department" WHERE "id" = ?]
2025-12-24 11:35:16 - o.s.jdbc.core.JdbcTemplate - Executing prepared SQL update
2025-12-24 11:35:16 - o.s.jdbc.core.JdbcTemplate - Executing prepared SQL statement [UPDATE public."TsUser" SET "FName" = ?, "FMobile" = ?, "FDepartmentId" = ?, "U_EmployeeCore" = ?, "FSeatId" = ? WHERE "FLoginName" = ?]
2025-12-24 11:35:16 - o.s.jdbc.core.JdbcTemplate - Executing prepared SQL update
2025-12-24 11:35:16 - o.s.jdbc.core.JdbcTemplate - Executing prepared SQL statement [UPDATE public."TsAccount" SET "FName" = ?, "FMobile" = ? WHERE "FLoginName" = ?]
2025-12-24 11:35:16 - c.c.h.service.HRDataProcessService - 更新員工: 翁千惠 (CF017)
2025-12-24 11:35:16 - c.c.h.service.HRDataProcessService - 處理員工: 鄭宜穆 (BL029)
2025-12-24 11:35:16 - o.s.jdbc.core.JdbcTemplate - Executing prepared SQL query
2025-12-24 11:35:16 - o.s.jdbc.core.JdbcTemplate - Executing prepared SQL statement [SELECT COUNT(*) FROM public."TsAccount" WHERE "FLoginName" = ?]
2025-12-24 11:35:16 - o.s.jdbc.core.JdbcTemplate - Executing prepared SQL query
2025-12-24 11:35:16 - o.s.jdbc.core.JdbcTemplate - Executing prepared SQL statement [SELECT "id" FROM public."CUS_HRImport_Department" WHERE "full_name" = ?]
2025-12-24 11:35:16 - o.s.jdbc.core.JdbcTemplate - Executing prepared SQL query
2025-12-24 11:35:16 - o.s.jdbc.core.JdbcTemplate - Executing prepared SQL statement [SELECT "tree_level" FROM public."CUS_HRImport_Department" WHERE "id" = ?]
2025-12-24 11:35:16 - o.s.jdbc.core.JdbcTemplate - Executing prepared SQL update
2025-12-24 11:35:16 - o.s.jdbc.core.JdbcTemplate - Executing prepared SQL statement [UPDATE public."TsUser" SET "FName" = ?, "FMobile" = ?, "FDepartmentId" = ?, "U_EmployeeCore" = ?, "FSeatId" = ? WHERE "FLoginName" = ?]
2025-12-24 11:35:16 - o.s.jdbc.core.JdbcTemplate - Executing prepared SQL update
2025-12-24 11:35:16 - o.s.jdbc.core.JdbcTemplate - Executing prepared SQL statement [UPDATE public."TsAccount" SET "FName" = ?, "FMobile" = ? WHERE "FLoginName" = ?]
2025-12-24 11:35:16 - c.c.h.service.HRDataProcessService - 更新員工: 鄭宜穆 (BL029)
2025-12-24 11:35:16 - c.c.h.service.HRDataProcessService - 處理員工: 曾鼎升 (BL049)
2025-12-24 11:35:16 - o.s.jdbc.core.JdbcTemplate - Executing prepared SQL query
2025-12-24 11:35:16 - o.s.jdbc.core.JdbcTemplate - Executing prepared SQL statement [SELECT COUNT(*) FROM public."TsAccount" WHERE "FLoginName" = ?]
2025-12-24 11:35:16 - o.s.jdbc.core.JdbcTemplate - Executing prepared SQL query
2025-12-24 11:35:16 - o.s.jdbc.core.JdbcTemplate - Executing prepared SQL statement [SELECT "id" FROM public."CUS_HRImport_Department" WHERE "full_name" = ?]
2025-12-24 11:35:16 - o.s.jdbc.core.JdbcTemplate - Executing prepared SQL query
2025-12-24 11:35:16 - o.s.jdbc.core.JdbcTemplate - Executing prepared SQL statement [SELECT "tree_level" FROM public."CUS_HRImport_Department" WHERE "id" = ?]
2025-12-24 11:35:16 - o.s.jdbc.core.JdbcTemplate - Executing prepared SQL update
2025-12-24 11:35:16 - o.s.jdbc.core.JdbcTemplate - Executing prepared SQL statement [UPDATE public."TsUser" SET "FName" = ?, "FMobile" = ?, "FDepartmentId" = ?, "U_EmployeeCore" = ?, "FSeatId" = ? WHERE "FLoginName" = ?]
2025-12-24 11:35:16 - o.s.jdbc.core.JdbcTemplate - Executing prepared SQL update
2025-12-24 11:35:16 - o.s.jdbc.core.JdbcTemplate - Executing prepared SQL statement [UPDATE public."TsAccount" SET "FName" = ?, "FMobile" = ? WHERE "FLoginName" = ?]
2025-12-24 11:35:16 - c.c.h.service.HRDataProcessService - 更新員工: 曾鼎升 (BL049)
2025-12-24 11:35:16 - c.c.h.service.HRDataProcessService - 處理員工: 陳亞欣 (BL062)
2025-12-24 11:35:16 - o.s.jdbc.core.JdbcTemplate - Executing prepared SQL query
2025-12-24 11:35:16 - o.s.jdbc.core.JdbcTemplate - Executing prepared SQL statement [SELECT COUNT(*) FROM public."TsAccount" WHERE "FLoginName" = ?]
2025-12-24 11:35:16 - o.s.jdbc.core.JdbcTemplate - Executing prepared SQL query
2025-12-24 11:35:16 - o.s.jdbc.core.JdbcTemplate - Executing prepared SQL statement [SELECT "id" FROM public."CUS_HRImport_Department" WHERE "full_name" = ?]
2025-12-24 11:35:16 - o.s.jdbc.core.JdbcTemplate - Executing prepared SQL query
2025-12-24 11:35:16 - o.s.jdbc.core.JdbcTemplate - Executing prepared SQL statement [SELECT "tree_level" FROM public."CUS_HRImport_Department" WHERE "id" = ?]
2025-12-24 11:35:16 - o.s.jdbc.core.JdbcTemplate - Executing prepared SQL update
2025-12-24 11:35:16 - o.s.jdbc.core.JdbcTemplate - Executing prepared SQL statement [UPDATE public."TsUser" SET "FName" = ?, "FMobile" = ?, "FDepartmentId" = ?, "U_EmployeeCore" = ?, "FSeatId" = ? WHERE "FLoginName" = ?]
2025-12-24 11:35:16 - o.s.jdbc.core.JdbcTemplate - Executing prepared SQL update
2025-12-24 11:35:16 - o.s.jdbc.core.JdbcTemplate - Executing prepared SQL statement [UPDATE public."TsAccount" SET "FName" = ?, "FMobile" = ? WHERE "FLoginName" = ?]
2025-12-24 11:35:16 - c.c.h.service.HRDataProcessService - 更新員工: 陳亞欣 (BL062)
2025-12-24 11:35:16 - c.c.h.service.HRDataProcessService - 處理員工: 黃詩瑋 (CC022)
2025-12-24 11:35:16 - o.s.jdbc.core.JdbcTemplate - Executing prepared SQL query
2025-12-24 11:35:16 - o.s.jdbc.core.JdbcTemplate - Executing prepared SQL statement [SELECT COUNT(*) FROM public."TsAccount" WHERE "FLoginName" = ?]
2025-12-24 11:35:16 - o.s.jdbc.core.JdbcTemplate - Executing prepared SQL query
2025-12-24 11:35:16 - o.s.jdbc.core.JdbcTemplate - Executing prepared SQL statement [SELECT "id" FROM public."CUS_HRImport_Department" WHERE "full_name" = ?]
2025-12-24 11:35:16 - o.s.jdbc.core.JdbcTemplate - Executing prepared SQL query
2025-12-24 11:35:16 - o.s.jdbc.core.JdbcTemplate - Executing prepared SQL statement [SELECT "tree_level" FROM public."CUS_HRImport_Department" WHERE "id" = ?]
2025-12-24 11:35:16 - o.s.jdbc.core.JdbcTemplate - Executing prepared SQL update
2025-12-24 11:35:16 - o.s.jdbc.core.JdbcTemplate - Executing prepared SQL statement [UPDATE public."TsUser" SET "FName" = ?, "FMobile" = ?, "FDepartmentId" = ?, "U_EmployeeCore" = ?, "FSeatId" = ? WHERE "FLoginName" = ?]
2025-12-24 11:35:16 - o.s.jdbc.core.JdbcTemplate - Executing prepared SQL update
2025-12-24 11:35:16 - o.s.jdbc.core.JdbcTemplate - Executing prepared SQL statement [UPDATE public."TsAccount" SET "FName" = ?, "FMobile" = ? WHERE "FLoginName" = ?]
2025-12-24 11:35:16 - c.c.h.service.HRDataProcessService - 更新員工: 黃詩瑋 (CC022)
2025-12-24 11:35:16 - c.c.h.service.HRDataProcessService - 處理員工: 李立晟 (CD081)
2025-12-24 11:35:16 - o.s.jdbc.core.JdbcTemplate - Executing prepared SQL query
2025-12-24 11:35:16 - o.s.jdbc.core.JdbcTemplate - Executing prepared SQL statement [SELECT COUNT(*) FROM public."TsAccount" WHERE "FLoginName" = ?]
2025-12-24 11:35:16 - o.s.jdbc.core.JdbcTemplate - Executing prepared SQL query
2025-12-24 11:35:16 - o.s.jdbc.core.JdbcTemplate - Executing prepared SQL statement [SELECT "id" FROM public."CUS_HRImport_Department" WHERE "full_name" = ?]
2025-12-24 11:35:16 - o.s.jdbc.core.JdbcTemplate - Executing prepared SQL query
2025-12-24 11:35:16 - o.s.jdbc.core.JdbcTemplate - Executing prepared SQL statement [SELECT "tree_level" FROM public."CUS_HRImport_Department" WHERE "id" = ?]
2025-12-24 11:35:16 - o.s.jdbc.core.JdbcTemplate - Executing prepared SQL update
2025-12-24 11:35:16 - o.s.jdbc.core.JdbcTemplate - Executing prepared SQL statement [UPDATE public."TsUser" SET "FName" = ?, "FMobile" = ?, "FDepartmentId" = ?, "U_EmployeeCore" = ?, "FSeatId" = ? WHERE "FLoginName" = ?]
2025-12-24 11:35:16 - o.s.jdbc.core.JdbcTemplate - Executing prepared SQL update
2025-12-24 11:35:16 - o.s.jdbc.core.JdbcTemplate - Executing prepared SQL statement [UPDATE public."TsAccount" SET "FName" = ?, "FMobile" = ? WHERE "FLoginName" = ?]
2025-12-24 11:35:16 - c.c.h.service.HRDataProcessService - 更新員工: 李立晟 (CD081)
2025-12-24 11:35:16 - c.c.h.service.HRDataProcessService - 處理員工: 陳品妤 (CD097)
2025-12-24 11:35:16 - o.s.jdbc.core.JdbcTemplate - Executing prepared SQL query
2025-12-24 11:35:16 - o.s.jdbc.core.JdbcTemplate - Executing prepared SQL statement [SELECT COUNT(*) FROM public."TsAccount" WHERE "FLoginName" = ?]
2025-12-24 11:35:16 - o.s.jdbc.core.JdbcTemplate - Executing prepared SQL query
2025-12-24 11:35:16 - o.s.jdbc.core.JdbcTemplate - Executing prepared SQL statement [SELECT "id" FROM public."CUS_HRImport_Department" WHERE "full_name" = ?]
2025-12-24 11:35:16 - o.s.jdbc.core.JdbcTemplate - Executing prepared SQL query
2025-12-24 11:35:16 - o.s.jdbc.core.JdbcTemplate - Executing prepared SQL statement [SELECT "tree_level" FROM public."CUS_HRImport_Department" WHERE "id" = ?]
2025-12-24 11:35:16 - o.s.jdbc.core.JdbcTemplate - Executing prepared SQL update
2025-12-24 11:35:16 - o.s.jdbc.core.JdbcTemplate - Executing prepared SQL statement [UPDATE public."TsUser" SET "FName" = ?, "FMobile" = ?, "FDepartmentId" = ?, "U_EmployeeCore" = ?, "FSeatId" = ? WHERE "FLoginName" = ?]
2025-12-24 11:35:16 - o.s.jdbc.core.JdbcTemplate - Executing prepared SQL update
2025-12-24 11:35:16 - o.s.jdbc.core.JdbcTemplate - Executing prepared SQL statement [UPDATE public."TsAccount" SET "FName" = ?, "FMobile" = ? WHERE "FLoginName" = ?]
2025-12-24 11:35:16 - c.c.h.service.HRDataProcessService - 更新員工: 陳品妤 (CD097)
2025-12-24 11:35:16 - c.c.h.service.HRDataProcessService - 處理員工: 吳雨靜 (CE063)
2025-12-24 11:35:16 - o.s.jdbc.core.JdbcTemplate - Executing prepared SQL query
2025-12-24 11:35:16 - o.s.jdbc.core.JdbcTemplate - Executing prepared SQL statement [SELECT COUNT(*) FROM public."TsAccount" WHERE "FLoginName" = ?]
2025-12-24 11:35:16 - o.s.jdbc.core.JdbcTemplate - Executing prepared SQL query
2025-12-24 11:35:16 - o.s.jdbc.core.JdbcTemplate - Executing prepared SQL statement [SELECT "id" FROM public."CUS_HRImport_Department" WHERE "full_name" = ?]
2025-12-24 11:35:16 - o.s.jdbc.core.JdbcTemplate - Executing prepared SQL query
2025-12-24 11:35:16 - o.s.jdbc.core.JdbcTemplate - Executing prepared SQL statement [SELECT "tree_level" FROM public."CUS_HRImport_Department" WHERE "id" = ?]
2025-12-24 11:35:16 - o.s.jdbc.core.JdbcTemplate - Executing prepared SQL update
2025-12-24 11:35:16 - o.s.jdbc.core.JdbcTemplate - Executing prepared SQL statement [UPDATE public."TsUser" SET "FName" = ?, "FMobile" = ?, "FDepartmentId" = ?, "U_EmployeeCore" = ?, "FSeatId" = ? WHERE "FLoginName" = ?]
2025-12-24 11:35:16 - o.s.jdbc.core.JdbcTemplate - Executing prepared SQL update
2025-12-24 11:35:16 - o.s.jdbc.core.JdbcTemplate - Executing prepared SQL statement [UPDATE public."TsAccount" SET "FName" = ?, "FMobile" = ? WHERE "FLoginName" = ?]
2025-12-24 11:35:16 - c.c.h.service.HRDataProcessService - 更新員工: 吳雨靜 (CE063)
2025-12-24 11:35:16 - c.c.h.service.HRDataProcessService - 處理員工: 洪韵珊 (CF051)
2025-12-24 11:35:16 - o.s.jdbc.core.JdbcTemplate - Executing prepared SQL query
2025-12-24 11:35:16 - o.s.jdbc.core.JdbcTemplate - Executing prepared SQL statement [SELECT COUNT(*) FROM public."TsAccount" WHERE "FLoginName" = ?]
2025-12-24 11:35:16 - o.s.jdbc.core.JdbcTemplate - Executing prepared SQL query
2025-12-24 11:35:16 - o.s.jdbc.core.JdbcTemplate - Executing prepared SQL statement [SELECT "id" FROM public."CUS_HRImport_Department" WHERE "full_name" = ?]
2025-12-24 11:35:16 - o.s.jdbc.core.JdbcTemplate - Executing prepared SQL query
2025-12-24 11:35:16 - o.s.jdbc.core.JdbcTemplate - Executing prepared SQL statement [SELECT "tree_level" FROM public."CUS_HRImport_Department" WHERE "id" = ?]
2025-12-24 11:35:16 - o.s.jdbc.core.JdbcTemplate - Executing prepared SQL update
2025-12-24 11:35:16 - o.s.jdbc.core.JdbcTemplate - Executing prepared SQL statement [UPDATE public."TsUser" SET "FName" = ?, "FMobile" = ?, "FDepartmentId" = ?, "U_EmployeeCore" = ?, "FSeatId" = ? WHERE "FLoginName" = ?]
2025-12-24 11:35:16 - o.s.jdbc.core.JdbcTemplate - Executing prepared SQL update
2025-12-24 11:35:16 - o.s.jdbc.core.JdbcTemplate - Executing prepared SQL statement [UPDATE public."TsAccount" SET "FName" = ?, "FMobile" = ? WHERE "FLoginName" = ?]
2025-12-24 11:35:16 - c.c.h.service.HRDataProcessService - 更新員工: 洪韵珊 (CF051)
2025-12-24 11:35:16 - c.c.h.service.HRDataProcessService - 處理員工: 黃詩婷 (BK017)
2025-12-24 11:35:16 - o.s.jdbc.core.JdbcTemplate - Executing prepared SQL query
2025-12-24 11:35:16 - o.s.jdbc.core.JdbcTemplate - Executing prepared SQL statement [SELECT COUNT(*) FROM public."TsAccount" WHERE "FLoginName" = ?]
2025-12-24 11:35:16 - o.s.jdbc.core.JdbcTemplate - Executing prepared SQL query
2025-12-24 11:35:16 - o.s.jdbc.core.JdbcTemplate - Executing prepared SQL statement [SELECT "id" FROM public."CUS_HRImport_Department" WHERE "full_name" = ?]
2025-12-24 11:35:16 - o.s.jdbc.core.JdbcTemplate - Executing prepared SQL query
2025-12-24 11:35:16 - o.s.jdbc.core.JdbcTemplate - Executing prepared SQL statement [SELECT "tree_level" FROM public."CUS_HRImport_Department" WHERE "id" = ?]
2025-12-24 11:35:16 - o.s.jdbc.core.JdbcTemplate - Executing prepared SQL update
2025-12-24 11:35:16 - o.s.jdbc.core.JdbcTemplate - Executing prepared SQL statement [UPDATE public."TsUser" SET "FName" = ?, "FMobile" = ?, "FDepartmentId" = ?, "U_EmployeeCore" = ?, "FSeatId" = ? WHERE "FLoginName" = ?]
2025-12-24 11:35:16 - o.s.jdbc.core.JdbcTemplate - Executing prepared SQL update
2025-12-24 11:35:16 - o.s.jdbc.core.JdbcTemplate - Executing prepared SQL statement [UPDATE public."TsAccount" SET "FName" = ?, "FMobile" = ? WHERE "FLoginName" = ?]
2025-12-24 11:35:16 - c.c.h.service.HRDataProcessService - 更新員工: 黃詩婷 (BK017)
2025-12-24 11:35:16 - c.c.h.service.HRDataProcessService - 處理員工: 顏琬潔 (BL007)
2025-12-24 11:35:16 - o.s.jdbc.core.JdbcTemplate - Executing prepared SQL query
2025-12-24 11:35:16 - o.s.jdbc.core.JdbcTemplate - Executing prepared SQL statement [SELECT COUNT(*) FROM public."TsAccount" WHERE "FLoginName" = ?]
2025-12-24 11:35:16 - o.s.jdbc.core.JdbcTemplate - Executing prepared SQL query
2025-12-24 11:35:16 - o.s.jdbc.core.JdbcTemplate - Executing prepared SQL statement [SELECT "id" FROM public."CUS_HRImport_Department" WHERE "full_name" = ?]
2025-12-24 11:35:16 - o.s.jdbc.core.JdbcTemplate - Executing prepared SQL query
2025-12-24 11:35:16 - o.s.jdbc.core.JdbcTemplate - Executing prepared SQL statement [SELECT "tree_level" FROM public."CUS_HRImport_Department" WHERE "id" = ?]
2025-12-24 11:35:16 - o.s.jdbc.core.JdbcTemplate - Executing prepared SQL update
2025-12-24 11:35:16 - o.s.jdbc.core.JdbcTemplate - Executing prepared SQL statement [UPDATE public."TsUser" SET "FName" = ?, "FMobile" = ?, "FDepartmentId" = ?, "U_EmployeeCore" = ?, "FSeatId" = ? WHERE "FLoginName" = ?]
2025-12-24 11:35:16 - o.s.jdbc.core.JdbcTemplate - Executing prepared SQL update
2025-12-24 11:35:16 - o.s.jdbc.core.JdbcTemplate - Executing prepared SQL statement [UPDATE public."TsAccount" SET "FName" = ?, "FMobile" = ? WHERE "FLoginName" = ?]
2025-12-24 11:35:16 - c.c.h.service.HRDataProcessService - 更新員工: 顏琬潔 (BL007)
2025-12-24 11:35:16 - c.c.h.service.HRDataProcessService - 處理員工: 陳品妤 (BL030)
2025-12-24 11:35:16 - o.s.jdbc.core.JdbcTemplate - Executing prepared SQL query
2025-12-24 11:35:16 - o.s.jdbc.core.JdbcTemplate - Executing prepared SQL statement [SELECT COUNT(*) FROM public."TsAccount" WHERE "FLoginName" = ?]
2025-12-24 11:35:16 - o.s.jdbc.core.JdbcTemplate - Executing prepared SQL query
2025-12-24 11:35:16 - o.s.jdbc.core.JdbcTemplate - Executing prepared SQL statement [SELECT "id" FROM public."CUS_HRImport_Department" WHERE "full_name" = ?]
2025-12-24 11:35:16 - o.s.jdbc.core.JdbcTemplate - Executing prepared SQL query
2025-12-24 11:35:16 - o.s.jdbc.core.JdbcTemplate - Executing prepared SQL statement [SELECT "tree_level" FROM public."CUS_HRImport_Department" WHERE "id" = ?]
2025-12-24 11:35:16 - o.s.jdbc.core.JdbcTemplate - Executing prepared SQL update
2025-12-24 11:35:16 - o.s.jdbc.core.JdbcTemplate - Executing prepared SQL statement [UPDATE public."TsUser" SET "FName" = ?, "FMobile" = ?, "FDepartmentId" = ?, "U_EmployeeCore" = ?, "FSeatId" = ? WHERE "FLoginName" = ?]
2025-12-24 11:35:16 - o.s.jdbc.core.JdbcTemplate - Executing prepared SQL update
2025-12-24 11:35:16 - o.s.jdbc.core.JdbcTemplate - Executing prepared SQL statement [UPDATE public."TsAccount" SET "FName" = ?, "FMobile" = ? WHERE "FLoginName" = ?]
2025-12-24 11:35:16 - c.c.h.service.HRDataProcessService - 更新員工: 陳品妤 (BL030)
2025-12-24 11:35:16 - c.c.h.service.HRDataProcessService - 處理員工: 葉璇菱 (CD012)
2025-12-24 11:35:16 - o.s.jdbc.core.JdbcTemplate - Executing prepared SQL query
2025-12-24 11:35:16 - o.s.jdbc.core.JdbcTemplate - Executing prepared SQL statement [SELECT COUNT(*) FROM public."TsAccount" WHERE "FLoginName" = ?]
2025-12-24 11:35:16 - o.s.jdbc.core.JdbcTemplate - Executing prepared SQL query
2025-12-24 11:35:16 - o.s.jdbc.core.JdbcTemplate - Executing prepared SQL statement [SELECT "id" FROM public."CUS_HRImport_Department" WHERE "full_name" = ?]
2025-12-24 11:35:16 - o.s.jdbc.core.JdbcTemplate - Executing prepared SQL query
2025-12-24 11:35:16 - o.s.jdbc.core.JdbcTemplate - Executing prepared SQL statement [SELECT "tree_level" FROM public."CUS_HRImport_Department" WHERE "id" = ?]
2025-12-24 11:35:16 - o.s.jdbc.core.JdbcTemplate - Executing prepared SQL update
2025-12-24 11:35:16 - o.s.jdbc.core.JdbcTemplate - Executing prepared SQL statement [UPDATE public."TsUser" SET "FName" = ?, "FMobile" = ?, "FDepartmentId" = ?, "U_EmployeeCore" = ?, "FSeatId" = ? WHERE "FLoginName" = ?]
2025-12-24 11:35:16 - o.s.jdbc.core.JdbcTemplate - Executing prepared SQL update
2025-12-24 11:35:16 - o.s.jdbc.core.JdbcTemplate - Executing prepared SQL statement [UPDATE public."TsAccount" SET "FName" = ?, "FMobile" = ? WHERE "FLoginName" = ?]
2025-12-24 11:35:16 - c.c.h.service.HRDataProcessService - 更新員工: 葉璇菱 (CD012)
2025-12-24 11:35:16 - c.c.h.service.HRDataProcessService - 處理員工: 陳堯育 (CD022)
2025-12-24 11:35:16 - o.s.jdbc.core.JdbcTemplate - Executing prepared SQL query
2025-12-24 11:35:16 - o.s.jdbc.core.JdbcTemplate - Executing prepared SQL statement [SELECT COUNT(*) FROM public."TsAccount" WHERE "FLoginName" = ?]
2025-12-24 11:35:16 - o.s.jdbc.core.JdbcTemplate - Executing prepared SQL query
2025-12-24 11:35:16 - o.s.jdbc.core.JdbcTemplate - Executing prepared SQL statement [SELECT "id" FROM public."CUS_HRImport_Department" WHERE "full_name" = ?]
2025-12-24 11:35:16 - o.s.jdbc.core.JdbcTemplate - Executing prepared SQL query
2025-12-24 11:35:16 - o.s.jdbc.core.JdbcTemplate - Executing prepared SQL statement [SELECT "tree_level" FROM public."CUS_HRImport_Department" WHERE "id" = ?]
2025-12-24 11:35:16 - o.s.jdbc.core.JdbcTemplate - Executing prepared SQL update
2025-12-24 11:35:16 - o.s.jdbc.core.JdbcTemplate - Executing prepared SQL statement [UPDATE public."TsUser" SET "FName" = ?, "FMobile" = ?, "FDepartmentId" = ?, "U_EmployeeCore" = ?, "FSeatId" = ? WHERE "FLoginName" = ?]
2025-12-24 11:35:16 - o.s.jdbc.core.JdbcTemplate - Executing prepared SQL update
2025-12-24 11:35:16 - o.s.jdbc.core.JdbcTemplate - Executing prepared SQL statement [UPDATE public."TsAccount" SET "FName" = ?, "FMobile" = ? WHERE "FLoginName" = ?]
2025-12-24 11:35:16 - c.c.h.service.HRDataProcessService - 更新員工: 陳堯育 (CD022)
2025-12-24 11:35:16 - c.c.h.service.HRDataProcessService - 處理員工: 吳佩靜 (CC072)
2025-12-24 11:35:16 - o.s.jdbc.core.JdbcTemplate - Executing prepared SQL query
2025-12-24 11:35:16 - o.s.jdbc.core.JdbcTemplate - Executing prepared SQL statement [SELECT COUNT(*) FROM public."TsAccount" WHERE "FLoginName" = ?]
2025-12-24 11:35:16 - o.s.jdbc.core.JdbcTemplate - Executing prepared SQL query
2025-12-24 11:35:16 - o.s.jdbc.core.JdbcTemplate - Executing prepared SQL statement [SELECT "id" FROM public."CUS_HRImport_Department" WHERE "full_name" = ?]
2025-12-24 11:35:16 - o.s.jdbc.core.JdbcTemplate - Executing prepared SQL query
2025-12-24 11:35:16 - o.s.jdbc.core.JdbcTemplate - Executing prepared SQL statement [SELECT "tree_level" FROM public."CUS_HRImport_Department" WHERE "id" = ?]
2025-12-24 11:35:16 - o.s.jdbc.core.JdbcTemplate - Executing prepared SQL update
2025-12-24 11:35:16 - o.s.jdbc.core.JdbcTemplate - Executing prepared SQL statement [UPDATE public."TsUser" SET "FName" = ?, "FMobile" = ?, "FDepartmentId" = ?, "U_EmployeeCore" = ?, "FSeatId" = ? WHERE "FLoginName" = ?]
2025-12-24 11:35:16 - o.s.jdbc.core.JdbcTemplate - Executing prepared SQL update
2025-12-24 11:35:16 - o.s.jdbc.core.JdbcTemplate - Executing prepared SQL statement [UPDATE public."TsAccount" SET "FName" = ?, "FMobile" = ? WHERE "FLoginName" = ?]
2025-12-24 11:35:16 - c.c.h.service.HRDataProcessService - 更新員工: 吳佩靜 (CC072)
2025-12-24 11:35:16 - c.c.h.service.HRDataProcessService - 處理員工: 紀翔云 (CC036)
2025-12-24 11:35:16 - o.s.jdbc.core.JdbcTemplate - Executing prepared SQL query
2025-12-24 11:35:16 - o.s.jdbc.core.JdbcTemplate - Executing prepared SQL statement [SELECT COUNT(*) FROM public."TsAccount" WHERE "FLoginName" = ?]
2025-12-24 11:35:16 - o.s.jdbc.core.JdbcTemplate - Executing prepared SQL query
2025-12-24 11:35:16 - o.s.jdbc.core.JdbcTemplate - Executing prepared SQL statement [SELECT "id" FROM public."CUS_HRImport_Department" WHERE "full_name" = ?]
2025-12-24 11:35:16 - o.s.jdbc.core.JdbcTemplate - Executing prepared SQL query
2025-12-24 11:35:16 - o.s.jdbc.core.JdbcTemplate - Executing prepared SQL statement [SELECT "tree_level" FROM public."CUS_HRImport_Department" WHERE "id" = ?]
2025-12-24 11:35:16 - o.s.jdbc.core.JdbcTemplate - Executing prepared SQL update
2025-12-24 11:35:16 - o.s.jdbc.core.JdbcTemplate - Executing prepared SQL statement [UPDATE public."TsUser" SET "FName" = ?, "FMobile" = ?, "FDepartmentId" = ?, "U_EmployeeCore" = ?, "FSeatId" = ? WHERE "FLoginName" = ?]
2025-12-24 11:35:16 - o.s.jdbc.core.JdbcTemplate - Executing prepared SQL update
2025-12-24 11:35:16 - o.s.jdbc.core.JdbcTemplate - Executing prepared SQL statement [UPDATE public."TsAccount" SET "FName" = ?, "FMobile" = ? WHERE "FLoginName" = ?]
2025-12-24 11:35:16 - c.c.h.service.HRDataProcessService - 更新員工: 紀翔云 (CC036)
2025-12-24 11:35:16 - c.c.h.service.HRDataProcessService - 處理員工: 陳姿穎 (CF086)
2025-12-24 11:35:16 - o.s.jdbc.core.JdbcTemplate - Executing prepared SQL query
2025-12-24 11:35:16 - o.s.jdbc.core.JdbcTemplate - Executing prepared SQL statement [SELECT COUNT(*) FROM public."TsAccount" WHERE "FLoginName" = ?]
2025-12-24 11:35:16 - o.s.jdbc.core.JdbcTemplate - Executing prepared SQL query
2025-12-24 11:35:16 - o.s.jdbc.core.JdbcTemplate - Executing prepared SQL statement [SELECT "id" FROM public."CUS_HRImport_Department" WHERE "full_name" = ?]
2025-12-24 11:35:16 - o.s.jdbc.core.JdbcTemplate - Executing prepared SQL query
2025-12-24 11:35:16 - o.s.jdbc.core.JdbcTemplate - Executing prepared SQL statement [SELECT "tree_level" FROM public."CUS_HRImport_Department" WHERE "id" = ?]
2025-12-24 11:35:16 - o.s.jdbc.core.JdbcTemplate - Executing prepared SQL update
2025-12-24 11:35:16 - o.s.jdbc.core.JdbcTemplate - Executing prepared SQL statement [UPDATE public."TsUser" SET "FName" = ?, "FMobile" = ?, "FDepartmentId" = ?, "U_EmployeeCore" = ?, "FSeatId" = ? WHERE "FLoginName" = ?]
2025-12-24 11:35:16 - o.s.jdbc.core.JdbcTemplate - Executing prepared SQL update
2025-12-24 11:35:16 - o.s.jdbc.core.JdbcTemplate - Executing prepared SQL statement [UPDATE public."TsAccount" SET "FName" = ?, "FMobile" = ? WHERE "FLoginName" = ?]
2025-12-24 11:35:16 - c.c.h.service.HRDataProcessService - 更新員工: 陳姿穎 (CF086)
2025-12-24 11:35:16 - c.c.h.service.HRDataProcessService - 處理員工: 鄭趙文 (BK056)
2025-12-24 11:35:16 - o.s.jdbc.core.JdbcTemplate - Executing prepared SQL query
2025-12-24 11:35:16 - o.s.jdbc.core.JdbcTemplate - Executing prepared SQL statement [SELECT COUNT(*) FROM public."TsAccount" WHERE "FLoginName" = ?]
2025-12-24 11:35:16 - o.s.jdbc.core.JdbcTemplate - Executing prepared SQL query
2025-12-24 11:35:16 - o.s.jdbc.core.JdbcTemplate - Executing prepared SQL statement [SELECT "id" FROM public."CUS_HRImport_Department" WHERE "full_name" = ?]
2025-12-24 11:35:16 - o.s.jdbc.core.JdbcTemplate - Executing prepared SQL query
2025-12-24 11:35:16 - o.s.jdbc.core.JdbcTemplate - Executing prepared SQL statement [SELECT "tree_level" FROM public."CUS_HRImport_Department" WHERE "id" = ?]
2025-12-24 11:35:16 - o.s.jdbc.core.JdbcTemplate - Executing prepared SQL update
2025-12-24 11:35:16 - o.s.jdbc.core.JdbcTemplate - Executing prepared SQL statement [UPDATE public."TsUser" SET "FName" = ?, "FMobile" = ?, "FDepartmentId" = ?, "U_EmployeeCore" = ?, "FSeatId" = ? WHERE "FLoginName" = ?]
2025-12-24 11:35:16 - o.s.jdbc.core.JdbcTemplate - Executing prepared SQL update
2025-12-24 11:35:16 - o.s.jdbc.core.JdbcTemplate - Executing prepared SQL statement [UPDATE public."TsAccount" SET "FName" = ?, "FMobile" = ? WHERE "FLoginName" = ?]
2025-12-24 11:35:16 - c.c.h.service.HRDataProcessService - 更新員工: 鄭趙文 (BK056)
2025-12-24 11:35:16 - c.c.h.service.HRDataProcessService - 處理員工: 董家伃 (CD062)
2025-12-24 11:35:16 - o.s.jdbc.core.JdbcTemplate - Executing prepared SQL query
2025-12-24 11:35:16 - o.s.jdbc.core.JdbcTemplate - Executing prepared SQL statement [SELECT COUNT(*) FROM public."TsAccount" WHERE "FLoginName" = ?]
2025-12-24 11:35:16 - o.s.jdbc.core.JdbcTemplate - Executing prepared SQL query
2025-12-24 11:35:16 - o.s.jdbc.core.JdbcTemplate - Executing prepared SQL statement [SELECT "id" FROM public."CUS_HRImport_Department" WHERE "full_name" = ?]
2025-12-24 11:35:16 - o.s.jdbc.core.JdbcTemplate - Executing prepared SQL query
2025-12-24 11:35:16 - o.s.jdbc.core.JdbcTemplate - Executing prepared SQL statement [SELECT "tree_level" FROM public."CUS_HRImport_Department" WHERE "id" = ?]
2025-12-24 11:35:16 - o.s.jdbc.core.JdbcTemplate - Executing prepared SQL update
2025-12-24 11:35:16 - o.s.jdbc.core.JdbcTemplate - Executing prepared SQL statement [UPDATE public."TsUser" SET "FName" = ?, "FMobile" = ?, "FDepartmentId" = ?, "U_EmployeeCore" = ?, "FSeatId" = ? WHERE "FLoginName" = ?]
2025-12-24 11:35:16 - o.s.jdbc.core.JdbcTemplate - Executing prepared SQL update
2025-12-24 11:35:16 - o.s.jdbc.core.JdbcTemplate - Executing prepared SQL statement [UPDATE public."TsAccount" SET "FName" = ?, "FMobile" = ? WHERE "FLoginName" = ?]
2025-12-24 11:35:16 - c.c.h.service.HRDataProcessService - 更新員工: 董家伃 (CD062)
2025-12-24 11:35:16 - c.c.h.service.HRDataProcessService - 處理員工: 郭芷涵 (CD036)
2025-12-24 11:35:16 - o.s.jdbc.core.JdbcTemplate - Executing prepared SQL query
2025-12-24 11:35:16 - o.s.jdbc.core.JdbcTemplate - Executing prepared SQL statement [SELECT COUNT(*) FROM public."TsAccount" WHERE "FLoginName" = ?]
2025-12-24 11:35:16 - o.s.jdbc.core.JdbcTemplate - Executing prepared SQL query
2025-12-24 11:35:16 - o.s.jdbc.core.JdbcTemplate - Executing prepared SQL statement [SELECT "id" FROM public."CUS_HRImport_Department" WHERE "full_name" = ?]
2025-12-24 11:35:16 - o.s.jdbc.core.JdbcTemplate - Executing prepared SQL query
2025-12-24 11:35:16 - o.s.jdbc.core.JdbcTemplate - Executing prepared SQL statement [SELECT "tree_level" FROM public."CUS_HRImport_Department" WHERE "id" = ?]
2025-12-24 11:35:16 - o.s.jdbc.core.JdbcTemplate - Executing prepared SQL update
2025-12-24 11:35:16 - o.s.jdbc.core.JdbcTemplate - Executing prepared SQL statement [UPDATE public."TsUser" SET "FName" = ?, "FMobile" = ?, "FDepartmentId" = ?, "U_EmployeeCore" = ?, "FSeatId" = ? WHERE "FLoginName" = ?]
2025-12-24 11:35:16 - o.s.jdbc.core.JdbcTemplate - Executing prepared SQL update
2025-12-24 11:35:16 - o.s.jdbc.core.JdbcTemplate - Executing prepared SQL statement [UPDATE public."TsAccount" SET "FName" = ?, "FMobile" = ? WHERE "FLoginName" = ?]
2025-12-24 11:35:16 - c.c.h.service.HRDataProcessService - 更新員工: 郭芷涵 (CD036)
2025-12-24 11:35:16 - c.c.h.service.HRDataProcessService - 處理員工: 何俊興 (CD011)
2025-12-24 11:35:16 - o.s.jdbc.core.JdbcTemplate - Executing prepared SQL query
2025-12-24 11:35:16 - o.s.jdbc.core.JdbcTemplate - Executing prepared SQL statement [SELECT COUNT(*) FROM public."TsAccount" WHERE "FLoginName" = ?]
2025-12-24 11:35:16 - o.s.jdbc.core.JdbcTemplate - Executing prepared SQL query
2025-12-24 11:35:16 - o.s.jdbc.core.JdbcTemplate - Executing prepared SQL statement [SELECT "id" FROM public."CUS_HRImport_Department" WHERE "full_name" = ?]
2025-12-24 11:35:16 - o.s.jdbc.core.JdbcTemplate - Executing prepared SQL query
2025-12-24 11:35:16 - o.s.jdbc.core.JdbcTemplate - Executing prepared SQL statement [SELECT "tree_level" FROM public."CUS_HRImport_Department" WHERE "id" = ?]
2025-12-24 11:35:16 - o.s.jdbc.core.JdbcTemplate - Executing prepared SQL update
2025-12-24 11:35:16 - o.s.jdbc.core.JdbcTemplate - Executing prepared SQL statement [UPDATE public."TsUser" SET "FName" = ?, "FMobile" = ?, "FDepartmentId" = ?, "U_EmployeeCore" = ?, "FSeatId" = ? WHERE "FLoginName" = ?]
2025-12-24 11:35:16 - o.s.jdbc.core.JdbcTemplate - Executing prepared SQL update
2025-12-24 11:35:16 - o.s.jdbc.core.JdbcTemplate - Executing prepared SQL statement [UPDATE public."TsAccount" SET "FName" = ?, "FMobile" = ? WHERE "FLoginName" = ?]
2025-12-24 11:35:16 - c.c.h.service.HRDataProcessService - 更新員工: 何俊興 (CD011)
2025-12-24 11:35:16 - c.c.h.service.HRDataProcessService - 處理員工: 吳可晴 (CD013)
2025-12-24 11:35:16 - o.s.jdbc.core.JdbcTemplate - Executing prepared SQL query
2025-12-24 11:35:16 - o.s.jdbc.core.JdbcTemplate - Executing prepared SQL statement [SELECT COUNT(*) FROM public."TsAccount" WHERE "FLoginName" = ?]
2025-12-24 11:35:16 - o.s.jdbc.core.JdbcTemplate - Executing prepared SQL query
2025-12-24 11:35:16 - o.s.jdbc.core.JdbcTemplate - Executing prepared SQL statement [SELECT "id" FROM public."CUS_HRImport_Department" WHERE "full_name" = ?]
2025-12-24 11:35:16 - o.s.jdbc.core.JdbcTemplate - Executing prepared SQL query
2025-12-24 11:35:16 - o.s.jdbc.core.JdbcTemplate - Executing prepared SQL statement [SELECT "tree_level" FROM public."CUS_HRImport_Department" WHERE "id" = ?]
2025-12-24 11:35:16 - o.s.jdbc.core.JdbcTemplate - Executing prepared SQL update
2025-12-24 11:35:16 - o.s.jdbc.core.JdbcTemplate - Executing prepared SQL statement [UPDATE public."TsUser" SET "FName" = ?, "FMobile" = ?, "FDepartmentId" = ?, "U_EmployeeCore" = ?, "FSeatId" = ? WHERE "FLoginName" = ?]
2025-12-24 11:35:16 - o.s.jdbc.core.JdbcTemplate - Executing prepared SQL update
2025-12-24 11:35:16 - o.s.jdbc.core.JdbcTemplate - Executing prepared SQL statement [UPDATE public."TsAccount" SET "FName" = ?, "FMobile" = ? WHERE "FLoginName" = ?]
2025-12-24 11:35:16 - c.c.h.service.HRDataProcessService - 更新員工: 吳可晴 (CD013)
2025-12-24 11:35:16 - c.c.h.service.HRDataProcessService - 處理員工: 洪子淳 (BA004)
2025-12-24 11:35:16 - o.s.jdbc.core.JdbcTemplate - Executing prepared SQL query
2025-12-24 11:35:16 - o.s.jdbc.core.JdbcTemplate - Executing prepared SQL statement [SELECT COUNT(*) FROM public."TsAccount" WHERE "FLoginName" = ?]
2025-12-24 11:35:16 - o.s.jdbc.core.JdbcTemplate - Executing prepared SQL query
2025-12-24 11:35:16 - o.s.jdbc.core.JdbcTemplate - Executing prepared SQL statement [SELECT "id" FROM public."CUS_HRImport_Department" WHERE "full_name" = ?]
2025-12-24 11:35:16 - o.s.jdbc.core.JdbcTemplate - Executing prepared SQL query
2025-12-24 11:35:16 - o.s.jdbc.core.JdbcTemplate - Executing prepared SQL statement [SELECT "tree_level" FROM public."CUS_HRImport_Department" WHERE "id" = ?]
2025-12-24 11:35:16 - o.s.jdbc.core.JdbcTemplate - Executing prepared SQL update
2025-12-24 11:35:16 - o.s.jdbc.core.JdbcTemplate - Executing prepared SQL statement [UPDATE public."TsUser" SET "FName" = ?, "FMobile" = ?, "FDepartmentId" = ?, "U_EmployeeCore" = ?, "FSeatId" = ? WHERE "FLoginName" = ?]
2025-12-24 11:35:16 - o.s.jdbc.core.JdbcTemplate - Executing prepared SQL update
2025-12-24 11:35:16 - o.s.jdbc.core.JdbcTemplate - Executing prepared SQL statement [UPDATE public."TsAccount" SET "FName" = ?, "FMobile" = ? WHERE "FLoginName" = ?]
2025-12-24 11:35:16 - c.c.h.service.HRDataProcessService - 更新員工: 洪子淳 (BA004)
2025-12-24 11:35:16 - c.c.h.service.HRDataProcessService - 處理員工: 陳昺顯 (BJ072)
2025-12-24 11:35:16 - o.s.jdbc.core.JdbcTemplate - Executing prepared SQL query
2025-12-24 11:35:16 - o.s.jdbc.core.JdbcTemplate - Executing prepared SQL statement [SELECT COUNT(*) FROM public."TsAccount" WHERE "FLoginName" = ?]
2025-12-24 11:35:16 - o.s.jdbc.core.JdbcTemplate - Executing prepared SQL query
2025-12-24 11:35:16 - o.s.jdbc.core.JdbcTemplate - Executing prepared SQL statement [SELECT "id" FROM public."CUS_HRImport_Department" WHERE "full_name" = ?]
2025-12-24 11:35:16 - o.s.jdbc.core.JdbcTemplate - Executing prepared SQL query
2025-12-24 11:35:16 - o.s.jdbc.core.JdbcTemplate - Executing prepared SQL statement [SELECT "tree_level" FROM public."CUS_HRImport_Department" WHERE "id" = ?]
2025-12-24 11:35:16 - o.s.jdbc.core.JdbcTemplate - Executing prepared SQL update
2025-12-24 11:35:16 - o.s.jdbc.core.JdbcTemplate - Executing prepared SQL statement [UPDATE public."TsUser" SET "FName" = ?, "FMobile" = ?, "FDepartmentId" = ?, "U_EmployeeCore" = ?, "FSeatId" = ? WHERE "FLoginName" = ?]
2025-12-24 11:35:16 - o.s.jdbc.core.JdbcTemplate - Executing prepared SQL update
2025-12-24 11:35:16 - o.s.jdbc.core.JdbcTemplate - Executing prepared SQL statement [UPDATE public."TsAccount" SET "FName" = ?, "FMobile" = ? WHERE "FLoginName" = ?]
2025-12-24 11:35:16 - c.c.h.service.HRDataProcessService - 更新員工: 陳昺顯 (BJ072)
2025-12-24 11:35:16 - c.c.h.service.HRDataProcessService - 處理員工: 陳宇熙 (CF084)
2025-12-24 11:35:16 - o.s.jdbc.core.JdbcTemplate - Executing prepared SQL query
2025-12-24 11:35:16 - o.s.jdbc.core.JdbcTemplate - Executing prepared SQL statement [SELECT COUNT(*) FROM public."TsAccount" WHERE "FLoginName" = ?]
2025-12-24 11:35:16 - o.s.jdbc.core.JdbcTemplate - Executing prepared SQL query
2025-12-24 11:35:16 - o.s.jdbc.core.JdbcTemplate - Executing prepared SQL statement [SELECT "id" FROM public."CUS_HRImport_Department" WHERE "full_name" = ?]
2025-12-24 11:35:16 - o.s.jdbc.core.JdbcTemplate - Executing prepared SQL query
2025-12-24 11:35:16 - o.s.jdbc.core.JdbcTemplate - Executing prepared SQL statement [SELECT "tree_level" FROM public."CUS_HRImport_Department" WHERE "id" = ?]
2025-12-24 11:35:16 - o.s.jdbc.core.JdbcTemplate - Executing prepared SQL update
2025-12-24 11:35:16 - o.s.jdbc.core.JdbcTemplate - Executing prepared SQL statement [UPDATE public."TsUser" SET "FName" = ?, "FMobile" = ?, "FDepartmentId" = ?, "U_EmployeeCore" = ?, "FSeatId" = ? WHERE "FLoginName" = ?]
2025-12-24 11:35:16 - o.s.jdbc.core.JdbcTemplate - Executing prepared SQL update
2025-12-24 11:35:16 - o.s.jdbc.core.JdbcTemplate - Executing prepared SQL statement [UPDATE public."TsAccount" SET "FName" = ?, "FMobile" = ? WHERE "FLoginName" = ?]
2025-12-24 11:35:16 - c.c.h.service.HRDataProcessService - 更新員工: 陳宇熙 (CF084)
2025-12-24 11:35:16 - c.c.h.service.HRDataProcessService - 處理員工: 吳啟將 (AG139)
2025-12-24 11:35:16 - o.s.jdbc.core.JdbcTemplate - Executing prepared SQL query
2025-12-24 11:35:16 - o.s.jdbc.core.JdbcTemplate - Executing prepared SQL statement [SELECT COUNT(*) FROM public."TsAccount" WHERE "FLoginName" = ?]
2025-12-24 11:35:16 - o.s.jdbc.core.JdbcTemplate - Executing prepared SQL query
2025-12-24 11:35:16 - o.s.jdbc.core.JdbcTemplate - Executing prepared SQL statement [SELECT "id" FROM public."CUS_HRImport_Department" WHERE "full_name" = ?]
2025-12-24 11:35:16 - o.s.jdbc.core.JdbcTemplate - Executing prepared SQL query
2025-12-24 11:35:16 - o.s.jdbc.core.JdbcTemplate - Executing prepared SQL statement [SELECT "tree_level" FROM public."CUS_HRImport_Department" WHERE "id" = ?]
2025-12-24 11:35:16 - o.s.jdbc.core.JdbcTemplate - Executing prepared SQL update
2025-12-24 11:35:16 - o.s.jdbc.core.JdbcTemplate - Executing prepared SQL statement [UPDATE public."TsUser" SET "FName" = ?, "FMobile" = ?, "FDepartmentId" = ?, "U_EmployeeCore" = ?, "FSeatId" = ? WHERE "FLoginName" = ?]
2025-12-24 11:35:16 - o.s.jdbc.core.JdbcTemplate - Executing prepared SQL update
2025-12-24 11:35:16 - o.s.jdbc.core.JdbcTemplate - Executing prepared SQL statement [UPDATE public."TsAccount" SET "FName" = ?, "FMobile" = ? WHERE "FLoginName" = ?]
2025-12-24 11:35:16 - c.c.h.service.HRDataProcessService - 更新員工: 吳啟將 (AG139)
2025-12-24 11:35:16 - c.c.h.service.HRDataProcessService - 處理員工: 張翠碧 (AH002)
2025-12-24 11:35:16 - o.s.jdbc.core.JdbcTemplate - Executing prepared SQL query
2025-12-24 11:35:16 - o.s.jdbc.core.JdbcTemplate - Executing prepared SQL statement [SELECT COUNT(*) FROM public."TsAccount" WHERE "FLoginName" = ?]
2025-12-24 11:35:16 - o.s.jdbc.core.JdbcTemplate - Executing prepared SQL query
2025-12-24 11:35:16 - o.s.jdbc.core.JdbcTemplate - Executing prepared SQL statement [SELECT "id" FROM public."CUS_HRImport_Department" WHERE "full_name" = ?]
2025-12-24 11:35:16 - o.s.jdbc.core.JdbcTemplate - Executing prepared SQL query
2025-12-24 11:35:16 - o.s.jdbc.core.JdbcTemplate - Executing prepared SQL statement [SELECT "tree_level" FROM public."CUS_HRImport_Department" WHERE "id" = ?]
2025-12-24 11:35:16 - o.s.jdbc.core.JdbcTemplate - Executing prepared SQL update
2025-12-24 11:35:16 - o.s.jdbc.core.JdbcTemplate - Executing prepared SQL statement [UPDATE public."TsUser" SET "FName" = ?, "FMobile" = ?, "FDepartmentId" = ?, "U_EmployeeCore" = ?, "FSeatId" = ? WHERE "FLoginName" = ?]
2025-12-24 11:35:16 - o.s.jdbc.core.JdbcTemplate - Executing prepared SQL update
2025-12-24 11:35:16 - o.s.jdbc.core.JdbcTemplate - Executing prepared SQL statement [UPDATE public."TsAccount" SET "FName" = ?, "FMobile" = ? WHERE "FLoginName" = ?]
2025-12-24 11:35:16 - c.c.h.service.HRDataProcessService - 更新員工: 張翠碧 (AH002)
2025-12-24 11:35:16 - c.c.h.service.HRDataProcessService - 處理員工: 沈川熙 (BH124)
2025-12-24 11:35:16 - o.s.jdbc.core.JdbcTemplate - Executing prepared SQL query
2025-12-24 11:35:16 - o.s.jdbc.core.JdbcTemplate - Executing prepared SQL statement [SELECT COUNT(*) FROM public."TsAccount" WHERE "FLoginName" = ?]
2025-12-24 11:35:16 - o.s.jdbc.core.JdbcTemplate - Executing prepared SQL query
2025-12-24 11:35:16 - o.s.jdbc.core.JdbcTemplate - Executing prepared SQL statement [SELECT "id" FROM public."CUS_HRImport_Department" WHERE "full_name" = ?]
2025-12-24 11:35:16 - o.s.jdbc.core.JdbcTemplate - Executing prepared SQL query
2025-12-24 11:35:16 - o.s.jdbc.core.JdbcTemplate - Executing prepared SQL statement [SELECT "tree_level" FROM public."CUS_HRImport_Department" WHERE "id" = ?]
2025-12-24 11:35:16 - o.s.jdbc.core.JdbcTemplate - Executing prepared SQL update
2025-12-24 11:35:16 - o.s.jdbc.core.JdbcTemplate - Executing prepared SQL statement [UPDATE public."TsUser" SET "FName" = ?, "FMobile" = ?, "FDepartmentId" = ?, "U_EmployeeCore" = ?, "FSeatId" = ? WHERE "FLoginName" = ?]
2025-12-24 11:35:16 - o.s.jdbc.core.JdbcTemplate - Executing prepared SQL update
2025-12-24 11:35:16 - o.s.jdbc.core.JdbcTemplate - Executing prepared SQL statement [UPDATE public."TsAccount" SET "FName" = ?, "FMobile" = ? WHERE "FLoginName" = ?]
2025-12-24 11:35:16 - c.c.h.service.HRDataProcessService - 更新員工: 沈川熙 (BH124)
2025-12-24 11:35:16 - c.c.h.service.HRDataProcessService - 處理員工: 陳志任 (CD060)
2025-12-24 11:35:16 - o.s.jdbc.core.JdbcTemplate - Executing prepared SQL query
2025-12-24 11:35:16 - o.s.jdbc.core.JdbcTemplate - Executing prepared SQL statement [SELECT COUNT(*) FROM public."TsAccount" WHERE "FLoginName" = ?]
2025-12-24 11:35:16 - o.s.jdbc.core.JdbcTemplate - Executing prepared SQL query
2025-12-24 11:35:16 - o.s.jdbc.core.JdbcTemplate - Executing prepared SQL statement [SELECT "id" FROM public."CUS_HRImport_Department" WHERE "full_name" = ?]
2025-12-24 11:35:16 - o.s.jdbc.core.JdbcTemplate - Executing prepared SQL query
2025-12-24 11:35:16 - o.s.jdbc.core.JdbcTemplate - Executing prepared SQL statement [SELECT "tree_level" FROM public."CUS_HRImport_Department" WHERE "id" = ?]
2025-12-24 11:35:16 - o.s.jdbc.core.JdbcTemplate - Executing prepared SQL update
2025-12-24 11:35:16 - o.s.jdbc.core.JdbcTemplate - Executing prepared SQL statement [UPDATE public."TsUser" SET "FName" = ?, "FMobile" = ?, "FDepartmentId" = ?, "U_EmployeeCore" = ?, "FSeatId" = ? WHERE "FLoginName" = ?]
2025-12-24 11:35:16 - o.s.jdbc.core.JdbcTemplate - Executing prepared SQL update
2025-12-24 11:35:16 - o.s.jdbc.core.JdbcTemplate - Executing prepared SQL statement [UPDATE public."TsAccount" SET "FName" = ?, "FMobile" = ? WHERE "FLoginName" = ?]
2025-12-24 11:35:16 - c.c.h.service.HRDataProcessService - 更新員工: 陳志任 (CD060)
2025-12-24 11:35:16 - c.c.h.service.HRDataProcessService - 處理員工: 謝茂守 (BA057)
2025-12-24 11:35:16 - o.s.jdbc.core.JdbcTemplate - Executing prepared SQL query
2025-12-24 11:35:16 - o.s.jdbc.core.JdbcTemplate - Executing prepared SQL statement [SELECT COUNT(*) FROM public."TsAccount" WHERE "FLoginName" = ?]
2025-12-24 11:35:16 - o.s.jdbc.core.JdbcTemplate - Executing prepared SQL query
2025-12-24 11:35:16 - o.s.jdbc.core.JdbcTemplate - Executing prepared SQL statement [SELECT "id" FROM public."CUS_HRImport_Department" WHERE "full_name" = ?]
2025-12-24 11:35:16 - o.s.jdbc.core.JdbcTemplate - Executing prepared SQL query
2025-12-24 11:35:16 - o.s.jdbc.core.JdbcTemplate - Executing prepared SQL statement [SELECT "tree_level" FROM public."CUS_HRImport_Department" WHERE "id" = ?]
2025-12-24 11:35:16 - o.s.jdbc.core.JdbcTemplate - Executing prepared SQL update
2025-12-24 11:35:16 - o.s.jdbc.core.JdbcTemplate - Executing prepared SQL statement [UPDATE public."TsUser" SET "FName" = ?, "FMobile" = ?, "FDepartmentId" = ?, "U_EmployeeCore" = ?, "FSeatId" = ? WHERE "FLoginName" = ?]
2025-12-24 11:35:16 - o.s.jdbc.core.JdbcTemplate - Executing prepared SQL update
2025-12-24 11:35:16 - o.s.jdbc.core.JdbcTemplate - Executing prepared SQL statement [UPDATE public."TsAccount" SET "FName" = ?, "FMobile" = ? WHERE "FLoginName" = ?]
2025-12-24 11:35:16 - c.c.h.service.HRDataProcessService - 更新員工: 謝茂守 (BA057)
2025-12-24 11:35:16 - c.c.h.service.HRDataProcessService - 處理員工: 林大為 (BA081)
2025-12-24 11:35:16 - o.s.jdbc.core.JdbcTemplate - Executing prepared SQL query
2025-12-24 11:35:16 - o.s.jdbc.core.JdbcTemplate - Executing prepared SQL statement [SELECT COUNT(*) FROM public."TsAccount" WHERE "FLoginName" = ?]
2025-12-24 11:35:16 - o.s.jdbc.core.JdbcTemplate - Executing prepared SQL query
2025-12-24 11:35:16 - o.s.jdbc.core.JdbcTemplate - Executing prepared SQL statement [SELECT "id" FROM public."CUS_HRImport_Department" WHERE "full_name" = ?]
2025-12-24 11:35:16 - o.s.jdbc.core.JdbcTemplate - Executing prepared SQL query
2025-12-24 11:35:16 - o.s.jdbc.core.JdbcTemplate - Executing prepared SQL statement [SELECT "tree_level" FROM public."CUS_HRImport_Department" WHERE "id" = ?]
2025-12-24 11:35:16 - o.s.jdbc.core.JdbcTemplate - Executing prepared SQL update
2025-12-24 11:35:16 - o.s.jdbc.core.JdbcTemplate - Executing prepared SQL statement [UPDATE public."TsUser" SET "FName" = ?, "FMobile" = ?, "FDepartmentId" = ?, "U_EmployeeCore" = ?, "FSeatId" = ? WHERE "FLoginName" = ?]
2025-12-24 11:35:16 - o.s.jdbc.core.JdbcTemplate - Executing prepared SQL update
2025-12-24 11:35:16 - o.s.jdbc.core.JdbcTemplate - Executing prepared SQL statement [UPDATE public."TsAccount" SET "FName" = ?, "FMobile" = ? WHERE "FLoginName" = ?]
2025-12-24 11:35:16 - c.c.h.service.HRDataProcessService - 更新員工: 林大為 (BA081)
2025-12-24 11:35:16 - c.c.h.service.HRDataProcessService - 處理員工: 陳美伶 (BA100)
2025-12-24 11:35:16 - o.s.jdbc.core.JdbcTemplate - Executing prepared SQL query
2025-12-24 11:35:16 - o.s.jdbc.core.JdbcTemplate - Executing prepared SQL statement [SELECT COUNT(*) FROM public."TsAccount" WHERE "FLoginName" = ?]
2025-12-24 11:35:16 - o.s.jdbc.core.JdbcTemplate - Executing prepared SQL query
2025-12-24 11:35:16 - o.s.jdbc.core.JdbcTemplate - Executing prepared SQL statement [SELECT "id" FROM public."CUS_HRImport_Department" WHERE "full_name" = ?]
2025-12-24 11:35:16 - o.s.jdbc.core.JdbcTemplate - Executing prepared SQL query
2025-12-24 11:35:16 - o.s.jdbc.core.JdbcTemplate - Executing prepared SQL statement [SELECT "tree_level" FROM public."CUS_HRImport_Department" WHERE "id" = ?]
2025-12-24 11:35:16 - o.s.jdbc.core.JdbcTemplate - Executing prepared SQL update
2025-12-24 11:35:16 - o.s.jdbc.core.JdbcTemplate - Executing prepared SQL statement [UPDATE public."TsUser" SET "FName" = ?, "FMobile" = ?, "FDepartmentId" = ?, "U_EmployeeCore" = ?, "FSeatId" = ? WHERE "FLoginName" = ?]
2025-12-24 11:35:16 - o.s.jdbc.core.JdbcTemplate - Executing prepared SQL update
2025-12-24 11:35:16 - o.s.jdbc.core.JdbcTemplate - Executing prepared SQL statement [UPDATE public."TsAccount" SET "FName" = ?, "FMobile" = ? WHERE "FLoginName" = ?]
2025-12-24 11:35:16 - c.c.h.service.HRDataProcessService - 更新員工: 陳美伶 (BA100)
2025-12-24 11:35:16 - c.c.h.service.HRDataProcessService - 處理員工: 蔣林淑媛 (BA117)
2025-12-24 11:35:16 - o.s.jdbc.core.JdbcTemplate - Executing prepared SQL query
2025-12-24 11:35:16 - o.s.jdbc.core.JdbcTemplate - Executing prepared SQL statement [SELECT COUNT(*) FROM public."TsAccount" WHERE "FLoginName" = ?]
2025-12-24 11:35:16 - o.s.jdbc.core.JdbcTemplate - Executing prepared SQL query
2025-12-24 11:35:16 - o.s.jdbc.core.JdbcTemplate - Executing prepared SQL statement [SELECT "id" FROM public."CUS_HRImport_Department" WHERE "full_name" = ?]
2025-12-24 11:35:16 - o.s.jdbc.core.JdbcTemplate - Executing prepared SQL query
2025-12-24 11:35:16 - o.s.jdbc.core.JdbcTemplate - Executing prepared SQL statement [SELECT "tree_level" FROM public."CUS_HRImport_Department" WHERE "id" = ?]
2025-12-24 11:35:16 - o.s.jdbc.core.JdbcTemplate - Executing prepared SQL update
2025-12-24 11:35:16 - o.s.jdbc.core.JdbcTemplate - Executing prepared SQL statement [UPDATE public."TsUser" SET "FName" = ?, "FMobile" = ?, "FDepartmentId" = ?, "U_EmployeeCore" = ?, "FSeatId" = ? WHERE "FLoginName" = ?]
2025-12-24 11:35:16 - o.s.jdbc.core.JdbcTemplate - Executing prepared SQL update
2025-12-24 11:35:16 - o.s.jdbc.core.JdbcTemplate - Executing prepared SQL statement [UPDATE public."TsAccount" SET "FName" = ?, "FMobile" = ? WHERE "FLoginName" = ?]
2025-12-24 11:35:16 - c.c.h.service.HRDataProcessService - 更新員工: 蔣林淑媛 (BA117)
2025-12-24 11:35:16 - c.c.h.service.HRDataProcessService - 處理員工: 周庭卉 (CD057)
2025-12-24 11:35:16 - o.s.jdbc.core.JdbcTemplate - Executing prepared SQL query
2025-12-24 11:35:16 - o.s.jdbc.core.JdbcTemplate - Executing prepared SQL statement [SELECT COUNT(*) FROM public."TsAccount" WHERE "FLoginName" = ?]
2025-12-24 11:35:16 - o.s.jdbc.core.JdbcTemplate - Executing prepared SQL query
2025-12-24 11:35:16 - o.s.jdbc.core.JdbcTemplate - Executing prepared SQL statement [SELECT "id" FROM public."CUS_HRImport_Department" WHERE "full_name" = ?]
2025-12-24 11:35:16 - o.s.jdbc.core.JdbcTemplate - Executing prepared SQL query
2025-12-24 11:35:16 - o.s.jdbc.core.JdbcTemplate - Executing prepared SQL statement [SELECT "tree_level" FROM public."CUS_HRImport_Department" WHERE "id" = ?]
2025-12-24 11:35:16 - o.s.jdbc.core.JdbcTemplate - Executing prepared SQL update
2025-12-24 11:35:16 - o.s.jdbc.core.JdbcTemplate - Executing prepared SQL statement [UPDATE public."TsUser" SET "FName" = ?, "FMobile" = ?, "FDepartmentId" = ?, "U_EmployeeCore" = ?, "FSeatId" = ? WHERE "FLoginName" = ?]
2025-12-24 11:35:16 - o.s.jdbc.core.JdbcTemplate - Executing prepared SQL update
2025-12-24 11:35:16 - o.s.jdbc.core.JdbcTemplate - Executing prepared SQL statement [UPDATE public."TsAccount" SET "FName" = ?, "FMobile" = ? WHERE "FLoginName" = ?]
2025-12-24 11:35:16 - c.c.h.service.HRDataProcessService - 更新員工: 周庭卉 (CD057)
2025-12-24 11:35:16 - c.c.h.service.HRDataProcessService - 處理員工: 鄭語緹 (CF023)
2025-12-24 11:35:16 - o.s.jdbc.core.JdbcTemplate - Executing prepared SQL query
2025-12-24 11:35:16 - o.s.jdbc.core.JdbcTemplate - Executing prepared SQL statement [SELECT COUNT(*) FROM public."TsAccount" WHERE "FLoginName" = ?]
2025-12-24 11:35:16 - o.s.jdbc.core.JdbcTemplate - Executing prepared SQL query
2025-12-24 11:35:16 - o.s.jdbc.core.JdbcTemplate - Executing prepared SQL statement [SELECT "id" FROM public."CUS_HRImport_Department" WHERE "full_name" = ?]
2025-12-24 11:35:16 - o.s.jdbc.core.JdbcTemplate - Executing prepared SQL query
2025-12-24 11:35:16 - o.s.jdbc.core.JdbcTemplate - Executing prepared SQL statement [SELECT "tree_level" FROM public."CUS_HRImport_Department" WHERE "id" = ?]
2025-12-24 11:35:16 - o.s.jdbc.core.JdbcTemplate - Executing prepared SQL update
2025-12-24 11:35:16 - o.s.jdbc.core.JdbcTemplate - Executing prepared SQL statement [UPDATE public."TsUser" SET "FName" = ?, "FMobile" = ?, "FDepartmentId" = ?, "U_EmployeeCore" = ?, "FSeatId" = ? WHERE "FLoginName" = ?]
2025-12-24 11:35:16 - o.s.jdbc.core.JdbcTemplate - Executing prepared SQL update
2025-12-24 11:35:16 - o.s.jdbc.core.JdbcTemplate - Executing prepared SQL statement [UPDATE public."TsAccount" SET "FName" = ?, "FMobile" = ? WHERE "FLoginName" = ?]
2025-12-24 11:35:16 - c.c.h.service.HRDataProcessService - 更新員工: 鄭語緹 (CF023)
2025-12-24 11:35:16 - c.c.h.service.HRDataProcessService - 處理員工: 曾惠娟 (CE056)
2025-12-24 11:35:16 - o.s.jdbc.core.JdbcTemplate - Executing prepared SQL query
2025-12-24 11:35:16 - o.s.jdbc.core.JdbcTemplate - Executing prepared SQL statement [SELECT COUNT(*) FROM public."TsAccount" WHERE "FLoginName" = ?]
2025-12-24 11:35:16 - o.s.jdbc.core.JdbcTemplate - Executing prepared SQL query
2025-12-24 11:35:16 - o.s.jdbc.core.JdbcTemplate - Executing prepared SQL statement [SELECT "id" FROM public."CUS_HRImport_Department" WHERE "full_name" = ?]
2025-12-24 11:35:16 - o.s.jdbc.core.JdbcTemplate - Executing prepared SQL query
2025-12-24 11:35:16 - o.s.jdbc.core.JdbcTemplate - Executing prepared SQL statement [SELECT "tree_level" FROM public."CUS_HRImport_Department" WHERE "id" = ?]
2025-12-24 11:35:16 - o.s.jdbc.core.JdbcTemplate - Executing prepared SQL update
2025-12-24 11:35:16 - o.s.jdbc.core.JdbcTemplate - Executing prepared SQL statement [UPDATE public."TsUser" SET "FName" = ?, "FMobile" = ?, "FDepartmentId" = ?, "U_EmployeeCore" = ?, "FSeatId" = ? WHERE "FLoginName" = ?]
2025-12-24 11:35:16 - o.s.jdbc.core.JdbcTemplate - Executing prepared SQL update
2025-12-24 11:35:16 - o.s.jdbc.core.JdbcTemplate - Executing prepared SQL statement [UPDATE public."TsAccount" SET "FName" = ?, "FMobile" = ? WHERE "FLoginName" = ?]
2025-12-24 11:35:16 - c.c.h.service.HRDataProcessService - 更新員工: 曾惠娟 (CE056)
2025-12-24 11:35:16 - c.c.h.service.HRDataProcessService - 處理員工: 曾靜貞 (CD028)
2025-12-24 11:35:16 - o.s.jdbc.core.JdbcTemplate - Executing prepared SQL query
2025-12-24 11:35:16 - o.s.jdbc.core.JdbcTemplate - Executing prepared SQL statement [SELECT COUNT(*) FROM public."TsAccount" WHERE "FLoginName" = ?]
2025-12-24 11:35:16 - o.s.jdbc.core.JdbcTemplate - Executing prepared SQL query
2025-12-24 11:35:16 - o.s.jdbc.core.JdbcTemplate - Executing prepared SQL statement [SELECT "id" FROM public."CUS_HRImport_Department" WHERE "full_name" = ?]
2025-12-24 11:35:16 - o.s.jdbc.core.JdbcTemplate - Executing prepared SQL query
2025-12-24 11:35:16 - o.s.jdbc.core.JdbcTemplate - Executing prepared SQL statement [SELECT "tree_level" FROM public."CUS_HRImport_Department" WHERE "id" = ?]
2025-12-24 11:35:16 - o.s.jdbc.core.JdbcTemplate - Executing prepared SQL update
2025-12-24 11:35:16 - o.s.jdbc.core.JdbcTemplate - Executing prepared SQL statement [UPDATE public."TsUser" SET "FName" = ?, "FMobile" = ?, "FDepartmentId" = ?, "U_EmployeeCore" = ?, "FSeatId" = ? WHERE "FLoginName" = ?]
2025-12-24 11:35:16 - o.s.jdbc.core.JdbcTemplate - Executing prepared SQL update
2025-12-24 11:35:16 - o.s.jdbc.core.JdbcTemplate - Executing prepared SQL statement [UPDATE public."TsAccount" SET "FName" = ?, "FMobile" = ? WHERE "FLoginName" = ?]
2025-12-24 11:35:16 - c.c.h.service.HRDataProcessService - 更新員工: 曾靜貞 (CD028)
2025-12-24 11:35:16 - c.c.h.service.HRDataProcessService - 處理員工: 林連明 (BA078)
2025-12-24 11:35:16 - o.s.jdbc.core.JdbcTemplate - Executing prepared SQL query
2025-12-24 11:35:16 - o.s.jdbc.core.JdbcTemplate - Executing prepared SQL statement [SELECT COUNT(*) FROM public."TsAccount" WHERE "FLoginName" = ?]
2025-12-24 11:35:16 - o.s.jdbc.core.JdbcTemplate - Executing prepared SQL query
2025-12-24 11:35:16 - o.s.jdbc.core.JdbcTemplate - Executing prepared SQL statement [SELECT "id" FROM public."CUS_HRImport_Department" WHERE "full_name" = ?]
2025-12-24 11:35:16 - o.s.jdbc.core.JdbcTemplate - Executing prepared SQL query
2025-12-24 11:35:16 - o.s.jdbc.core.JdbcTemplate - Executing prepared SQL statement [SELECT "tree_level" FROM public."CUS_HRImport_Department" WHERE "id" = ?]
2025-12-24 11:35:16 - o.s.jdbc.core.JdbcTemplate - Executing prepared SQL update
2025-12-24 11:35:16 - o.s.jdbc.core.JdbcTemplate - Executing prepared SQL statement [UPDATE public."TsUser" SET "FName" = ?, "FMobile" = ?, "FDepartmentId" = ?, "U_EmployeeCore" = ?, "FSeatId" = ? WHERE "FLoginName" = ?]
2025-12-24 11:35:16 - o.s.jdbc.core.JdbcTemplate - Executing prepared SQL update
2025-12-24 11:35:16 - o.s.jdbc.core.JdbcTemplate - Executing prepared SQL statement [UPDATE public."TsAccount" SET "FName" = ?, "FMobile" = ? WHERE "FLoginName" = ?]
2025-12-24 11:35:16 - c.c.h.service.HRDataProcessService - 更新員工: 林連明 (BA078)
2025-12-24 11:35:16 - c.c.h.service.HRDataProcessService - 處理員工: 謝曜聲 (BA089)
2025-12-24 11:35:16 - o.s.jdbc.core.JdbcTemplate - Executing prepared SQL query
2025-12-24 11:35:16 - o.s.jdbc.core.JdbcTemplate - Executing prepared SQL statement [SELECT COUNT(*) FROM public."TsAccount" WHERE "FLoginName" = ?]
2025-12-24 11:35:16 - o.s.jdbc.core.JdbcTemplate - Executing prepared SQL query
2025-12-24 11:35:16 - o.s.jdbc.core.JdbcTemplate - Executing prepared SQL statement [SELECT "id" FROM public."CUS_HRImport_Department" WHERE "full_name" = ?]
2025-12-24 11:35:16 - o.s.jdbc.core.JdbcTemplate - Executing prepared SQL query
2025-12-24 11:35:16 - o.s.jdbc.core.JdbcTemplate - Executing prepared SQL statement [SELECT "tree_level" FROM public."CUS_HRImport_Department" WHERE "id" = ?]
2025-12-24 11:35:16 - o.s.jdbc.core.JdbcTemplate - Executing prepared SQL update
2025-12-24 11:35:16 - o.s.jdbc.core.JdbcTemplate - Executing prepared SQL statement [UPDATE public."TsUser" SET "FName" = ?, "FMobile" = ?, "FDepartmentId" = ?, "U_EmployeeCore" = ?, "FSeatId" = ? WHERE "FLoginName" = ?]
2025-12-24 11:35:16 - o.s.jdbc.core.JdbcTemplate - Executing prepared SQL update
2025-12-24 11:35:16 - o.s.jdbc.core.JdbcTemplate - Executing prepared SQL statement [UPDATE public."TsAccount" SET "FName" = ?, "FMobile" = ? WHERE "FLoginName" = ?]
2025-12-24 11:35:16 - c.c.h.service.HRDataProcessService - 更新員工: 謝曜聲 (BA089)
2025-12-24 11:35:16 - c.c.h.service.HRDataProcessService - 處理員工: 謝哲仁 (BB076)
2025-12-24 11:35:16 - o.s.jdbc.core.JdbcTemplate - Executing prepared SQL query
2025-12-24 11:35:16 - o.s.jdbc.core.JdbcTemplate - Executing prepared SQL statement [SELECT COUNT(*) FROM public."TsAccount" WHERE "FLoginName" = ?]
2025-12-24 11:35:16 - o.s.jdbc.core.JdbcTemplate - Executing prepared SQL query
2025-12-24 11:35:16 - o.s.jdbc.core.JdbcTemplate - Executing prepared SQL statement [SELECT "id" FROM public."CUS_HRImport_Department" WHERE "full_name" = ?]
2025-12-24 11:35:16 - o.s.jdbc.core.JdbcTemplate - Executing prepared SQL query
2025-12-24 11:35:16 - o.s.jdbc.core.JdbcTemplate - Executing prepared SQL statement [SELECT "tree_level" FROM public."CUS_HRImport_Department" WHERE "id" = ?]
2025-12-24 11:35:16 - o.s.jdbc.core.JdbcTemplate - Executing prepared SQL update
2025-12-24 11:35:16 - o.s.jdbc.core.JdbcTemplate - Executing prepared SQL statement [UPDATE public."TsUser" SET "FName" = ?, "FMobile" = ?, "FDepartmentId" = ?, "U_EmployeeCore" = ?, "FSeatId" = ? WHERE "FLoginName" = ?]
2025-12-24 11:35:16 - o.s.jdbc.core.JdbcTemplate - Executing prepared SQL update
2025-12-24 11:35:16 - o.s.jdbc.core.JdbcTemplate - Executing prepared SQL statement [UPDATE public."TsAccount" SET "FName" = ?, "FMobile" = ? WHERE "FLoginName" = ?]
2025-12-24 11:35:16 - c.c.h.service.HRDataProcessService - 更新員工: 謝哲仁 (BB076)
2025-12-24 11:35:16 - c.c.h.service.HRDataProcessService - 處理員工: 陳相伶 (BF002)
2025-12-24 11:35:16 - o.s.jdbc.core.JdbcTemplate - Executing prepared SQL query
2025-12-24 11:35:16 - o.s.jdbc.core.JdbcTemplate - Executing prepared SQL statement [SELECT COUNT(*) FROM public."TsAccount" WHERE "FLoginName" = ?]
2025-12-24 11:35:16 - o.s.jdbc.core.JdbcTemplate - Executing prepared SQL query
2025-12-24 11:35:16 - o.s.jdbc.core.JdbcTemplate - Executing prepared SQL statement [SELECT "id" FROM public."CUS_HRImport_Department" WHERE "full_name" = ?]
2025-12-24 11:35:16 - o.s.jdbc.core.JdbcTemplate - Executing prepared SQL query
2025-12-24 11:35:16 - o.s.jdbc.core.JdbcTemplate - Executing prepared SQL statement [SELECT "tree_level" FROM public."CUS_HRImport_Department" WHERE "id" = ?]
2025-12-24 11:35:16 - o.s.jdbc.core.JdbcTemplate - Executing prepared SQL update
2025-12-24 11:35:16 - o.s.jdbc.core.JdbcTemplate - Executing prepared SQL statement [UPDATE public."TsUser" SET "FName" = ?, "FMobile" = ?, "FDepartmentId" = ?, "U_EmployeeCore" = ?, "FSeatId" = ? WHERE "FLoginName" = ?]
2025-12-24 11:35:16 - o.s.jdbc.core.JdbcTemplate - Executing prepared SQL update
2025-12-24 11:35:16 - o.s.jdbc.core.JdbcTemplate - Executing prepared SQL statement [UPDATE public."TsAccount" SET "FName" = ?, "FMobile" = ? WHERE "FLoginName" = ?]
2025-12-24 11:35:16 - c.c.h.service.HRDataProcessService - 更新員工: 陳相伶 (BF002)
2025-12-24 11:35:16 - c.c.h.service.HRDataProcessService - 處理員工: 黃千綺 (BJ038)
2025-12-24 11:35:16 - o.s.jdbc.core.JdbcTemplate - Executing prepared SQL query
2025-12-24 11:35:16 - o.s.jdbc.core.JdbcTemplate - Executing prepared SQL statement [SELECT COUNT(*) FROM public."TsAccount" WHERE "FLoginName" = ?]
2025-12-24 11:35:16 - o.s.jdbc.core.JdbcTemplate - Executing prepared SQL query
2025-12-24 11:35:16 - o.s.jdbc.core.JdbcTemplate - Executing prepared SQL statement [SELECT "id" FROM public."CUS_HRImport_Department" WHERE "full_name" = ?]
2025-12-24 11:35:16 - o.s.jdbc.core.JdbcTemplate - Executing prepared SQL query
2025-12-24 11:35:16 - o.s.jdbc.core.JdbcTemplate - Executing prepared SQL statement [SELECT "tree_level" FROM public."CUS_HRImport_Department" WHERE "id" = ?]
2025-12-24 11:35:16 - o.s.jdbc.core.JdbcTemplate - Executing prepared SQL update
2025-12-24 11:35:16 - o.s.jdbc.core.JdbcTemplate - Executing prepared SQL statement [UPDATE public."TsUser" SET "FName" = ?, "FMobile" = ?, "FDepartmentId" = ?, "U_EmployeeCore" = ?, "FSeatId" = ? WHERE "FLoginName" = ?]
2025-12-24 11:35:16 - o.s.jdbc.core.JdbcTemplate - Executing prepared SQL update
2025-12-24 11:35:16 - o.s.jdbc.core.JdbcTemplate - Executing prepared SQL statement [UPDATE public."TsAccount" SET "FName" = ?, "FMobile" = ? WHERE "FLoginName" = ?]
2025-12-24 11:35:16 - c.c.h.service.HRDataProcessService - 更新員工: 黃千綺 (BJ038)
2025-12-24 11:35:16 - c.c.h.service.HRDataProcessService - 處理員工: 王玉華 (BA088)
2025-12-24 11:35:16 - o.s.jdbc.core.JdbcTemplate - Executing prepared SQL query
2025-12-24 11:35:16 - o.s.jdbc.core.JdbcTemplate - Executing prepared SQL statement [SELECT COUNT(*) FROM public."TsAccount" WHERE "FLoginName" = ?]
2025-12-24 11:35:16 - o.s.jdbc.core.JdbcTemplate - Executing prepared SQL query
2025-12-24 11:35:16 - o.s.jdbc.core.JdbcTemplate - Executing prepared SQL statement [SELECT "id" FROM public."CUS_HRImport_Department" WHERE "full_name" = ?]
2025-12-24 11:35:16 - o.s.jdbc.core.JdbcTemplate - Executing prepared SQL query
2025-12-24 11:35:16 - o.s.jdbc.core.JdbcTemplate - Executing prepared SQL statement [SELECT "tree_level" FROM public."CUS_HRImport_Department" WHERE "id" = ?]
2025-12-24 11:35:16 - o.s.jdbc.core.JdbcTemplate - Executing prepared SQL update
2025-12-24 11:35:16 - o.s.jdbc.core.JdbcTemplate - Executing prepared SQL statement [UPDATE public."TsUser" SET "FName" = ?, "FMobile" = ?, "FDepartmentId" = ?, "U_EmployeeCore" = ?, "FSeatId" = ? WHERE "FLoginName" = ?]
2025-12-24 11:35:16 - o.s.jdbc.core.JdbcTemplate - Executing prepared SQL update
2025-12-24 11:35:16 - o.s.jdbc.core.JdbcTemplate - Executing prepared SQL statement [UPDATE public."TsAccount" SET "FName" = ?, "FMobile" = ? WHERE "FLoginName" = ?]
2025-12-24 11:35:16 - c.c.h.service.HRDataProcessService - 更新員工: 王玉華 (BA088)
2025-12-24 11:35:16 - c.c.h.service.HRDataProcessService - 處理員工: 林佩儀 (BA087)
2025-12-24 11:35:16 - o.s.jdbc.core.JdbcTemplate - Executing prepared SQL query
2025-12-24 11:35:16 - o.s.jdbc.core.JdbcTemplate - Executing prepared SQL statement [SELECT COUNT(*) FROM public."TsAccount" WHERE "FLoginName" = ?]
2025-12-24 11:35:16 - o.s.jdbc.core.JdbcTemplate - Executing prepared SQL query
2025-12-24 11:35:16 - o.s.jdbc.core.JdbcTemplate - Executing prepared SQL statement [SELECT "id" FROM public."CUS_HRImport_Department" WHERE "full_name" = ?]
2025-12-24 11:35:16 - o.s.jdbc.core.JdbcTemplate - Executing prepared SQL query
2025-12-24 11:35:16 - o.s.jdbc.core.JdbcTemplate - Executing prepared SQL statement [SELECT "tree_level" FROM public."CUS_HRImport_Department" WHERE "id" = ?]
2025-12-24 11:35:16 - o.s.jdbc.core.JdbcTemplate - Executing prepared SQL update
2025-12-24 11:35:16 - o.s.jdbc.core.JdbcTemplate - Executing prepared SQL statement [UPDATE public."TsUser" SET "FName" = ?, "FMobile" = ?, "FDepartmentId" = ?, "U_EmployeeCore" = ?, "FSeatId" = ? WHERE "FLoginName" = ?]
2025-12-24 11:35:16 - o.s.jdbc.core.JdbcTemplate - Executing prepared SQL update
2025-12-24 11:35:16 - o.s.jdbc.core.JdbcTemplate - Executing prepared SQL statement [UPDATE public."TsAccount" SET "FName" = ?, "FMobile" = ? WHERE "FLoginName" = ?]
2025-12-24 11:35:16 - c.c.h.service.HRDataProcessService - 更新員工: 林佩儀 (BA087)
2025-12-24 11:35:16 - c.c.h.service.HRDataProcessService - 處理員工: 管雪惠 (CE052)
2025-12-24 11:35:16 - o.s.jdbc.core.JdbcTemplate - Executing prepared SQL query
2025-12-24 11:35:16 - o.s.jdbc.core.JdbcTemplate - Executing prepared SQL statement [SELECT COUNT(*) FROM public."TsAccount" WHERE "FLoginName" = ?]
2025-12-24 11:35:16 - o.s.jdbc.core.JdbcTemplate - Executing prepared SQL query
2025-12-24 11:35:16 - o.s.jdbc.core.JdbcTemplate - Executing prepared SQL statement [SELECT "id" FROM public."CUS_HRImport_Department" WHERE "full_name" = ?]
2025-12-24 11:35:16 - o.s.jdbc.core.JdbcTemplate - Executing prepared SQL query
2025-12-24 11:35:16 - o.s.jdbc.core.JdbcTemplate - Executing prepared SQL statement [SELECT "tree_level" FROM public."CUS_HRImport_Department" WHERE "id" = ?]
2025-12-24 11:35:16 - o.s.jdbc.core.JdbcTemplate - Executing prepared SQL update
2025-12-24 11:35:16 - o.s.jdbc.core.JdbcTemplate - Executing prepared SQL statement [UPDATE public."TsUser" SET "FName" = ?, "FMobile" = ?, "FDepartmentId" = ?, "U_EmployeeCore" = ?, "FSeatId" = ? WHERE "FLoginName" = ?]
2025-12-24 11:35:16 - o.s.jdbc.core.JdbcTemplate - Executing prepared SQL update
2025-12-24 11:35:16 - o.s.jdbc.core.JdbcTemplate - Executing prepared SQL statement [UPDATE public."TsAccount" SET "FName" = ?, "FMobile" = ? WHERE "FLoginName" = ?]
2025-12-24 11:35:16 - c.c.h.service.HRDataProcessService - 更新員工: 管雪惠 (CE052)
2025-12-24 11:35:16 - c.c.h.service.HRDataProcessService - 處理員工: 葉勁捷 (CE011)
2025-12-24 11:35:16 - o.s.jdbc.core.JdbcTemplate - Executing prepared SQL query
2025-12-24 11:35:16 - o.s.jdbc.core.JdbcTemplate - Executing prepared SQL statement [SELECT COUNT(*) FROM public."TsAccount" WHERE "FLoginName" = ?]
2025-12-24 11:35:16 - o.s.jdbc.core.JdbcTemplate - Executing prepared SQL query
2025-12-24 11:35:16 - o.s.jdbc.core.JdbcTemplate - Executing prepared SQL statement [SELECT "id" FROM public."CUS_HRImport_Department" WHERE "full_name" = ?]
2025-12-24 11:35:16 - o.s.jdbc.core.JdbcTemplate - Executing prepared SQL query
2025-12-24 11:35:16 - o.s.jdbc.core.JdbcTemplate - Executing prepared SQL statement [SELECT "tree_level" FROM public."CUS_HRImport_Department" WHERE "id" = ?]
2025-12-24 11:35:16 - o.s.jdbc.core.JdbcTemplate - Executing prepared SQL update
2025-12-24 11:35:16 - o.s.jdbc.core.JdbcTemplate - Executing prepared SQL statement [UPDATE public."TsUser" SET "FName" = ?, "FMobile" = ?, "FDepartmentId" = ?, "U_EmployeeCore" = ?, "FSeatId" = ? WHERE "FLoginName" = ?]
2025-12-24 11:35:16 - o.s.jdbc.core.JdbcTemplate - Executing prepared SQL update
2025-12-24 11:35:16 - o.s.jdbc.core.JdbcTemplate - Executing prepared SQL statement [UPDATE public."TsAccount" SET "FName" = ?, "FMobile" = ? WHERE "FLoginName" = ?]
2025-12-24 11:35:16 - c.c.h.service.HRDataProcessService - 更新員工: 葉勁捷 (CE011)
2025-12-24 11:35:16 - c.c.h.service.HRDataProcessService - 處理員工: 王品堯 (CE096)
2025-12-24 11:35:16 - o.s.jdbc.core.JdbcTemplate - Executing prepared SQL query
2025-12-24 11:35:16 - o.s.jdbc.core.JdbcTemplate - Executing prepared SQL statement [SELECT COUNT(*) FROM public."TsAccount" WHERE "FLoginName" = ?]
2025-12-24 11:35:16 - o.s.jdbc.core.JdbcTemplate - Executing prepared SQL query
2025-12-24 11:35:16 - o.s.jdbc.core.JdbcTemplate - Executing prepared SQL statement [SELECT "id" FROM public."CUS_HRImport_Department" WHERE "full_name" = ?]
2025-12-24 11:35:16 - o.s.jdbc.core.JdbcTemplate - Executing prepared SQL query
2025-12-24 11:35:16 - o.s.jdbc.core.JdbcTemplate - Executing prepared SQL statement [SELECT "tree_level" FROM public."CUS_HRImport_Department" WHERE "id" = ?]
2025-12-24 11:35:16 - o.s.jdbc.core.JdbcTemplate - Executing prepared SQL update
2025-12-24 11:35:16 - o.s.jdbc.core.JdbcTemplate - Executing prepared SQL statement [UPDATE public."TsUser" SET "FName" = ?, "FMobile" = ?, "FDepartmentId" = ?, "U_EmployeeCore" = ?, "FSeatId" = ? WHERE "FLoginName" = ?]
2025-12-24 11:35:16 - o.s.jdbc.core.JdbcTemplate - Executing prepared SQL update
2025-12-24 11:35:16 - o.s.jdbc.core.JdbcTemplate - Executing prepared SQL statement [UPDATE public."TsAccount" SET "FName" = ?, "FMobile" = ? WHERE "FLoginName" = ?]
2025-12-24 11:35:16 - c.c.h.service.HRDataProcessService - 更新員工: 王品堯 (CE096)
2025-12-24 11:35:16 - c.c.h.service.HRDataProcessService - 處理員工: 林厚毅 (CF060)
2025-12-24 11:35:16 - o.s.jdbc.core.JdbcTemplate - Executing prepared SQL query
2025-12-24 11:35:16 - o.s.jdbc.core.JdbcTemplate - Executing prepared SQL statement [SELECT COUNT(*) FROM public."TsAccount" WHERE "FLoginName" = ?]
2025-12-24 11:35:16 - o.s.jdbc.core.JdbcTemplate - Executing prepared SQL query
2025-12-24 11:35:16 - o.s.jdbc.core.JdbcTemplate - Executing prepared SQL statement [SELECT "id" FROM public."CUS_HRImport_Department" WHERE "full_name" = ?]
2025-12-24 11:35:16 - o.s.jdbc.core.JdbcTemplate - Executing prepared SQL query
2025-12-24 11:35:16 - o.s.jdbc.core.JdbcTemplate - Executing prepared SQL statement [SELECT "tree_level" FROM public."CUS_HRImport_Department" WHERE "id" = ?]
2025-12-24 11:35:16 - o.s.jdbc.core.JdbcTemplate - Executing prepared SQL update
2025-12-24 11:35:16 - o.s.jdbc.core.JdbcTemplate - Executing prepared SQL statement [UPDATE public."TsUser" SET "FName" = ?, "FMobile" = ?, "FDepartmentId" = ?, "U_EmployeeCore" = ?, "FSeatId" = ? WHERE "FLoginName" = ?]
2025-12-24 11:35:16 - o.s.jdbc.core.JdbcTemplate - Executing prepared SQL update
2025-12-24 11:35:16 - o.s.jdbc.core.JdbcTemplate - Executing prepared SQL statement [UPDATE public."TsAccount" SET "FName" = ?, "FMobile" = ? WHERE "FLoginName" = ?]
2025-12-24 11:35:16 - c.c.h.service.HRDataProcessService - 更新員工: 林厚毅 (CF060)
2025-12-24 11:35:16 - c.c.h.service.HRDataProcessService - 處理員工: 吳佩薰 (AG153)
2025-12-24 11:35:16 - o.s.jdbc.core.JdbcTemplate - Executing prepared SQL query
2025-12-24 11:35:16 - o.s.jdbc.core.JdbcTemplate - Executing prepared SQL statement [SELECT COUNT(*) FROM public."TsAccount" WHERE "FLoginName" = ?]
2025-12-24 11:35:16 - o.s.jdbc.core.JdbcTemplate - Executing prepared SQL query
2025-12-24 11:35:16 - o.s.jdbc.core.JdbcTemplate - Executing prepared SQL statement [SELECT "id" FROM public."CUS_HRImport_Department" WHERE "full_name" = ?]
2025-12-24 11:35:16 - o.s.jdbc.core.JdbcTemplate - Executing prepared SQL query
2025-12-24 11:35:16 - o.s.jdbc.core.JdbcTemplate - Executing prepared SQL statement [SELECT "tree_level" FROM public."CUS_HRImport_Department" WHERE "id" = ?]
2025-12-24 11:35:16 - o.s.jdbc.core.JdbcTemplate - Executing prepared SQL update
2025-12-24 11:35:16 - o.s.jdbc.core.JdbcTemplate - Executing prepared SQL statement [UPDATE public."TsUser" SET "FName" = ?, "FMobile" = ?, "FDepartmentId" = ?, "U_EmployeeCore" = ?, "FSeatId" = ? WHERE "FLoginName" = ?]
2025-12-24 11:35:16 - o.s.jdbc.core.JdbcTemplate - Executing prepared SQL update
2025-12-24 11:35:16 - o.s.jdbc.core.JdbcTemplate - Executing prepared SQL statement [UPDATE public."TsAccount" SET "FName" = ?, "FMobile" = ? WHERE "FLoginName" = ?]
2025-12-24 11:35:16 - c.c.h.service.HRDataProcessService - 更新員工: 吳佩薰 (AG153)
2025-12-24 11:35:16 - c.c.h.service.HRDataProcessService - 處理員工: 黃玉琴 (AG169)
2025-12-24 11:35:16 - o.s.jdbc.core.JdbcTemplate - Executing prepared SQL query
2025-12-24 11:35:16 - o.s.jdbc.core.JdbcTemplate - Executing prepared SQL statement [SELECT COUNT(*) FROM public."TsAccount" WHERE "FLoginName" = ?]
2025-12-24 11:35:16 - o.s.jdbc.core.JdbcTemplate - Executing prepared SQL query
2025-12-24 11:35:17 - o.s.jdbc.core.JdbcTemplate - Executing prepared SQL statement [SELECT "id" FROM public."CUS_HRImport_Department" WHERE "full_name" = ?]
2025-12-24 11:35:17 - o.s.jdbc.core.JdbcTemplate - Executing prepared SQL query
2025-12-24 11:35:17 - o.s.jdbc.core.JdbcTemplate - Executing prepared SQL statement [SELECT "tree_level" FROM public."CUS_HRImport_Department" WHERE "id" = ?]
2025-12-24 11:35:17 - o.s.jdbc.core.JdbcTemplate - Executing prepared SQL update
2025-12-24 11:35:17 - o.s.jdbc.core.JdbcTemplate - Executing prepared SQL statement [UPDATE public."TsUser" SET "FName" = ?, "FMobile" = ?, "FDepartmentId" = ?, "U_EmployeeCore" = ?, "FSeatId" = ? WHERE "FLoginName" = ?]
2025-12-24 11:35:17 - o.s.jdbc.core.JdbcTemplate - Executing prepared SQL update
2025-12-24 11:35:17 - o.s.jdbc.core.JdbcTemplate - Executing prepared SQL statement [UPDATE public."TsAccount" SET "FName" = ?, "FMobile" = ? WHERE "FLoginName" = ?]
2025-12-24 11:35:17 - c.c.h.service.HRDataProcessService - 更新員工: 黃玉琴 (AG169)
2025-12-24 11:35:17 - c.c.h.service.HRDataProcessService - 處理員工: 蕭靜慧 (BA085)
2025-12-24 11:35:17 - o.s.jdbc.core.JdbcTemplate - Executing prepared SQL query
2025-12-24 11:35:17 - o.s.jdbc.core.JdbcTemplate - Executing prepared SQL statement [SELECT COUNT(*) FROM public."TsAccount" WHERE "FLoginName" = ?]
2025-12-24 11:35:17 - o.s.jdbc.core.JdbcTemplate - Executing prepared SQL query
2025-12-24 11:35:17 - o.s.jdbc.core.JdbcTemplate - Executing prepared SQL statement [SELECT "id" FROM public."CUS_HRImport_Department" WHERE "full_name" = ?]
2025-12-24 11:35:17 - o.s.jdbc.core.JdbcTemplate - Executing prepared SQL query
2025-12-24 11:35:17 - o.s.jdbc.core.JdbcTemplate - Executing prepared SQL statement [SELECT "tree_level" FROM public."CUS_HRImport_Department" WHERE "id" = ?]
2025-12-24 11:35:17 - o.s.jdbc.core.JdbcTemplate - Executing prepared SQL update
2025-12-24 11:35:17 - o.s.jdbc.core.JdbcTemplate - Executing prepared SQL statement [UPDATE public."TsUser" SET "FName" = ?, "FMobile" = ?, "FDepartmentId" = ?, "U_EmployeeCore" = ?, "FSeatId" = ? WHERE "FLoginName" = ?]
2025-12-24 11:35:17 - o.s.jdbc.core.JdbcTemplate - Executing prepared SQL update
2025-12-24 11:35:17 - o.s.jdbc.core.JdbcTemplate - Executing prepared SQL statement [UPDATE public."TsAccount" SET "FName" = ?, "FMobile" = ? WHERE "FLoginName" = ?]
2025-12-24 11:35:17 - c.c.h.service.HRDataProcessService - 更新員工: 蕭靜慧 (BA085)
2025-12-24 11:35:17 - c.c.h.service.HRDataProcessService - 處理員工: 陳孟蘋 (BA086)
2025-12-24 11:35:17 - o.s.jdbc.core.JdbcTemplate - Executing prepared SQL query
2025-12-24 11:35:17 - o.s.jdbc.core.JdbcTemplate - Executing prepared SQL statement [SELECT COUNT(*) FROM public."TsAccount" WHERE "FLoginName" = ?]
2025-12-24 11:35:17 - o.s.jdbc.core.JdbcTemplate - Executing prepared SQL query
2025-12-24 11:35:17 - o.s.jdbc.core.JdbcTemplate - Executing prepared SQL statement [SELECT "id" FROM public."CUS_HRImport_Department" WHERE "full_name" = ?]
2025-12-24 11:35:17 - o.s.jdbc.core.JdbcTemplate - Executing prepared SQL query
2025-12-24 11:35:17 - o.s.jdbc.core.JdbcTemplate - Executing prepared SQL statement [SELECT "tree_level" FROM public."CUS_HRImport_Department" WHERE "id" = ?]
2025-12-24 11:35:17 - o.s.jdbc.core.JdbcTemplate - Executing prepared SQL update
2025-12-24 11:35:17 - o.s.jdbc.core.JdbcTemplate - Executing prepared SQL statement [UPDATE public."TsUser" SET "FName" = ?, "FMobile" = ?, "FDepartmentId" = ?, "U_EmployeeCore" = ?, "FSeatId" = ? WHERE "FLoginName" = ?]
2025-12-24 11:35:17 - o.s.jdbc.core.JdbcTemplate - Executing prepared SQL update
2025-12-24 11:35:17 - o.s.jdbc.core.JdbcTemplate - Executing prepared SQL statement [UPDATE public."TsAccount" SET "FName" = ?, "FMobile" = ? WHERE "FLoginName" = ?]
2025-12-24 11:35:17 - c.c.h.service.HRDataProcessService - 更新員工: 陳孟蘋 (BA086)
2025-12-24 11:35:17 - c.c.h.service.HRDataProcessService - 處理員工: 楊筱玲 (BC002)
2025-12-24 11:35:17 - o.s.jdbc.core.JdbcTemplate - Executing prepared SQL query
2025-12-24 11:35:17 - o.s.jdbc.core.JdbcTemplate - Executing prepared SQL statement [SELECT COUNT(*) FROM public."TsAccount" WHERE "FLoginName" = ?]
2025-12-24 11:35:17 - o.s.jdbc.core.JdbcTemplate - Executing prepared SQL query
2025-12-24 11:35:17 - o.s.jdbc.core.JdbcTemplate - Executing prepared SQL statement [SELECT "id" FROM public."CUS_HRImport_Department" WHERE "full_name" = ?]
2025-12-24 11:35:17 - o.s.jdbc.core.JdbcTemplate - Executing prepared SQL query
2025-12-24 11:35:17 - o.s.jdbc.core.JdbcTemplate - Executing prepared SQL statement [SELECT "tree_level" FROM public."CUS_HRImport_Department" WHERE "id" = ?]
2025-12-24 11:35:17 - o.s.jdbc.core.JdbcTemplate - Executing prepared SQL update
2025-12-24 11:35:17 - o.s.jdbc.core.JdbcTemplate - Executing prepared SQL statement [UPDATE public."TsUser" SET "FName" = ?, "FMobile" = ?, "FDepartmentId" = ?, "U_EmployeeCore" = ?, "FSeatId" = ? WHERE "FLoginName" = ?]
2025-12-24 11:35:17 - o.s.jdbc.core.JdbcTemplate - Executing prepared SQL update
2025-12-24 11:35:17 - o.s.jdbc.core.JdbcTemplate - Executing prepared SQL statement [UPDATE public."TsAccount" SET "FName" = ?, "FMobile" = ? WHERE "FLoginName" = ?]
2025-12-24 11:35:17 - c.c.h.service.HRDataProcessService - 更新員工: 楊筱玲 (BC002)
2025-12-24 11:35:17 - c.c.h.service.HRDataProcessService - 處理員工: 鄭雅菁 (BD019)
2025-12-24 11:35:17 - o.s.jdbc.core.JdbcTemplate - Executing prepared SQL query
2025-12-24 11:35:17 - o.s.jdbc.core.JdbcTemplate - Executing prepared SQL statement [SELECT COUNT(*) FROM public."TsAccount" WHERE "FLoginName" = ?]
2025-12-24 11:35:17 - o.s.jdbc.core.JdbcTemplate - Executing prepared SQL query
2025-12-24 11:35:17 - o.s.jdbc.core.JdbcTemplate - Executing prepared SQL statement [SELECT "id" FROM public."CUS_HRImport_Department" WHERE "full_name" = ?]
2025-12-24 11:35:17 - o.s.jdbc.core.JdbcTemplate - Executing prepared SQL query
2025-12-24 11:35:17 - o.s.jdbc.core.JdbcTemplate - Executing prepared SQL statement [SELECT "tree_level" FROM public."CUS_HRImport_Department" WHERE "id" = ?]
2025-12-24 11:35:17 - o.s.jdbc.core.JdbcTemplate - Executing prepared SQL update
2025-12-24 11:35:17 - o.s.jdbc.core.JdbcTemplate - Executing prepared SQL statement [UPDATE public."TsUser" SET "FName" = ?, "FMobile" = ?, "FDepartmentId" = ?, "U_EmployeeCore" = ?, "FSeatId" = ? WHERE "FLoginName" = ?]
2025-12-24 11:35:17 - o.s.jdbc.core.JdbcTemplate - Executing prepared SQL update
2025-12-24 11:35:17 - o.s.jdbc.core.JdbcTemplate - Executing prepared SQL statement [UPDATE public."TsAccount" SET "FName" = ?, "FMobile" = ? WHERE "FLoginName" = ?]
2025-12-24 11:35:17 - c.c.h.service.HRDataProcessService - 更新員工: 鄭雅菁 (BD019)
2025-12-24 11:35:17 - c.c.h.service.HRDataProcessService - 處理員工: 蕭亘玲 (BE025)
2025-12-24 11:35:17 - o.s.jdbc.core.JdbcTemplate - Executing prepared SQL query
2025-12-24 11:35:17 - o.s.jdbc.core.JdbcTemplate - Executing prepared SQL statement [SELECT COUNT(*) FROM public."TsAccount" WHERE "FLoginName" = ?]
2025-12-24 11:35:17 - o.s.jdbc.core.JdbcTemplate - Executing prepared SQL query
2025-12-24 11:35:17 - o.s.jdbc.core.JdbcTemplate - Executing prepared SQL statement [SELECT "id" FROM public."CUS_HRImport_Department" WHERE "full_name" = ?]
2025-12-24 11:35:17 - o.s.jdbc.core.JdbcTemplate - Executing prepared SQL query
2025-12-24 11:35:17 - o.s.jdbc.core.JdbcTemplate - Executing prepared SQL statement [SELECT "tree_level" FROM public."CUS_HRImport_Department" WHERE "id" = ?]
2025-12-24 11:35:17 - o.s.jdbc.core.JdbcTemplate - Executing prepared SQL update
2025-12-24 11:35:17 - o.s.jdbc.core.JdbcTemplate - Executing prepared SQL statement [UPDATE public."TsUser" SET "FName" = ?, "FMobile" = ?, "FDepartmentId" = ?, "U_EmployeeCore" = ?, "FSeatId" = ? WHERE "FLoginName" = ?]
2025-12-24 11:35:17 - o.s.jdbc.core.JdbcTemplate - Executing prepared SQL update
2025-12-24 11:35:17 - o.s.jdbc.core.JdbcTemplate - Executing prepared SQL statement [UPDATE public."TsAccount" SET "FName" = ?, "FMobile" = ? WHERE "FLoginName" = ?]
2025-12-24 11:35:17 - c.c.h.service.HRDataProcessService - 更新員工: 蕭亘玲 (BE025)
2025-12-24 11:35:17 - c.c.h.service.HRDataProcessService - 處理員工: 薛仙凰 (AG052)
2025-12-24 11:35:17 - o.s.jdbc.core.JdbcTemplate - Executing prepared SQL query
2025-12-24 11:35:17 - o.s.jdbc.core.JdbcTemplate - Executing prepared SQL statement [SELECT COUNT(*) FROM public."TsAccount" WHERE "FLoginName" = ?]
2025-12-24 11:35:17 - o.s.jdbc.core.JdbcTemplate - Executing prepared SQL query
2025-12-24 11:35:17 - o.s.jdbc.core.JdbcTemplate - Executing prepared SQL statement [SELECT "id" FROM public."CUS_HRImport_Department" WHERE "full_name" = ?]
2025-12-24 11:35:17 - o.s.jdbc.core.JdbcTemplate - Executing prepared SQL query
2025-12-24 11:35:17 - o.s.jdbc.core.JdbcTemplate - Executing prepared SQL statement [SELECT "tree_level" FROM public."CUS_HRImport_Department" WHERE "id" = ?]
2025-12-24 11:35:17 - o.s.jdbc.core.JdbcTemplate - Executing prepared SQL update
2025-12-24 11:35:17 - o.s.jdbc.core.JdbcTemplate - Executing prepared SQL statement [UPDATE public."TsUser" SET "FName" = ?, "FMobile" = ?, "FDepartmentId" = ?, "U_EmployeeCore" = ?, "FSeatId" = ? WHERE "FLoginName" = ?]
2025-12-24 11:35:17 - o.s.jdbc.core.JdbcTemplate - Executing prepared SQL update
2025-12-24 11:35:17 - o.s.jdbc.core.JdbcTemplate - Executing prepared SQL statement [UPDATE public."TsAccount" SET "FName" = ?, "FMobile" = ? WHERE "FLoginName" = ?]
2025-12-24 11:35:17 - c.c.h.service.HRDataProcessService - 更新員工: 薛仙凰 (AG052)
2025-12-24 11:35:17 - c.c.h.service.HRDataProcessService - 處理員工: 王春蘭 (AG161)
2025-12-24 11:35:17 - o.s.jdbc.core.JdbcTemplate - Executing prepared SQL query
2025-12-24 11:35:17 - o.s.jdbc.core.JdbcTemplate - Executing prepared SQL statement [SELECT COUNT(*) FROM public."TsAccount" WHERE "FLoginName" = ?]
2025-12-24 11:35:17 - o.s.jdbc.core.JdbcTemplate - Executing prepared SQL query
2025-12-24 11:35:17 - o.s.jdbc.core.JdbcTemplate - Executing prepared SQL statement [SELECT "id" FROM public."CUS_HRImport_Department" WHERE "full_name" = ?]
2025-12-24 11:35:17 - o.s.jdbc.core.JdbcTemplate - Executing prepared SQL query
2025-12-24 11:35:17 - o.s.jdbc.core.JdbcTemplate - Executing prepared SQL statement [SELECT "tree_level" FROM public."CUS_HRImport_Department" WHERE "id" = ?]
2025-12-24 11:35:17 - o.s.jdbc.core.JdbcTemplate - Executing prepared SQL update
2025-12-24 11:35:17 - o.s.jdbc.core.JdbcTemplate - Executing prepared SQL statement [UPDATE public."TsUser" SET "FName" = ?, "FMobile" = ?, "FDepartmentId" = ?, "U_EmployeeCore" = ?, "FSeatId" = ? WHERE "FLoginName" = ?]
2025-12-24 11:35:17 - o.s.jdbc.core.JdbcTemplate - Executing prepared SQL update
2025-12-24 11:35:17 - o.s.jdbc.core.JdbcTemplate - Executing prepared SQL statement [UPDATE public."TsAccount" SET "FName" = ?, "FMobile" = ? WHERE "FLoginName" = ?]
2025-12-24 11:35:17 - c.c.h.service.HRDataProcessService - 更新員工: 王春蘭 (AG161)
2025-12-24 11:35:17 - c.c.h.service.HRDataProcessService - 處理員工: 黃錦華 (AG198)
2025-12-24 11:35:17 - o.s.jdbc.core.JdbcTemplate - Executing prepared SQL query
2025-12-24 11:35:17 - o.s.jdbc.core.JdbcTemplate - Executing prepared SQL statement [SELECT COUNT(*) FROM public."TsAccount" WHERE "FLoginName" = ?]
2025-12-24 11:35:17 - o.s.jdbc.core.JdbcTemplate - Executing prepared SQL query
2025-12-24 11:35:17 - o.s.jdbc.core.JdbcTemplate - Executing prepared SQL statement [SELECT "id" FROM public."CUS_HRImport_Department" WHERE "full_name" = ?]
2025-12-24 11:35:17 - o.s.jdbc.core.JdbcTemplate - Executing prepared SQL query
2025-12-24 11:35:17 - o.s.jdbc.core.JdbcTemplate - Executing prepared SQL statement [SELECT "tree_level" FROM public."CUS_HRImport_Department" WHERE "id" = ?]
2025-12-24 11:35:17 - o.s.jdbc.core.JdbcTemplate - Executing prepared SQL update
2025-12-24 11:35:17 - o.s.jdbc.core.JdbcTemplate - Executing prepared SQL statement [UPDATE public."TsUser" SET "FName" = ?, "FMobile" = ?, "FDepartmentId" = ?, "U_EmployeeCore" = ?, "FSeatId" = ? WHERE "FLoginName" = ?]
2025-12-24 11:35:17 - o.s.jdbc.core.JdbcTemplate - Executing prepared SQL update
2025-12-24 11:35:17 - o.s.jdbc.core.JdbcTemplate - Executing prepared SQL statement [UPDATE public."TsAccount" SET "FName" = ?, "FMobile" = ? WHERE "FLoginName" = ?]
2025-12-24 11:35:17 - c.c.h.service.HRDataProcessService - 更新員工: 黃錦華 (AG198)
2025-12-24 11:35:17 - c.c.h.service.HRDataProcessService - 處理員工: 陳芳瑋 (BF089)
2025-12-24 11:35:17 - o.s.jdbc.core.JdbcTemplate - Executing prepared SQL query
2025-12-24 11:35:17 - o.s.jdbc.core.JdbcTemplate - Executing prepared SQL statement [SELECT COUNT(*) FROM public."TsAccount" WHERE "FLoginName" = ?]
2025-12-24 11:35:17 - o.s.jdbc.core.JdbcTemplate - Executing prepared SQL query
2025-12-24 11:35:17 - o.s.jdbc.core.JdbcTemplate - Executing prepared SQL statement [SELECT "id" FROM public."CUS_HRImport_Department" WHERE "full_name" = ?]
2025-12-24 11:35:17 - o.s.jdbc.core.JdbcTemplate - Executing prepared SQL query
2025-12-24 11:35:17 - o.s.jdbc.core.JdbcTemplate - Executing prepared SQL statement [SELECT "tree_level" FROM public."CUS_HRImport_Department" WHERE "id" = ?]
2025-12-24 11:35:17 - o.s.jdbc.core.JdbcTemplate - Executing prepared SQL update
2025-12-24 11:35:17 - o.s.jdbc.core.JdbcTemplate - Executing prepared SQL statement [UPDATE public."TsUser" SET "FName" = ?, "FMobile" = ?, "FDepartmentId" = ?, "U_EmployeeCore" = ?, "FSeatId" = ? WHERE "FLoginName" = ?]
2025-12-24 11:35:17 - o.s.jdbc.core.JdbcTemplate - Executing prepared SQL update
2025-12-24 11:35:17 - o.s.jdbc.core.JdbcTemplate - Executing prepared SQL statement [UPDATE public."TsAccount" SET "FName" = ?, "FMobile" = ? WHERE "FLoginName" = ?]
2025-12-24 11:35:17 - c.c.h.service.HRDataProcessService - 更新員工: 陳芳瑋 (BF089)
2025-12-24 11:35:17 - c.c.h.service.HRDataProcessService - 處理員工: 江葦婷 (CC021)
2025-12-24 11:35:17 - o.s.jdbc.core.JdbcTemplate - Executing prepared SQL query
2025-12-24 11:35:17 - o.s.jdbc.core.JdbcTemplate - Executing prepared SQL statement [SELECT COUNT(*) FROM public."TsAccount" WHERE "FLoginName" = ?]
2025-12-24 11:35:17 - o.s.jdbc.core.JdbcTemplate - Executing prepared SQL query
2025-12-24 11:35:17 - o.s.jdbc.core.JdbcTemplate - Executing prepared SQL statement [SELECT "id" FROM public."CUS_HRImport_Department" WHERE "full_name" = ?]
2025-12-24 11:35:17 - o.s.jdbc.core.JdbcTemplate - Executing prepared SQL query
2025-12-24 11:35:17 - o.s.jdbc.core.JdbcTemplate - Executing prepared SQL statement [SELECT "tree_level" FROM public."CUS_HRImport_Department" WHERE "id" = ?]
2025-12-24 11:35:17 - o.s.jdbc.core.JdbcTemplate - Executing prepared SQL update
2025-12-24 11:35:17 - o.s.jdbc.core.JdbcTemplate - Executing prepared SQL statement [UPDATE public."TsUser" SET "FName" = ?, "FMobile" = ?, "FDepartmentId" = ?, "U_EmployeeCore" = ?, "FSeatId" = ? WHERE "FLoginName" = ?]
2025-12-24 11:35:17 - o.s.jdbc.core.JdbcTemplate - Executing prepared SQL update
2025-12-24 11:35:17 - o.s.jdbc.core.JdbcTemplate - Executing prepared SQL statement [UPDATE public."TsAccount" SET "FName" = ?, "FMobile" = ? WHERE "FLoginName" = ?]
2025-12-24 11:35:17 - c.c.h.service.HRDataProcessService - 更新員工: 江葦婷 (CC021)
2025-12-24 11:35:17 - c.c.h.service.HRDataProcessService - 處理員工: 王向筠 (CC034)
2025-12-24 11:35:17 - o.s.jdbc.core.JdbcTemplate - Executing prepared SQL query
2025-12-24 11:35:17 - o.s.jdbc.core.JdbcTemplate - Executing prepared SQL statement [SELECT COUNT(*) FROM public."TsAccount" WHERE "FLoginName" = ?]
2025-12-24 11:35:17 - o.s.jdbc.core.JdbcTemplate - Executing prepared SQL query
2025-12-24 11:35:17 - o.s.jdbc.core.JdbcTemplate - Executing prepared SQL statement [SELECT "id" FROM public."CUS_HRImport_Department" WHERE "full_name" = ?]
2025-12-24 11:35:17 - o.s.jdbc.core.JdbcTemplate - Executing prepared SQL query
2025-12-24 11:35:17 - o.s.jdbc.core.JdbcTemplate - Executing prepared SQL statement [SELECT "tree_level" FROM public."CUS_HRImport_Department" WHERE "id" = ?]
2025-12-24 11:35:17 - o.s.jdbc.core.JdbcTemplate - Executing prepared SQL update
2025-12-24 11:35:17 - o.s.jdbc.core.JdbcTemplate - Executing prepared SQL statement [UPDATE public."TsUser" SET "FName" = ?, "FMobile" = ?, "FDepartmentId" = ?, "U_EmployeeCore" = ?, "FSeatId" = ? WHERE "FLoginName" = ?]
2025-12-24 11:35:17 - o.s.jdbc.core.JdbcTemplate - Executing prepared SQL update
2025-12-24 11:35:17 - o.s.jdbc.core.JdbcTemplate - Executing prepared SQL statement [UPDATE public."TsAccount" SET "FName" = ?, "FMobile" = ? WHERE "FLoginName" = ?]
2025-12-24 11:35:17 - c.c.h.service.HRDataProcessService - 更新員工: 王向筠 (CC034)
2025-12-24 11:35:17 - c.c.h.service.HRDataProcessService - 處理員工: 張紘福 (BC096)
2025-12-24 11:35:17 - o.s.jdbc.core.JdbcTemplate - Executing prepared SQL query
2025-12-24 11:35:17 - o.s.jdbc.core.JdbcTemplate - Executing prepared SQL statement [SELECT COUNT(*) FROM public."TsAccount" WHERE "FLoginName" = ?]
2025-12-24 11:35:17 - o.s.jdbc.core.JdbcTemplate - Executing prepared SQL query
2025-12-24 11:35:17 - o.s.jdbc.core.JdbcTemplate - Executing prepared SQL statement [SELECT "id" FROM public."CUS_HRImport_Department" WHERE "full_name" = ?]
2025-12-24 11:35:17 - o.s.jdbc.core.JdbcTemplate - Executing prepared SQL query
2025-12-24 11:35:17 - o.s.jdbc.core.JdbcTemplate - Executing prepared SQL statement [SELECT "tree_level" FROM public."CUS_HRImport_Department" WHERE "id" = ?]
2025-12-24 11:35:17 - o.s.jdbc.core.JdbcTemplate - Executing prepared SQL update
2025-12-24 11:35:17 - o.s.jdbc.core.JdbcTemplate - Executing prepared SQL statement [UPDATE public."TsUser" SET "FName" = ?, "FMobile" = ?, "FDepartmentId" = ?, "U_EmployeeCore" = ?, "FSeatId" = ? WHERE "FLoginName" = ?]
2025-12-24 11:35:17 - o.s.jdbc.core.JdbcTemplate - Executing prepared SQL update
2025-12-24 11:35:17 - o.s.jdbc.core.JdbcTemplate - Executing prepared SQL statement [UPDATE public."TsAccount" SET "FName" = ?, "FMobile" = ? WHERE "FLoginName" = ?]
2025-12-24 11:35:17 - c.c.h.service.HRDataProcessService - 更新員工: 張紘福 (BC096)
2025-12-24 11:35:17 - c.c.h.service.HRDataProcessService - 處理員工: 洪巧娟 (BB016)
2025-12-24 11:35:17 - o.s.jdbc.core.JdbcTemplate - Executing prepared SQL query
2025-12-24 11:35:17 - o.s.jdbc.core.JdbcTemplate - Executing prepared SQL statement [SELECT COUNT(*) FROM public."TsAccount" WHERE "FLoginName" = ?]
2025-12-24 11:35:17 - o.s.jdbc.core.JdbcTemplate - Executing prepared SQL query
2025-12-24 11:35:17 - o.s.jdbc.core.JdbcTemplate - Executing prepared SQL statement [SELECT "id" FROM public."CUS_HRImport_Department" WHERE "full_name" = ?]
2025-12-24 11:35:17 - o.s.jdbc.core.JdbcTemplate - Executing prepared SQL query
2025-12-24 11:35:17 - o.s.jdbc.core.JdbcTemplate - Executing prepared SQL statement [SELECT "tree_level" FROM public."CUS_HRImport_Department" WHERE "id" = ?]
2025-12-24 11:35:17 - o.s.jdbc.core.JdbcTemplate - Executing prepared SQL update
2025-12-24 11:35:17 - o.s.jdbc.core.JdbcTemplate - Executing prepared SQL statement [UPDATE public."TsUser" SET "FName" = ?, "FMobile" = ?, "FDepartmentId" = ?, "U_EmployeeCore" = ?, "FSeatId" = ? WHERE "FLoginName" = ?]
2025-12-24 11:35:17 - o.s.jdbc.core.JdbcTemplate - Executing prepared SQL update
2025-12-24 11:35:17 - o.s.jdbc.core.JdbcTemplate - Executing prepared SQL statement [UPDATE public."TsAccount" SET "FName" = ?, "FMobile" = ? WHERE "FLoginName" = ?]
2025-12-24 11:35:17 - c.c.h.service.HRDataProcessService - 更新員工: 洪巧娟 (BB016)
2025-12-24 11:35:17 - c.c.h.service.HRDataProcessService - 處理員工: 洪珮云 (BG035)
2025-12-24 11:35:17 - o.s.jdbc.core.JdbcTemplate - Executing prepared SQL query
2025-12-24 11:35:17 - o.s.jdbc.core.JdbcTemplate - Executing prepared SQL statement [SELECT COUNT(*) FROM public."TsAccount" WHERE "FLoginName" = ?]
2025-12-24 11:35:17 - o.s.jdbc.core.JdbcTemplate - Executing prepared SQL query
2025-12-24 11:35:17 - o.s.jdbc.core.JdbcTemplate - Executing prepared SQL statement [SELECT "id" FROM public."CUS_HRImport_Department" WHERE "full_name" = ?]
2025-12-24 11:35:17 - o.s.jdbc.core.JdbcTemplate - Executing prepared SQL query
2025-12-24 11:35:17 - o.s.jdbc.core.JdbcTemplate - Executing prepared SQL statement [SELECT "tree_level" FROM public."CUS_HRImport_Department" WHERE "id" = ?]
2025-12-24 11:35:17 - o.s.jdbc.core.JdbcTemplate - Executing prepared SQL update
2025-12-24 11:35:17 - o.s.jdbc.core.JdbcTemplate - Executing prepared SQL statement [UPDATE public."TsUser" SET "FName" = ?, "FMobile" = ?, "FDepartmentId" = ?, "U_EmployeeCore" = ?, "FSeatId" = ? WHERE "FLoginName" = ?]
2025-12-24 11:35:17 - o.s.jdbc.core.JdbcTemplate - Executing prepared SQL update
2025-12-24 11:35:17 - o.s.jdbc.core.JdbcTemplate - Executing prepared SQL statement [UPDATE public."TsAccount" SET "FName" = ?, "FMobile" = ? WHERE "FLoginName" = ?]
2025-12-24 11:35:17 - c.c.h.service.HRDataProcessService - 更新員工: 洪珮云 (BG035)
2025-12-24 11:35:17 - c.c.h.service.HRDataProcessService - 處理員工: 李文潔 (BH062)
2025-12-24 11:35:17 - o.s.jdbc.core.JdbcTemplate - Executing prepared SQL query
2025-12-24 11:35:17 - o.s.jdbc.core.JdbcTemplate - Executing prepared SQL statement [SELECT COUNT(*) FROM public."TsAccount" WHERE "FLoginName" = ?]
2025-12-24 11:35:17 - o.s.jdbc.core.JdbcTemplate - Executing prepared SQL query
2025-12-24 11:35:17 - o.s.jdbc.core.JdbcTemplate - Executing prepared SQL statement [SELECT "id" FROM public."CUS_HRImport_Department" WHERE "full_name" = ?]
2025-12-24 11:35:17 - o.s.jdbc.core.JdbcTemplate - Executing prepared SQL query
2025-12-24 11:35:17 - o.s.jdbc.core.JdbcTemplate - Executing prepared SQL statement [SELECT "tree_level" FROM public."CUS_HRImport_Department" WHERE "id" = ?]
2025-12-24 11:35:17 - o.s.jdbc.core.JdbcTemplate - Executing prepared SQL update
2025-12-24 11:35:17 - o.s.jdbc.core.JdbcTemplate - Executing prepared SQL statement [UPDATE public."TsUser" SET "FName" = ?, "FMobile" = ?, "FDepartmentId" = ?, "U_EmployeeCore" = ?, "FSeatId" = ? WHERE "FLoginName" = ?]
2025-12-24 11:35:17 - o.s.jdbc.core.JdbcTemplate - Executing prepared SQL update
2025-12-24 11:35:17 - o.s.jdbc.core.JdbcTemplate - Executing prepared SQL statement [UPDATE public."TsAccount" SET "FName" = ?, "FMobile" = ? WHERE "FLoginName" = ?]
2025-12-24 11:35:17 - c.c.h.service.HRDataProcessService - 更新員工: 李文潔 (BH062)
2025-12-24 11:35:17 - c.c.h.service.HRDataProcessService - 處理員工: 黃禹欣 (CD041)
2025-12-24 11:35:17 - o.s.jdbc.core.JdbcTemplate - Executing prepared SQL query
2025-12-24 11:35:17 - o.s.jdbc.core.JdbcTemplate - Executing prepared SQL statement [SELECT COUNT(*) FROM public."TsAccount" WHERE "FLoginName" = ?]
2025-12-24 11:35:17 - o.s.jdbc.core.JdbcTemplate - Executing prepared SQL query
2025-12-24 11:35:17 - o.s.jdbc.core.JdbcTemplate - Executing prepared SQL statement [SELECT "id" FROM public."CUS_HRImport_Department" WHERE "full_name" = ?]
2025-12-24 11:35:17 - o.s.jdbc.core.JdbcTemplate - Executing prepared SQL query
2025-12-24 11:35:17 - o.s.jdbc.core.JdbcTemplate - Executing prepared SQL statement [SELECT "tree_level" FROM public."CUS_HRImport_Department" WHERE "id" = ?]
2025-12-24 11:35:17 - o.s.jdbc.core.JdbcTemplate - Executing prepared SQL update
2025-12-24 11:35:17 - o.s.jdbc.core.JdbcTemplate - Executing prepared SQL statement [UPDATE public."TsUser" SET "FName" = ?, "FMobile" = ?, "FDepartmentId" = ?, "U_EmployeeCore" = ?, "FSeatId" = ? WHERE "FLoginName" = ?]
2025-12-24 11:35:17 - o.s.jdbc.core.JdbcTemplate - Executing prepared SQL update
2025-12-24 11:35:17 - o.s.jdbc.core.JdbcTemplate - Executing prepared SQL statement [UPDATE public."TsAccount" SET "FName" = ?, "FMobile" = ? WHERE "FLoginName" = ?]
2025-12-24 11:35:17 - c.c.h.service.HRDataProcessService - 更新員工: 黃禹欣 (CD041)
2025-12-24 11:35:17 - c.c.h.service.HRDataProcessService - 處理員工: 蔡宛頴 (CC057)
2025-12-24 11:35:17 - o.s.jdbc.core.JdbcTemplate - Executing prepared SQL query
2025-12-24 11:35:17 - o.s.jdbc.core.JdbcTemplate - Executing prepared SQL statement [SELECT COUNT(*) FROM public."TsAccount" WHERE "FLoginName" = ?]
2025-12-24 11:35:17 - o.s.jdbc.core.JdbcTemplate - Executing prepared SQL query
2025-12-24 11:35:17 - o.s.jdbc.core.JdbcTemplate - Executing prepared SQL statement [SELECT "id" FROM public."CUS_HRImport_Department" WHERE "full_name" = ?]
2025-12-24 11:35:17 - o.s.jdbc.core.JdbcTemplate - Executing prepared SQL query
2025-12-24 11:35:17 - o.s.jdbc.core.JdbcTemplate - Executing prepared SQL statement [SELECT "tree_level" FROM public."CUS_HRImport_Department" WHERE "id" = ?]
2025-12-24 11:35:17 - o.s.jdbc.core.JdbcTemplate - Executing prepared SQL update
2025-12-24 11:35:17 - o.s.jdbc.core.JdbcTemplate - Executing prepared SQL statement [UPDATE public."TsUser" SET "FName" = ?, "FMobile" = ?, "FDepartmentId" = ?, "U_EmployeeCore" = ?, "FSeatId" = ? WHERE "FLoginName" = ?]
2025-12-24 11:35:17 - o.s.jdbc.core.JdbcTemplate - Executing prepared SQL update
2025-12-24 11:35:17 - o.s.jdbc.core.JdbcTemplate - Executing prepared SQL statement [UPDATE public."TsAccount" SET "FName" = ?, "FMobile" = ? WHERE "FLoginName" = ?]
2025-12-24 11:35:17 - c.c.h.service.HRDataProcessService - 更新員工: 蔡宛頴 (CC057)
2025-12-24 11:35:17 - c.c.h.service.HRDataProcessService - 處理員工: 陳怡秀 (CC079)
2025-12-24 11:35:17 - o.s.jdbc.core.JdbcTemplate - Executing prepared SQL query
2025-12-24 11:35:17 - o.s.jdbc.core.JdbcTemplate - Executing prepared SQL statement [SELECT COUNT(*) FROM public."TsAccount" WHERE "FLoginName" = ?]
2025-12-24 11:35:17 - o.s.jdbc.core.JdbcTemplate - Executing prepared SQL query
2025-12-24 11:35:17 - o.s.jdbc.core.JdbcTemplate - Executing prepared SQL statement [SELECT "id" FROM public."CUS_HRImport_Department" WHERE "full_name" = ?]
2025-12-24 11:35:17 - o.s.jdbc.core.JdbcTemplate - Executing prepared SQL query
2025-12-24 11:35:17 - o.s.jdbc.core.JdbcTemplate - Executing prepared SQL statement [SELECT "tree_level" FROM public."CUS_HRImport_Department" WHERE "id" = ?]
2025-12-24 11:35:17 - o.s.jdbc.core.JdbcTemplate - Executing prepared SQL update
2025-12-24 11:35:17 - o.s.jdbc.core.JdbcTemplate - Executing prepared SQL statement [UPDATE public."TsUser" SET "FName" = ?, "FMobile" = ?, "FDepartmentId" = ?, "U_EmployeeCore" = ?, "FSeatId" = ? WHERE "FLoginName" = ?]
2025-12-24 11:35:17 - o.s.jdbc.core.JdbcTemplate - Executing prepared SQL update
2025-12-24 11:35:17 - o.s.jdbc.core.JdbcTemplate - Executing prepared SQL statement [UPDATE public."TsAccount" SET "FName" = ?, "FMobile" = ? WHERE "FLoginName" = ?]
2025-12-24 11:35:17 - c.c.h.service.HRDataProcessService - 更新員工: 陳怡秀 (CC079)
2025-12-24 11:35:17 - c.c.h.service.HRDataProcessService - 處理員工: 李佳恩 (AJ030)
2025-12-24 11:35:17 - o.s.jdbc.core.JdbcTemplate - Executing prepared SQL query
2025-12-24 11:35:17 - o.s.jdbc.core.JdbcTemplate - Executing prepared SQL statement [SELECT COUNT(*) FROM public."TsAccount" WHERE "FLoginName" = ?]
2025-12-24 11:35:17 - o.s.jdbc.core.JdbcTemplate - Executing prepared SQL query
2025-12-24 11:35:17 - o.s.jdbc.core.JdbcTemplate - Executing prepared SQL statement [SELECT "id" FROM public."CUS_HRImport_Department" WHERE "full_name" = ?]
2025-12-24 11:35:17 - o.s.jdbc.core.JdbcTemplate - Executing prepared SQL query
2025-12-24 11:35:17 - o.s.jdbc.core.JdbcTemplate - Executing prepared SQL statement [SELECT "tree_level" FROM public."CUS_HRImport_Department" WHERE "id" = ?]
2025-12-24 11:35:17 - o.s.jdbc.core.JdbcTemplate - Executing prepared SQL update
2025-12-24 11:35:17 - o.s.jdbc.core.JdbcTemplate - Executing prepared SQL statement [UPDATE public."TsUser" SET "FName" = ?, "FMobile" = ?, "FDepartmentId" = ?, "U_EmployeeCore" = ?, "FSeatId" = ? WHERE "FLoginName" = ?]
2025-12-24 11:35:17 - o.s.jdbc.core.JdbcTemplate - Executing prepared SQL update
2025-12-24 11:35:17 - o.s.jdbc.core.JdbcTemplate - Executing prepared SQL statement [UPDATE public."TsAccount" SET "FName" = ?, "FMobile" = ? WHERE "FLoginName" = ?]
2025-12-24 11:35:17 - c.c.h.service.HRDataProcessService - 更新員工: 李佳恩 (AJ030)
2025-12-24 11:35:17 - c.c.h.service.HRDataProcessService - 處理員工: 葉德海 (BA063)
2025-12-24 11:35:17 - o.s.jdbc.core.JdbcTemplate - Executing prepared SQL query
2025-12-24 11:35:17 - o.s.jdbc.core.JdbcTemplate - Executing prepared SQL statement [SELECT COUNT(*) FROM public."TsAccount" WHERE "FLoginName" = ?]
2025-12-24 11:35:17 - o.s.jdbc.core.JdbcTemplate - Executing prepared SQL query
2025-12-24 11:35:17 - o.s.jdbc.core.JdbcTemplate - Executing prepared SQL statement [SELECT "id" FROM public."CUS_HRImport_Department" WHERE "full_name" = ?]
2025-12-24 11:35:17 - o.s.jdbc.core.JdbcTemplate - Executing prepared SQL query
2025-12-24 11:35:17 - o.s.jdbc.core.JdbcTemplate - Executing prepared SQL statement [SELECT "tree_level" FROM public."CUS_HRImport_Department" WHERE "id" = ?]
2025-12-24 11:35:17 - o.s.jdbc.core.JdbcTemplate - Executing prepared SQL update
2025-12-24 11:35:17 - o.s.jdbc.core.JdbcTemplate - Executing prepared SQL statement [UPDATE public."TsUser" SET "FName" = ?, "FMobile" = ?, "FDepartmentId" = ?, "U_EmployeeCore" = ?, "FSeatId" = ? WHERE "FLoginName" = ?]
2025-12-24 11:35:17 - o.s.jdbc.core.JdbcTemplate - Executing prepared SQL update
2025-12-24 11:35:17 - o.s.jdbc.core.JdbcTemplate - Executing prepared SQL statement [UPDATE public."TsAccount" SET "FName" = ?, "FMobile" = ? WHERE "FLoginName" = ?]
2025-12-24 11:35:17 - c.c.h.service.HRDataProcessService - 更新員工: 葉德海 (BA063)
2025-12-24 11:35:17 - c.c.h.service.HRDataProcessService - 處理員工: 陳香君 (BF053)
2025-12-24 11:35:17 - o.s.jdbc.core.JdbcTemplate - Executing prepared SQL query
2025-12-24 11:35:17 - o.s.jdbc.core.JdbcTemplate - Executing prepared SQL statement [SELECT COUNT(*) FROM public."TsAccount" WHERE "FLoginName" = ?]
2025-12-24 11:35:17 - o.s.jdbc.core.JdbcTemplate - Executing prepared SQL query
2025-12-24 11:35:17 - o.s.jdbc.core.JdbcTemplate - Executing prepared SQL statement [SELECT "id" FROM public."CUS_HRImport_Department" WHERE "full_name" = ?]
2025-12-24 11:35:17 - o.s.jdbc.core.JdbcTemplate - Executing prepared SQL query
2025-12-24 11:35:17 - o.s.jdbc.core.JdbcTemplate - Executing prepared SQL statement [SELECT "tree_level" FROM public."CUS_HRImport_Department" WHERE "id" = ?]
2025-12-24 11:35:17 - o.s.jdbc.core.JdbcTemplate - Executing prepared SQL update
2025-12-24 11:35:17 - o.s.jdbc.core.JdbcTemplate - Executing prepared SQL statement [UPDATE public."TsUser" SET "FName" = ?, "FMobile" = ?, "FDepartmentId" = ?, "U_EmployeeCore" = ?, "FSeatId" = ? WHERE "FLoginName" = ?]
2025-12-24 11:35:17 - o.s.jdbc.core.JdbcTemplate - Executing prepared SQL update
2025-12-24 11:35:17 - o.s.jdbc.core.JdbcTemplate - Executing prepared SQL statement [UPDATE public."TsAccount" SET "FName" = ?, "FMobile" = ? WHERE "FLoginName" = ?]
2025-12-24 11:35:17 - c.c.h.service.HRDataProcessService - 更新員工: 陳香君 (BF053)
2025-12-24 11:35:17 - c.c.h.service.HRDataProcessService - 處理員工: 賴郁婷 (BL008)
2025-12-24 11:35:17 - o.s.jdbc.core.JdbcTemplate - Executing prepared SQL query
2025-12-24 11:35:17 - o.s.jdbc.core.JdbcTemplate - Executing prepared SQL statement [SELECT COUNT(*) FROM public."TsAccount" WHERE "FLoginName" = ?]
2025-12-24 11:35:17 - o.s.jdbc.core.JdbcTemplate - Executing prepared SQL query
2025-12-24 11:35:17 - o.s.jdbc.core.JdbcTemplate - Executing prepared SQL statement [SELECT "id" FROM public."CUS_HRImport_Department" WHERE "full_name" = ?]
2025-12-24 11:35:17 - o.s.jdbc.core.JdbcTemplate - Executing prepared SQL query
2025-12-24 11:35:17 - o.s.jdbc.core.JdbcTemplate - Executing prepared SQL statement [SELECT "tree_level" FROM public."CUS_HRImport_Department" WHERE "id" = ?]
2025-12-24 11:35:17 - o.s.jdbc.core.JdbcTemplate - Executing prepared SQL update
2025-12-24 11:35:17 - o.s.jdbc.core.JdbcTemplate - Executing prepared SQL statement [UPDATE public."TsUser" SET "FName" = ?, "FMobile" = ?, "FDepartmentId" = ?, "U_EmployeeCore" = ?, "FSeatId" = ? WHERE "FLoginName" = ?]
2025-12-24 11:35:17 - o.s.jdbc.core.JdbcTemplate - Executing prepared SQL update
2025-12-24 11:35:17 - o.s.jdbc.core.JdbcTemplate - Executing prepared SQL statement [UPDATE public."TsAccount" SET "FName" = ?, "FMobile" = ? WHERE "FLoginName" = ?]
2025-12-24 11:35:17 - c.c.h.service.HRDataProcessService - 更新員工: 賴郁婷 (BL008)
2025-12-24 11:35:17 - c.c.h.service.HRDataProcessService - 處理員工: 蔡佳成 (BF048)
2025-12-24 11:35:17 - o.s.jdbc.core.JdbcTemplate - Executing prepared SQL query
2025-12-24 11:35:17 - o.s.jdbc.core.JdbcTemplate - Executing prepared SQL statement [SELECT COUNT(*) FROM public."TsAccount" WHERE "FLoginName" = ?]
2025-12-24 11:35:17 - o.s.jdbc.core.JdbcTemplate - Executing prepared SQL query
2025-12-24 11:35:17 - o.s.jdbc.core.JdbcTemplate - Executing prepared SQL statement [SELECT "id" FROM public."CUS_HRImport_Department" WHERE "full_name" = ?]
2025-12-24 11:35:17 - o.s.jdbc.core.JdbcTemplate - Executing prepared SQL query
2025-12-24 11:35:17 - o.s.jdbc.core.JdbcTemplate - Executing prepared SQL statement [SELECT "tree_level" FROM public."CUS_HRImport_Department" WHERE "id" = ?]
2025-12-24 11:35:17 - o.s.jdbc.core.JdbcTemplate - Executing prepared SQL update
2025-12-24 11:35:17 - o.s.jdbc.core.JdbcTemplate - Executing prepared SQL statement [UPDATE public."TsUser" SET "FName" = ?, "FMobile" = ?, "FDepartmentId" = ?, "U_EmployeeCore" = ?, "FSeatId" = ? WHERE "FLoginName" = ?]
2025-12-24 11:35:17 - o.s.jdbc.core.JdbcTemplate - Executing prepared SQL update
2025-12-24 11:35:17 - o.s.jdbc.core.JdbcTemplate - Executing prepared SQL statement [UPDATE public."TsAccount" SET "FName" = ?, "FMobile" = ? WHERE "FLoginName" = ?]
2025-12-24 11:35:17 - c.c.h.service.HRDataProcessService - 更新員工: 蔡佳成 (BF048)
2025-12-24 11:35:17 - c.c.h.service.HRDataProcessService - 處理員工: 柯杏 (AG135)
2025-12-24 11:35:17 - o.s.jdbc.core.JdbcTemplate - Executing prepared SQL query
2025-12-24 11:35:17 - o.s.jdbc.core.JdbcTemplate - Executing prepared SQL statement [SELECT COUNT(*) FROM public."TsAccount" WHERE "FLoginName" = ?]
2025-12-24 11:35:17 - o.s.jdbc.core.JdbcTemplate - Executing prepared SQL query
2025-12-24 11:35:17 - o.s.jdbc.core.JdbcTemplate - Executing prepared SQL statement [SELECT "id" FROM public."CUS_HRImport_Department" WHERE "full_name" = ?]
2025-12-24 11:35:17 - o.s.jdbc.core.JdbcTemplate - Executing prepared SQL query
2025-12-24 11:35:17 - o.s.jdbc.core.JdbcTemplate - Executing prepared SQL statement [SELECT "tree_level" FROM public."CUS_HRImport_Department" WHERE "id" = ?]
2025-12-24 11:35:17 - o.s.jdbc.core.JdbcTemplate - Executing prepared SQL update
2025-12-24 11:35:17 - o.s.jdbc.core.JdbcTemplate - Executing prepared SQL statement [UPDATE public."TsUser" SET "FName" = ?, "FMobile" = ?, "FDepartmentId" = ?, "U_EmployeeCore" = ?, "FSeatId" = ? WHERE "FLoginName" = ?]
2025-12-24 11:35:17 - o.s.jdbc.core.JdbcTemplate - Executing prepared SQL update
2025-12-24 11:35:17 - o.s.jdbc.core.JdbcTemplate - Executing prepared SQL statement [UPDATE public."TsAccount" SET "FName" = ?, "FMobile" = ? WHERE "FLoginName" = ?]
2025-12-24 11:35:17 - c.c.h.service.HRDataProcessService - 更新員工: 柯杏 (AG135)
2025-12-24 11:35:17 - c.c.h.service.HRDataProcessService - 處理員工: 唐千惠 (BL045)
2025-12-24 11:35:17 - o.s.jdbc.core.JdbcTemplate - Executing prepared SQL query
2025-12-24 11:35:17 - o.s.jdbc.core.JdbcTemplate - Executing prepared SQL statement [SELECT COUNT(*) FROM public."TsAccount" WHERE "FLoginName" = ?]
2025-12-24 11:35:17 - o.s.jdbc.core.JdbcTemplate - Executing prepared SQL query
2025-12-24 11:35:17 - o.s.jdbc.core.JdbcTemplate - Executing prepared SQL statement [SELECT "id" FROM public."CUS_HRImport_Department" WHERE "full_name" = ?]
2025-12-24 11:35:17 - o.s.jdbc.core.JdbcTemplate - Executing prepared SQL query
2025-12-24 11:35:17 - o.s.jdbc.core.JdbcTemplate - Executing prepared SQL statement [SELECT "tree_level" FROM public."CUS_HRImport_Department" WHERE "id" = ?]
2025-12-24 11:35:17 - o.s.jdbc.core.JdbcTemplate - Executing prepared SQL update
2025-12-24 11:35:17 - o.s.jdbc.core.JdbcTemplate - Executing prepared SQL statement [UPDATE public."TsUser" SET "FName" = ?, "FMobile" = ?, "FDepartmentId" = ?, "U_EmployeeCore" = ?, "FSeatId" = ? WHERE "FLoginName" = ?]
2025-12-24 11:35:17 - o.s.jdbc.core.JdbcTemplate - Executing prepared SQL update
2025-12-24 11:35:17 - o.s.jdbc.core.JdbcTemplate - Executing prepared SQL statement [UPDATE public."TsAccount" SET "FName" = ?, "FMobile" = ? WHERE "FLoginName" = ?]
2025-12-24 11:35:17 - c.c.h.service.HRDataProcessService - 更新員工: 唐千惠 (BL045)
2025-12-24 11:35:17 - c.c.h.service.HRDataProcessService - 處理員工: 廖志祥 (CF082)
2025-12-24 11:35:17 - o.s.jdbc.core.JdbcTemplate - Executing prepared SQL query
2025-12-24 11:35:17 - o.s.jdbc.core.JdbcTemplate - Executing prepared SQL statement [SELECT COUNT(*) FROM public."TsAccount" WHERE "FLoginName" = ?]
2025-12-24 11:35:17 - o.s.jdbc.core.JdbcTemplate - Executing prepared SQL query
2025-12-24 11:35:17 - o.s.jdbc.core.JdbcTemplate - Executing prepared SQL statement [SELECT "id" FROM public."CUS_HRImport_Department" WHERE "full_name" = ?]
2025-12-24 11:35:17 - o.s.jdbc.core.JdbcTemplate - Executing prepared SQL query
2025-12-24 11:35:17 - o.s.jdbc.core.JdbcTemplate - Executing prepared SQL statement [SELECT "tree_level" FROM public."CUS_HRImport_Department" WHERE "id" = ?]
2025-12-24 11:35:17 - o.s.jdbc.core.JdbcTemplate - Executing prepared SQL update
2025-12-24 11:35:17 - o.s.jdbc.core.JdbcTemplate - Executing prepared SQL statement [UPDATE public."TsUser" SET "FName" = ?, "FMobile" = ?, "FDepartmentId" = ?, "U_EmployeeCore" = ?, "FSeatId" = ? WHERE "FLoginName" = ?]
2025-12-24 11:35:17 - o.s.jdbc.core.JdbcTemplate - Executing prepared SQL update
2025-12-24 11:35:17 - o.s.jdbc.core.JdbcTemplate - Executing prepared SQL statement [UPDATE public."TsAccount" SET "FName" = ?, "FMobile" = ? WHERE "FLoginName" = ?]
2025-12-24 11:35:17 - c.c.h.service.HRDataProcessService - 更新員工: 廖志祥 (CF082)
2025-12-24 11:35:17 - c.c.h.service.HRDataProcessService - 處理員工: 張雅欣 (CE060)
2025-12-24 11:35:17 - o.s.jdbc.core.JdbcTemplate - Executing prepared SQL query
2025-12-24 11:35:17 - o.s.jdbc.core.JdbcTemplate - Executing prepared SQL statement [SELECT COUNT(*) FROM public."TsAccount" WHERE "FLoginName" = ?]
2025-12-24 11:35:17 - o.s.jdbc.core.JdbcTemplate - Executing prepared SQL query
2025-12-24 11:35:17 - o.s.jdbc.core.JdbcTemplate - Executing prepared SQL statement [SELECT "id" FROM public."CUS_HRImport_Department" WHERE "full_name" = ?]
2025-12-24 11:35:17 - o.s.jdbc.core.JdbcTemplate - Executing prepared SQL query
2025-12-24 11:35:17 - o.s.jdbc.core.JdbcTemplate - Executing prepared SQL statement [SELECT "tree_level" FROM public."CUS_HRImport_Department" WHERE "id" = ?]
2025-12-24 11:35:17 - o.s.jdbc.core.JdbcTemplate - Executing prepared SQL update
2025-12-24 11:35:17 - o.s.jdbc.core.JdbcTemplate - Executing prepared SQL statement [UPDATE public."TsUser" SET "FName" = ?, "FMobile" = ?, "FDepartmentId" = ?, "U_EmployeeCore" = ?, "FSeatId" = ? WHERE "FLoginName" = ?]
2025-12-24 11:35:17 - o.s.jdbc.core.JdbcTemplate - Executing prepared SQL update
2025-12-24 11:35:17 - o.s.jdbc.core.JdbcTemplate - Executing prepared SQL statement [UPDATE public."TsAccount" SET "FName" = ?, "FMobile" = ? WHERE "FLoginName" = ?]
2025-12-24 11:35:17 - c.c.h.service.HRDataProcessService - 更新員工: 張雅欣 (CE060)
2025-12-24 11:35:17 - c.c.h.service.HRDataProcessService - 處理員工: 李承翰 (CD049)
2025-12-24 11:35:17 - o.s.jdbc.core.JdbcTemplate - Executing prepared SQL query
2025-12-24 11:35:17 - o.s.jdbc.core.JdbcTemplate - Executing prepared SQL statement [SELECT COUNT(*) FROM public."TsAccount" WHERE "FLoginName" = ?]
2025-12-24 11:35:17 - o.s.jdbc.core.JdbcTemplate - Executing prepared SQL query
2025-12-24 11:35:17 - o.s.jdbc.core.JdbcTemplate - Executing prepared SQL statement [SELECT COUNT(*) FROM public."CUS_HRImport_Department" WHERE "code" = ?]
2025-12-24 11:35:17 - o.s.jdbc.core.JdbcTemplate - Executing prepared SQL query
2025-12-24 11:35:17 - o.s.jdbc.core.JdbcTemplate - Executing prepared SQL statement [SELECT COUNT(*) FROM public."CUS_HRImport_Department" WHERE "code" = ?]
2025-12-24 11:35:17 - o.s.jdbc.core.JdbcTemplate - Executing prepared SQL query
2025-12-24 11:35:17 - o.s.jdbc.core.JdbcTemplate - Executing prepared SQL statement [SELECT "id" FROM public."CUS_HRImport_Department" WHERE "code" = ?]
2025-12-24 11:35:17 - o.s.jdbc.core.JdbcTemplate - Executing prepared SQL query
2025-12-24 11:35:17 - o.s.jdbc.core.JdbcTemplate - Executing prepared SQL statement [SELECT "tree_level" FROM public."CUS_HRImport_Department" WHERE "id" = ?]
2025-12-24 11:35:17 - o.s.jdbc.core.JdbcTemplate - Executing prepared SQL update
2025-12-24 11:35:17 - o.s.jdbc.core.JdbcTemplate - Executing prepared SQL statement [UPDATE public."TsUser" SET "FName" = ?, "FMobile" = ?, "FDepartmentId" = ?, "U_EmployeeCore" = ?, "FSeatId" = ? WHERE "FLoginName" = ?]
2025-12-24 11:35:17 - o.s.jdbc.core.JdbcTemplate - Executing prepared SQL update
2025-12-24 11:35:17 - o.s.jdbc.core.JdbcTemplate - Executing prepared SQL statement [UPDATE public."TsAccount" SET "FName" = ?, "FMobile" = ? WHERE "FLoginName" = ?]
2025-12-24 11:35:17 - c.c.h.service.HRDataProcessService - 更新員工: 李承翰 (CD049)
2025-12-24 11:35:17 - c.c.h.service.HRDataProcessService - 處理員工: 謝為仲 (BL043)
2025-12-24 11:35:17 - o.s.jdbc.core.JdbcTemplate - Executing prepared SQL query
2025-12-24 11:35:17 - o.s.jdbc.core.JdbcTemplate - Executing prepared SQL statement [SELECT COUNT(*) FROM public."TsAccount" WHERE "FLoginName" = ?]
2025-12-24 11:35:17 - o.s.jdbc.core.JdbcTemplate - Executing prepared SQL query
2025-12-24 11:35:17 - o.s.jdbc.core.JdbcTemplate - Executing prepared SQL statement [SELECT COUNT(*) FROM public."CUS_HRImport_Department" WHERE "code" = ?]
2025-12-24 11:35:17 - o.s.jdbc.core.JdbcTemplate - Executing prepared SQL query
2025-12-24 11:35:17 - o.s.jdbc.core.JdbcTemplate - Executing prepared SQL statement [SELECT COUNT(*) FROM public."CUS_HRImport_Department" WHERE "code" = ?]
2025-12-24 11:35:17 - o.s.jdbc.core.JdbcTemplate - Executing prepared SQL query
2025-12-24 11:35:17 - o.s.jdbc.core.JdbcTemplate - Executing prepared SQL statement [SELECT "id" FROM public."CUS_HRImport_Department" WHERE "code" = ?]
2025-12-24 11:35:17 - o.s.jdbc.core.JdbcTemplate - Executing prepared SQL query
2025-12-24 11:35:17 - o.s.jdbc.core.JdbcTemplate - Executing prepared SQL statement [SELECT "tree_level" FROM public."CUS_HRImport_Department" WHERE "id" = ?]
2025-12-24 11:35:17 - o.s.jdbc.core.JdbcTemplate - Executing prepared SQL update
2025-12-24 11:35:17 - o.s.jdbc.core.JdbcTemplate - Executing prepared SQL statement [UPDATE public."TsUser" SET "FName" = ?, "FMobile" = ?, "FDepartmentId" = ?, "U_EmployeeCore" = ?, "FSeatId" = ? WHERE "FLoginName" = ?]
2025-12-24 11:35:17 - o.s.jdbc.core.JdbcTemplate - Executing prepared SQL update
2025-12-24 11:35:17 - o.s.jdbc.core.JdbcTemplate - Executing prepared SQL statement [UPDATE public."TsAccount" SET "FName" = ?, "FMobile" = ? WHERE "FLoginName" = ?]
2025-12-24 11:35:17 - c.c.h.service.HRDataProcessService - 更新員工: 謝為仲 (BL043)
2025-12-24 11:35:17 - c.c.h.service.HRDataProcessService - 處理員工: 游昱睿 (BC103)
2025-12-24 11:35:17 - o.s.jdbc.core.JdbcTemplate - Executing prepared SQL query
2025-12-24 11:35:17 - o.s.jdbc.core.JdbcTemplate - Executing prepared SQL statement [SELECT COUNT(*) FROM public."TsAccount" WHERE "FLoginName" = ?]
2025-12-24 11:35:17 - o.s.jdbc.core.JdbcTemplate - Executing prepared SQL query
2025-12-24 11:35:17 - o.s.jdbc.core.JdbcTemplate - Executing prepared SQL statement [SELECT COUNT(*) FROM public."CUS_HRImport_Department" WHERE "code" = ?]
2025-12-24 11:35:17 - o.s.jdbc.core.JdbcTemplate - Executing prepared SQL query
2025-12-24 11:35:17 - o.s.jdbc.core.JdbcTemplate - Executing prepared SQL statement [SELECT COUNT(*) FROM public."CUS_HRImport_Department" WHERE "code" = ?]
2025-12-24 11:35:17 - o.s.jdbc.core.JdbcTemplate - Executing prepared SQL query
2025-12-24 11:35:17 - o.s.jdbc.core.JdbcTemplate - Executing prepared SQL statement [SELECT "id" FROM public."CUS_HRImport_Department" WHERE "code" = ?]
2025-12-24 11:35:17 - o.s.jdbc.core.JdbcTemplate - Executing prepared SQL query
2025-12-24 11:35:17 - o.s.jdbc.core.JdbcTemplate - Executing prepared SQL statement [SELECT "tree_level" FROM public."CUS_HRImport_Department" WHERE "id" = ?]
2025-12-24 11:35:17 - o.s.jdbc.core.JdbcTemplate - Executing prepared SQL update
2025-12-24 11:35:17 - o.s.jdbc.core.JdbcTemplate - Executing prepared SQL statement [UPDATE public."TsUser" SET "FName" = ?, "FMobile" = ?, "FDepartmentId" = ?, "U_EmployeeCore" = ?, "FSeatId" = ? WHERE "FLoginName" = ?]
2025-12-24 11:35:17 - o.s.jdbc.core.JdbcTemplate - Executing prepared SQL update
2025-12-24 11:35:17 - o.s.jdbc.core.JdbcTemplate - Executing prepared SQL statement [UPDATE public."TsAccount" SET "FName" = ?, "FMobile" = ? WHERE "FLoginName" = ?]
2025-12-24 11:35:17 - c.c.h.service.HRDataProcessService - 更新員工: 游昱睿 (BC103)
2025-12-24 11:35:17 - c.c.h.service.HRDataProcessService - 處理員工: 謝百恭 (BD098)
2025-12-24 11:35:17 - o.s.jdbc.core.JdbcTemplate - Executing prepared SQL query
2025-12-24 11:35:17 - o.s.jdbc.core.JdbcTemplate - Executing prepared SQL statement [SELECT COUNT(*) FROM public."TsAccount" WHERE "FLoginName" = ?]
2025-12-24 11:35:17 - o.s.jdbc.core.JdbcTemplate - Executing prepared SQL query
2025-12-24 11:35:17 - o.s.jdbc.core.JdbcTemplate - Executing prepared SQL statement [SELECT COUNT(*) FROM public."CUS_HRImport_Department" WHERE "code" = ?]
2025-12-24 11:35:17 - o.s.jdbc.core.JdbcTemplate - Executing prepared SQL query
2025-12-24 11:35:17 - o.s.jdbc.core.JdbcTemplate - Executing prepared SQL statement [SELECT COUNT(*) FROM public."CUS_HRImport_Department" WHERE "code" = ?]
2025-12-24 11:35:17 - o.s.jdbc.core.JdbcTemplate - Executing prepared SQL query
2025-12-24 11:35:17 - o.s.jdbc.core.JdbcTemplate - Executing prepared SQL statement [SELECT "id" FROM public."CUS_HRImport_Department" WHERE "code" = ?]
2025-12-24 11:35:17 - o.s.jdbc.core.JdbcTemplate - Executing prepared SQL query
2025-12-24 11:35:17 - o.s.jdbc.core.JdbcTemplate - Executing prepared SQL statement [SELECT "tree_level" FROM public."CUS_HRImport_Department" WHERE "id" = ?]
2025-12-24 11:35:17 - o.s.jdbc.core.JdbcTemplate - Executing prepared SQL update
2025-12-24 11:35:17 - o.s.jdbc.core.JdbcTemplate - Executing prepared SQL statement [UPDATE public."TsUser" SET "FName" = ?, "FMobile" = ?, "FDepartmentId" = ?, "U_EmployeeCore" = ?, "FSeatId" = ? WHERE "FLoginName" = ?]
2025-12-24 11:35:17 - o.s.jdbc.core.JdbcTemplate - Executing prepared SQL update
2025-12-24 11:35:17 - o.s.jdbc.core.JdbcTemplate - Executing prepared SQL statement [UPDATE public."TsAccount" SET "FName" = ?, "FMobile" = ? WHERE "FLoginName" = ?]
2025-12-24 11:35:17 - c.c.h.service.HRDataProcessService - 更新員工: 謝百恭 (BD098)
2025-12-24 11:35:17 - c.c.h.service.HRDataProcessService - 處理員工: 林志坪 (BE047)
2025-12-24 11:35:17 - o.s.jdbc.core.JdbcTemplate - Executing prepared SQL query
2025-12-24 11:35:17 - o.s.jdbc.core.JdbcTemplate - Executing prepared SQL statement [SELECT COUNT(*) FROM public."TsAccount" WHERE "FLoginName" = ?]
2025-12-24 11:35:17 - o.s.jdbc.core.JdbcTemplate - Executing prepared SQL query
2025-12-24 11:35:17 - o.s.jdbc.core.JdbcTemplate - Executing prepared SQL statement [SELECT COUNT(*) FROM public."CUS_HRImport_Department" WHERE "code" = ?]
2025-12-24 11:35:17 - o.s.jdbc.core.JdbcTemplate - Executing prepared SQL query
2025-12-24 11:35:17 - o.s.jdbc.core.JdbcTemplate - Executing prepared SQL statement [SELECT COUNT(*) FROM public."CUS_HRImport_Department" WHERE "code" = ?]
2025-12-24 11:35:17 - o.s.jdbc.core.JdbcTemplate - Executing prepared SQL query
2025-12-24 11:35:17 - o.s.jdbc.core.JdbcTemplate - Executing prepared SQL statement [SELECT "id" FROM public."CUS_HRImport_Department" WHERE "code" = ?]
2025-12-24 11:35:17 - o.s.jdbc.core.JdbcTemplate - Executing prepared SQL query
2025-12-24 11:35:17 - o.s.jdbc.core.JdbcTemplate - Executing prepared SQL statement [SELECT "tree_level" FROM public."CUS_HRImport_Department" WHERE "id" = ?]
2025-12-24 11:35:17 - o.s.jdbc.core.JdbcTemplate - Executing prepared SQL update
2025-12-24 11:35:17 - o.s.jdbc.core.JdbcTemplate - Executing prepared SQL statement [UPDATE public."TsUser" SET "FName" = ?, "FMobile" = ?, "FDepartmentId" = ?, "U_EmployeeCore" = ?, "FSeatId" = ? WHERE "FLoginName" = ?]
2025-12-24 11:35:17 - o.s.jdbc.core.JdbcTemplate - Executing prepared SQL update
2025-12-24 11:35:17 - o.s.jdbc.core.JdbcTemplate - Executing prepared SQL statement [UPDATE public."TsAccount" SET "FName" = ?, "FMobile" = ? WHERE "FLoginName" = ?]
2025-12-24 11:35:17 - c.c.h.service.HRDataProcessService - 更新員工: 林志坪 (BE047)
2025-12-24 11:35:17 - c.c.h.service.HRDataProcessService - 處理員工: 黃造峰 (BK011)
2025-12-24 11:35:17 - o.s.jdbc.core.JdbcTemplate - Executing prepared SQL query
2025-12-24 11:35:17 - o.s.jdbc.core.JdbcTemplate - Executing prepared SQL statement [SELECT COUNT(*) FROM public."TsAccount" WHERE "FLoginName" = ?]
2025-12-24 11:35:17 - o.s.jdbc.core.JdbcTemplate - Executing prepared SQL query
2025-12-24 11:35:17 - o.s.jdbc.core.JdbcTemplate - Executing prepared SQL statement [SELECT COUNT(*) FROM public."CUS_HRImport_Department" WHERE "code" = ?]
2025-12-24 11:35:17 - o.s.jdbc.core.JdbcTemplate - Executing prepared SQL query
2025-12-24 11:35:17 - o.s.jdbc.core.JdbcTemplate - Executing prepared SQL statement [SELECT COUNT(*) FROM public."CUS_HRImport_Department" WHERE "code" = ?]
2025-12-24 11:35:17 - o.s.jdbc.core.JdbcTemplate - Executing prepared SQL query
2025-12-24 11:35:17 - o.s.jdbc.core.JdbcTemplate - Executing prepared SQL statement [SELECT "id" FROM public."CUS_HRImport_Department" WHERE "code" = ?]
2025-12-24 11:35:17 - o.s.jdbc.core.JdbcTemplate - Executing prepared SQL query
2025-12-24 11:35:17 - o.s.jdbc.core.JdbcTemplate - Executing prepared SQL statement [SELECT "tree_level" FROM public."CUS_HRImport_Department" WHERE "id" = ?]
2025-12-24 11:35:17 - o.s.jdbc.core.JdbcTemplate - Executing prepared SQL update
2025-12-24 11:35:17 - o.s.jdbc.core.JdbcTemplate - Executing prepared SQL statement [UPDATE public."TsUser" SET "FName" = ?, "FMobile" = ?, "FDepartmentId" = ?, "U_EmployeeCore" = ?, "FSeatId" = ? WHERE "FLoginName" = ?]
2025-12-24 11:35:17 - o.s.jdbc.core.JdbcTemplate - Executing prepared SQL update
2025-12-24 11:35:17 - o.s.jdbc.core.JdbcTemplate - Executing prepared SQL statement [UPDATE public."TsAccount" SET "FName" = ?, "FMobile" = ? WHERE "FLoginName" = ?]
2025-12-24 11:35:17 - c.c.h.service.HRDataProcessService - 更新員工: 黃造峰 (BK011)
2025-12-24 11:35:17 - c.c.h.service.HRDataProcessService - 處理員工: 李連金 (BK012)
2025-12-24 11:35:17 - o.s.jdbc.core.JdbcTemplate - Executing prepared SQL query
2025-12-24 11:35:17 - o.s.jdbc.core.JdbcTemplate - Executing prepared SQL statement [SELECT COUNT(*) FROM public."TsAccount" WHERE "FLoginName" = ?]
2025-12-24 11:35:17 - o.s.jdbc.core.JdbcTemplate - Executing prepared SQL query
2025-12-24 11:35:17 - o.s.jdbc.core.JdbcTemplate - Executing prepared SQL statement [SELECT COUNT(*) FROM public."CUS_HRImport_Department" WHERE "code" = ?]
2025-12-24 11:35:17 - o.s.jdbc.core.JdbcTemplate - Executing prepared SQL query
2025-12-24 11:35:17 - o.s.jdbc.core.JdbcTemplate - Executing prepared SQL statement [SELECT COUNT(*) FROM public."CUS_HRImport_Department" WHERE "code" = ?]
2025-12-24 11:35:17 - o.s.jdbc.core.JdbcTemplate - Executing prepared SQL query
2025-12-24 11:35:17 - o.s.jdbc.core.JdbcTemplate - Executing prepared SQL statement [SELECT "id" FROM public."CUS_HRImport_Department" WHERE "code" = ?]
2025-12-24 11:35:17 - o.s.jdbc.core.JdbcTemplate - Executing prepared SQL query
2025-12-24 11:35:17 - o.s.jdbc.core.JdbcTemplate - Executing prepared SQL statement [SELECT "tree_level" FROM public."CUS_HRImport_Department" WHERE "id" = ?]
2025-12-24 11:35:17 - o.s.jdbc.core.JdbcTemplate - Executing prepared SQL update
2025-12-24 11:35:17 - o.s.jdbc.core.JdbcTemplate - Executing prepared SQL statement [UPDATE public."TsUser" SET "FName" = ?, "FMobile" = ?, "FDepartmentId" = ?, "U_EmployeeCore" = ?, "FSeatId" = ? WHERE "FLoginName" = ?]
2025-12-24 11:35:17 - o.s.jdbc.core.JdbcTemplate - Executing prepared SQL update
2025-12-24 11:35:17 - o.s.jdbc.core.JdbcTemplate - Executing prepared SQL statement [UPDATE public."TsAccount" SET "FName" = ?, "FMobile" = ? WHERE "FLoginName" = ?]
2025-12-24 11:35:17 - c.c.h.service.HRDataProcessService - 更新員工: 李連金 (BK012)
2025-12-24 11:35:17 - c.c.h.service.HRDataProcessService - 處理員工: 吳侑翰 (BK047)
2025-12-24 11:35:17 - o.s.jdbc.core.JdbcTemplate - Executing prepared SQL query
2025-12-24 11:35:17 - o.s.jdbc.core.JdbcTemplate - Executing prepared SQL statement [SELECT COUNT(*) FROM public."TsAccount" WHERE "FLoginName" = ?]
2025-12-24 11:35:17 - o.s.jdbc.core.JdbcTemplate - Executing prepared SQL query
2025-12-24 11:35:17 - o.s.jdbc.core.JdbcTemplate - Executing prepared SQL statement [SELECT COUNT(*) FROM public."CUS_HRImport_Department" WHERE "code" = ?]
2025-12-24 11:35:17 - o.s.jdbc.core.JdbcTemplate - Executing prepared SQL query
2025-12-24 11:35:17 - o.s.jdbc.core.JdbcTemplate - Executing prepared SQL statement [SELECT COUNT(*) FROM public."CUS_HRImport_Department" WHERE "code" = ?]
2025-12-24 11:35:17 - o.s.jdbc.core.JdbcTemplate - Executing prepared SQL query
2025-12-24 11:35:17 - o.s.jdbc.core.JdbcTemplate - Executing prepared SQL statement [SELECT "id" FROM public."CUS_HRImport_Department" WHERE "code" = ?]
2025-12-24 11:35:17 - o.s.jdbc.core.JdbcTemplate - Executing prepared SQL query
2025-12-24 11:35:17 - o.s.jdbc.core.JdbcTemplate - Executing prepared SQL statement [SELECT "tree_level" FROM public."CUS_HRImport_Department" WHERE "id" = ?]
2025-12-24 11:35:17 - o.s.jdbc.core.JdbcTemplate - Executing prepared SQL update
2025-12-24 11:35:17 - o.s.jdbc.core.JdbcTemplate - Executing prepared SQL statement [UPDATE public."TsUser" SET "FName" = ?, "FMobile" = ?, "FDepartmentId" = ?, "U_EmployeeCore" = ?, "FSeatId" = ? WHERE "FLoginName" = ?]
2025-12-24 11:35:17 - o.s.jdbc.core.JdbcTemplate - Executing prepared SQL update
2025-12-24 11:35:17 - o.s.jdbc.core.JdbcTemplate - Executing prepared SQL statement [UPDATE public."TsAccount" SET "FName" = ?, "FMobile" = ? WHERE "FLoginName" = ?]
2025-12-24 11:35:17 - c.c.h.service.HRDataProcessService - 更新員工: 吳侑翰 (BK047)
2025-12-24 11:35:17 - c.c.h.service.HRDataProcessService - 處理員工: 黄冠凱 (BK065)
2025-12-24 11:35:17 - o.s.jdbc.core.JdbcTemplate - Executing prepared SQL query
2025-12-24 11:35:17 - o.s.jdbc.core.JdbcTemplate - Executing prepared SQL statement [SELECT COUNT(*) FROM public."TsAccount" WHERE "FLoginName" = ?]
2025-12-24 11:35:17 - o.s.jdbc.core.JdbcTemplate - Executing prepared SQL query
2025-12-24 11:35:17 - o.s.jdbc.core.JdbcTemplate - Executing prepared SQL statement [SELECT COUNT(*) FROM public."CUS_HRImport_Department" WHERE "code" = ?]
2025-12-24 11:35:17 - o.s.jdbc.core.JdbcTemplate - Executing prepared SQL query
2025-12-24 11:35:17 - o.s.jdbc.core.JdbcTemplate - Executing prepared SQL statement [SELECT COUNT(*) FROM public."CUS_HRImport_Department" WHERE "code" = ?]
2025-12-24 11:35:17 - o.s.jdbc.core.JdbcTemplate - Executing prepared SQL query
2025-12-24 11:35:17 - o.s.jdbc.core.JdbcTemplate - Executing prepared SQL statement [SELECT "id" FROM public."CUS_HRImport_Department" WHERE "code" = ?]
2025-12-24 11:35:17 - o.s.jdbc.core.JdbcTemplate - Executing prepared SQL query
2025-12-24 11:35:17 - o.s.jdbc.core.JdbcTemplate - Executing prepared SQL statement [SELECT "tree_level" FROM public."CUS_HRImport_Department" WHERE "id" = ?]
2025-12-24 11:35:17 - o.s.jdbc.core.JdbcTemplate - Executing prepared SQL update
2025-12-24 11:35:17 - o.s.jdbc.core.JdbcTemplate - Executing prepared SQL statement [UPDATE public."TsUser" SET "FName" = ?, "FMobile" = ?, "FDepartmentId" = ?, "U_EmployeeCore" = ?, "FSeatId" = ? WHERE "FLoginName" = ?]
2025-12-24 11:35:17 - o.s.jdbc.core.JdbcTemplate - Executing prepared SQL update
2025-12-24 11:35:17 - o.s.jdbc.core.JdbcTemplate - Executing prepared SQL statement [UPDATE public."TsAccount" SET "FName" = ?, "FMobile" = ? WHERE "FLoginName" = ?]
2025-12-24 11:35:17 - c.c.h.service.HRDataProcessService - 更新員工: 黄冠凱 (BK065)
2025-12-24 11:35:17 - c.c.h.service.HRDataProcessService - 處理員工: 黃世霖 (CE007)
2025-12-24 11:35:17 - o.s.jdbc.core.JdbcTemplate - Executing prepared SQL query
2025-12-24 11:35:17 - o.s.jdbc.core.JdbcTemplate - Executing prepared SQL statement [SELECT COUNT(*) FROM public."TsAccount" WHERE "FLoginName" = ?]
2025-12-24 11:35:17 - o.s.jdbc.core.JdbcTemplate - Executing prepared SQL query
2025-12-24 11:35:17 - o.s.jdbc.core.JdbcTemplate - Executing prepared SQL statement [SELECT COUNT(*) FROM public."CUS_HRImport_Department" WHERE "code" = ?]
2025-12-24 11:35:17 - o.s.jdbc.core.JdbcTemplate - Executing prepared SQL query
2025-12-24 11:35:17 - o.s.jdbc.core.JdbcTemplate - Executing prepared SQL statement [SELECT COUNT(*) FROM public."CUS_HRImport_Department" WHERE "code" = ?]
2025-12-24 11:35:17 - o.s.jdbc.core.JdbcTemplate - Executing prepared SQL query
2025-12-24 11:35:17 - o.s.jdbc.core.JdbcTemplate - Executing prepared SQL statement [SELECT "id" FROM public."CUS_HRImport_Department" WHERE "code" = ?]
2025-12-24 11:35:17 - o.s.jdbc.core.JdbcTemplate - Executing prepared SQL query
2025-12-24 11:35:17 - o.s.jdbc.core.JdbcTemplate - Executing prepared SQL statement [SELECT "tree_level" FROM public."CUS_HRImport_Department" WHERE "id" = ?]
2025-12-24 11:35:17 - o.s.jdbc.core.JdbcTemplate - Executing prepared SQL update
2025-12-24 11:35:17 - o.s.jdbc.core.JdbcTemplate - Executing prepared SQL statement [UPDATE public."TsUser" SET "FName" = ?, "FMobile" = ?, "FDepartmentId" = ?, "U_EmployeeCore" = ?, "FSeatId" = ? WHERE "FLoginName" = ?]
2025-12-24 11:35:17 - o.s.jdbc.core.JdbcTemplate - Executing prepared SQL update
2025-12-24 11:35:17 - o.s.jdbc.core.JdbcTemplate - Executing prepared SQL statement [UPDATE public."TsAccount" SET "FName" = ?, "FMobile" = ? WHERE "FLoginName" = ?]
2025-12-24 11:35:17 - c.c.h.service.HRDataProcessService - 更新員工: 黃世霖 (CE007)
2025-12-24 11:35:17 - c.c.h.service.HRDataProcessService - 處理員工: 林崇偉 (CE067)
2025-12-24 11:35:17 - o.s.jdbc.core.JdbcTemplate - Executing prepared SQL query
2025-12-24 11:35:17 - o.s.jdbc.core.JdbcTemplate - Executing prepared SQL statement [SELECT COUNT(*) FROM public."TsAccount" WHERE "FLoginName" = ?]
2025-12-24 11:35:17 - o.s.jdbc.core.JdbcTemplate - Executing prepared SQL query
2025-12-24 11:35:17 - o.s.jdbc.core.JdbcTemplate - Executing prepared SQL statement [SELECT COUNT(*) FROM public."CUS_HRImport_Department" WHERE "code" = ?]
2025-12-24 11:35:17 - o.s.jdbc.core.JdbcTemplate - Executing prepared SQL query
2025-12-24 11:35:17 - o.s.jdbc.core.JdbcTemplate - Executing prepared SQL statement [SELECT COUNT(*) FROM public."CUS_HRImport_Department" WHERE "code" = ?]
2025-12-24 11:35:17 - o.s.jdbc.core.JdbcTemplate - Executing prepared SQL query
2025-12-24 11:35:17 - o.s.jdbc.core.JdbcTemplate - Executing prepared SQL statement [SELECT "id" FROM public."CUS_HRImport_Department" WHERE "code" = ?]
2025-12-24 11:35:17 - o.s.jdbc.core.JdbcTemplate - Executing prepared SQL query
2025-12-24 11:35:17 - o.s.jdbc.core.JdbcTemplate - Executing prepared SQL statement [SELECT "tree_level" FROM public."CUS_HRImport_Department" WHERE "id" = ?]
2025-12-24 11:35:17 - o.s.jdbc.core.JdbcTemplate - Executing prepared SQL update
2025-12-24 11:35:17 - o.s.jdbc.core.JdbcTemplate - Executing prepared SQL statement [UPDATE public."TsUser" SET "FName" = ?, "FMobile" = ?, "FDepartmentId" = ?, "U_EmployeeCore" = ?, "FSeatId" = ? WHERE "FLoginName" = ?]
2025-12-24 11:35:17 - o.s.jdbc.core.JdbcTemplate - Executing prepared SQL update
2025-12-24 11:35:17 - o.s.jdbc.core.JdbcTemplate - Executing prepared SQL statement [UPDATE public."TsAccount" SET "FName" = ?, "FMobile" = ? WHERE "FLoginName" = ?]
2025-12-24 11:35:17 - c.c.h.service.HRDataProcessService - 更新員工: 林崇偉 (CE067)
2025-12-24 11:35:17 - c.c.h.service.HRDataProcessService - 處理員工: 楚成業 (CE020)
2025-12-24 11:35:17 - o.s.jdbc.core.JdbcTemplate - Executing prepared SQL query
2025-12-24 11:35:17 - o.s.jdbc.core.JdbcTemplate - Executing prepared SQL statement [SELECT COUNT(*) FROM public."TsAccount" WHERE "FLoginName" = ?]
2025-12-24 11:35:17 - o.s.jdbc.core.JdbcTemplate - Executing prepared SQL query
2025-12-24 11:35:17 - o.s.jdbc.core.JdbcTemplate - Executing prepared SQL statement [SELECT "id" FROM public."CUS_HRImport_Department" WHERE "full_name" = ?]
2025-12-24 11:35:17 - o.s.jdbc.core.JdbcTemplate - Executing prepared SQL query
2025-12-24 11:35:17 - o.s.jdbc.core.JdbcTemplate - Executing prepared SQL statement [SELECT "tree_level" FROM public."CUS_HRImport_Department" WHERE "id" = ?]
2025-12-24 11:35:17 - o.s.jdbc.core.JdbcTemplate - Executing prepared SQL update
2025-12-24 11:35:17 - o.s.jdbc.core.JdbcTemplate - Executing prepared SQL statement [UPDATE public."TsUser" SET "FName" = ?, "FMobile" = ?, "FDepartmentId" = ?, "U_EmployeeCore" = ?, "FSeatId" = ? WHERE "FLoginName" = ?]
2025-12-24 11:35:17 - o.s.jdbc.core.JdbcTemplate - Executing prepared SQL update
2025-12-24 11:35:17 - o.s.jdbc.core.JdbcTemplate - Executing prepared SQL statement [UPDATE public."TsAccount" SET "FName" = ?, "FMobile" = ? WHERE "FLoginName" = ?]
2025-12-24 11:35:17 - c.c.h.service.HRDataProcessService - 更新員工: 楚成業 (CE020)
2025-12-24 11:35:17 - c.c.h.service.HRDataProcessService - 處理員工: 唐彩欣 (CE065)
2025-12-24 11:35:17 - o.s.jdbc.core.JdbcTemplate - Executing prepared SQL query
2025-12-24 11:35:17 - o.s.jdbc.core.JdbcTemplate - Executing prepared SQL statement [SELECT COUNT(*) FROM public."TsAccount" WHERE "FLoginName" = ?]
2025-12-24 11:35:17 - o.s.jdbc.core.JdbcTemplate - Executing prepared SQL query
2025-12-24 11:35:17 - o.s.jdbc.core.JdbcTemplate - Executing prepared SQL statement [SELECT "id" FROM public."CUS_HRImport_Department" WHERE "full_name" = ?]
2025-12-24 11:35:17 - o.s.jdbc.core.JdbcTemplate - Executing prepared SQL query
2025-12-24 11:35:17 - o.s.jdbc.core.JdbcTemplate - Executing prepared SQL statement [SELECT "tree_level" FROM public."CUS_HRImport_Department" WHERE "id" = ?]
2025-12-24 11:35:17 - o.s.jdbc.core.JdbcTemplate - Executing prepared SQL update
2025-12-24 11:35:17 - o.s.jdbc.core.JdbcTemplate - Executing prepared SQL statement [UPDATE public."TsUser" SET "FName" = ?, "FMobile" = ?, "FDepartmentId" = ?, "U_EmployeeCore" = ?, "FSeatId" = ? WHERE "FLoginName" = ?]
2025-12-24 11:35:17 - o.s.jdbc.core.JdbcTemplate - Executing prepared SQL update
2025-12-24 11:35:17 - o.s.jdbc.core.JdbcTemplate - Executing prepared SQL statement [UPDATE public."TsAccount" SET "FName" = ?, "FMobile" = ? WHERE "FLoginName" = ?]
2025-12-24 11:35:17 - c.c.h.service.HRDataProcessService - 更新員工: 唐彩欣 (CE065)
2025-12-24 11:35:17 - c.c.h.service.HRDataProcessService - 處理員工: 張永濬 (CE051)
2025-12-24 11:35:17 - o.s.jdbc.core.JdbcTemplate - Executing prepared SQL query
2025-12-24 11:35:17 - o.s.jdbc.core.JdbcTemplate - Executing prepared SQL statement [SELECT COUNT(*) FROM public."TsAccount" WHERE "FLoginName" = ?]
2025-12-24 11:35:17 - o.s.jdbc.core.JdbcTemplate - Executing prepared SQL query
2025-12-24 11:35:17 - o.s.jdbc.core.JdbcTemplate - Executing prepared SQL statement [SELECT "id" FROM public."CUS_HRImport_Department" WHERE "full_name" = ?]
2025-12-24 11:35:17 - o.s.jdbc.core.JdbcTemplate - Executing prepared SQL query
2025-12-24 11:35:17 - o.s.jdbc.core.JdbcTemplate - Executing prepared SQL statement [SELECT "tree_level" FROM public."CUS_HRImport_Department" WHERE "id" = ?]
2025-12-24 11:35:17 - o.s.jdbc.core.JdbcTemplate - Executing prepared SQL update
2025-12-24 11:35:17 - o.s.jdbc.core.JdbcTemplate - Executing prepared SQL statement [UPDATE public."TsUser" SET "FName" = ?, "FMobile" = ?, "FDepartmentId" = ?, "U_EmployeeCore" = ?, "FSeatId" = ? WHERE "FLoginName" = ?]
2025-12-24 11:35:17 - o.s.jdbc.core.JdbcTemplate - Executing prepared SQL update
2025-12-24 11:35:17 - o.s.jdbc.core.JdbcTemplate - Executing prepared SQL statement [UPDATE public."TsAccount" SET "FName" = ?, "FMobile" = ? WHERE "FLoginName" = ?]
2025-12-24 11:35:17 - c.c.h.service.HRDataProcessService - 更新員工: 張永濬 (CE051)
2025-12-24 11:35:17 - c.c.h.service.HRDataProcessService - 處理員工: 曾御哲 (CE086)
2025-12-24 11:35:17 - o.s.jdbc.core.JdbcTemplate - Executing prepared SQL query
2025-12-24 11:35:17 - o.s.jdbc.core.JdbcTemplate - Executing prepared SQL statement [SELECT COUNT(*) FROM public."TsAccount" WHERE "FLoginName" = ?]
2025-12-24 11:35:17 - o.s.jdbc.core.JdbcTemplate - Executing prepared SQL query
2025-12-24 11:35:17 - o.s.jdbc.core.JdbcTemplate - Executing prepared SQL statement [SELECT "id" FROM public."CUS_HRImport_Department" WHERE "full_name" = ?]
2025-12-24 11:35:17 - o.s.jdbc.core.JdbcTemplate - Executing prepared SQL query
2025-12-24 11:35:17 - o.s.jdbc.core.JdbcTemplate - Executing prepared SQL statement [SELECT "tree_level" FROM public."CUS_HRImport_Department" WHERE "id" = ?]
2025-12-24 11:35:17 - o.s.jdbc.core.JdbcTemplate - Executing prepared SQL update
2025-12-24 11:35:17 - o.s.jdbc.core.JdbcTemplate - Executing prepared SQL statement [UPDATE public."TsUser" SET "FName" = ?, "FMobile" = ?, "FDepartmentId" = ?, "U_EmployeeCore" = ?, "FSeatId" = ? WHERE "FLoginName" = ?]
2025-12-24 11:35:17 - o.s.jdbc.core.JdbcTemplate - Executing prepared SQL update
2025-12-24 11:35:17 - o.s.jdbc.core.JdbcTemplate - Executing prepared SQL statement [UPDATE public."TsAccount" SET "FName" = ?, "FMobile" = ? WHERE "FLoginName" = ?]
2025-12-24 11:35:17 - c.c.h.service.HRDataProcessService - 更新員工: 曾御哲 (CE086)
2025-12-24 11:35:17 - c.c.h.service.HRDataProcessService - 處理員工: 李偉誠 (CF034)
2025-12-24 11:35:17 - o.s.jdbc.core.JdbcTemplate - Executing prepared SQL query
2025-12-24 11:35:17 - o.s.jdbc.core.JdbcTemplate - Executing prepared SQL statement [SELECT COUNT(*) FROM public."TsAccount" WHERE "FLoginName" = ?]
2025-12-24 11:35:17 - o.s.jdbc.core.JdbcTemplate - Executing prepared SQL query
2025-12-24 11:35:17 - o.s.jdbc.core.JdbcTemplate - Executing prepared SQL statement [SELECT "id" FROM public."CUS_HRImport_Department" WHERE "full_name" = ?]
2025-12-24 11:35:17 - o.s.jdbc.core.JdbcTemplate - Executing prepared SQL query
2025-12-24 11:35:17 - o.s.jdbc.core.JdbcTemplate - Executing prepared SQL statement [SELECT "tree_level" FROM public."CUS_HRImport_Department" WHERE "id" = ?]
2025-12-24 11:35:17 - o.s.jdbc.core.JdbcTemplate - Executing prepared SQL update
2025-12-24 11:35:17 - o.s.jdbc.core.JdbcTemplate - Executing prepared SQL statement [UPDATE public."TsUser" SET "FName" = ?, "FMobile" = ?, "FDepartmentId" = ?, "U_EmployeeCore" = ?, "FSeatId" = ? WHERE "FLoginName" = ?]
2025-12-24 11:35:17 - o.s.jdbc.core.JdbcTemplate - Executing prepared SQL update
2025-12-24 11:35:17 - o.s.jdbc.core.JdbcTemplate - Executing prepared SQL statement [UPDATE public."TsAccount" SET "FName" = ?, "FMobile" = ? WHERE "FLoginName" = ?]
2025-12-24 11:35:17 - c.c.h.service.HRDataProcessService - 更新員工: 李偉誠 (CF034)
2025-12-24 11:35:17 - c.c.h.service.HRDataProcessService - 處理員工: 姚盈杰 (CF020)
2025-12-24 11:35:17 - o.s.jdbc.core.JdbcTemplate - Executing prepared SQL query
2025-12-24 11:35:17 - o.s.jdbc.core.JdbcTemplate - Executing prepared SQL statement [SELECT COUNT(*) FROM public."TsAccount" WHERE "FLoginName" = ?]
2025-12-24 11:35:17 - o.s.jdbc.core.JdbcTemplate - Executing prepared SQL query
2025-12-24 11:35:17 - o.s.jdbc.core.JdbcTemplate - Executing prepared SQL statement [SELECT "id" FROM public."CUS_HRImport_Department" WHERE "full_name" = ?]
2025-12-24 11:35:17 - o.s.jdbc.core.JdbcTemplate - Executing prepared SQL query
2025-12-24 11:35:17 - o.s.jdbc.core.JdbcTemplate - Executing prepared SQL statement [SELECT "tree_level" FROM public."CUS_HRImport_Department" WHERE "id" = ?]
2025-12-24 11:35:17 - o.s.jdbc.core.JdbcTemplate - Executing prepared SQL update
2025-12-24 11:35:17 - o.s.jdbc.core.JdbcTemplate - Executing prepared SQL statement [UPDATE public."TsUser" SET "FName" = ?, "FMobile" = ?, "FDepartmentId" = ?, "U_EmployeeCore" = ?, "FSeatId" = ? WHERE "FLoginName" = ?]
2025-12-24 11:35:17 - o.s.jdbc.core.JdbcTemplate - Executing prepared SQL update
2025-12-24 11:35:17 - o.s.jdbc.core.JdbcTemplate - Executing prepared SQL statement [UPDATE public."TsAccount" SET "FName" = ?, "FMobile" = ? WHERE "FLoginName" = ?]
2025-12-24 11:35:17 - c.c.h.service.HRDataProcessService - 更新員工: 姚盈杰 (CF020)
2025-12-24 11:35:17 - c.c.h.service.HRDataProcessService - 處理員工: 鄭英城 (CF072)
2025-12-24 11:35:17 - o.s.jdbc.core.JdbcTemplate - Executing prepared SQL query
2025-12-24 11:35:17 - o.s.jdbc.core.JdbcTemplate - Executing prepared SQL statement [SELECT COUNT(*) FROM public."TsAccount" WHERE "FLoginName" = ?]
2025-12-24 11:35:17 - o.s.jdbc.core.JdbcTemplate - Executing prepared SQL query
2025-12-24 11:35:17 - o.s.jdbc.core.JdbcTemplate - Executing prepared SQL statement [SELECT "id" FROM public."CUS_HRImport_Department" WHERE "full_name" = ?]
2025-12-24 11:35:17 - o.s.jdbc.core.JdbcTemplate - Executing prepared SQL query
2025-12-24 11:35:17 - o.s.jdbc.core.JdbcTemplate - Executing prepared SQL statement [SELECT "tree_level" FROM public."CUS_HRImport_Department" WHERE "id" = ?]
2025-12-24 11:35:17 - o.s.jdbc.core.JdbcTemplate - Executing prepared SQL update
2025-12-24 11:35:17 - o.s.jdbc.core.JdbcTemplate - Executing prepared SQL statement [UPDATE public."TsUser" SET "FName" = ?, "FMobile" = ?, "FDepartmentId" = ?, "U_EmployeeCore" = ?, "FSeatId" = ? WHERE "FLoginName" = ?]
2025-12-24 11:35:17 - o.s.jdbc.core.JdbcTemplate - Executing prepared SQL update
2025-12-24 11:35:17 - o.s.jdbc.core.JdbcTemplate - Executing prepared SQL statement [UPDATE public."TsAccount" SET "FName" = ?, "FMobile" = ? WHERE "FLoginName" = ?]
2025-12-24 11:35:17 - c.c.h.service.HRDataProcessService - 更新員工: 鄭英城 (CF072)
2025-12-24 11:35:17 - c.c.h.service.HRDataProcessService - 處理員工: 邱冠綸 (CD100)
2025-12-24 11:35:17 - o.s.jdbc.core.JdbcTemplate - Executing prepared SQL query
2025-12-24 11:35:17 - o.s.jdbc.core.JdbcTemplate - Executing prepared SQL statement [SELECT COUNT(*) FROM public."TsAccount" WHERE "FLoginName" = ?]
2025-12-24 11:35:17 - o.s.jdbc.core.JdbcTemplate - Executing prepared SQL query
2025-12-24 11:35:17 - o.s.jdbc.core.JdbcTemplate - Executing prepared SQL statement [SELECT COUNT(*) FROM public."CUS_HRImport_Department" WHERE "code" = ?]
2025-12-24 11:35:17 - o.s.jdbc.core.JdbcTemplate - Executing prepared SQL query
2025-12-24 11:35:17 - o.s.jdbc.core.JdbcTemplate - Executing prepared SQL statement [SELECT COUNT(*) FROM public."CUS_HRImport_Department" WHERE "code" = ?]
2025-12-24 11:35:17 - o.s.jdbc.core.JdbcTemplate - Executing prepared SQL query
2025-12-24 11:35:17 - o.s.jdbc.core.JdbcTemplate - Executing prepared SQL statement [SELECT "id" FROM public."CUS_HRImport_Department" WHERE "code" = ?]
2025-12-24 11:35:17 - o.s.jdbc.core.JdbcTemplate - Executing prepared SQL query
2025-12-24 11:35:17 - o.s.jdbc.core.JdbcTemplate - Executing prepared SQL statement [SELECT "tree_level" FROM public."CUS_HRImport_Department" WHERE "id" = ?]
2025-12-24 11:35:17 - o.s.jdbc.core.JdbcTemplate - Executing prepared SQL update
2025-12-24 11:35:17 - o.s.jdbc.core.JdbcTemplate - Executing prepared SQL statement [UPDATE public."TsUser" SET "FName" = ?, "FMobile" = ?, "FDepartmentId" = ?, "U_EmployeeCore" = ?, "FSeatId" = ? WHERE "FLoginName" = ?]
2025-12-24 11:35:17 - o.s.jdbc.core.JdbcTemplate - Executing prepared SQL update
2025-12-24 11:35:17 - o.s.jdbc.core.JdbcTemplate - Executing prepared SQL statement [UPDATE public."TsAccount" SET "FName" = ?, "FMobile" = ? WHERE "FLoginName" = ?]
2025-12-24 11:35:17 - c.c.h.service.HRDataProcessService - 更新員工: 邱冠綸 (CD100)
2025-12-24 11:35:17 - c.c.h.service.HRDataProcessService - 處理員工: 張智峰 (CC087)
2025-12-24 11:35:17 - o.s.jdbc.core.JdbcTemplate - Executing prepared SQL query
2025-12-24 11:35:17 - o.s.jdbc.core.JdbcTemplate - Executing prepared SQL statement [SELECT COUNT(*) FROM public."TsAccount" WHERE "FLoginName" = ?]
2025-12-24 11:35:17 - o.s.jdbc.core.JdbcTemplate - Executing prepared SQL query
2025-12-24 11:35:17 - o.s.jdbc.core.JdbcTemplate - Executing prepared SQL statement [SELECT COUNT(*) FROM public."CUS_HRImport_Department" WHERE "code" = ?]
2025-12-24 11:35:17 - o.s.jdbc.core.JdbcTemplate - Executing prepared SQL query
2025-12-24 11:35:17 - o.s.jdbc.core.JdbcTemplate - Executing prepared SQL statement [SELECT COUNT(*) FROM public."CUS_HRImport_Department" WHERE "code" = ?]
2025-12-24 11:35:17 - o.s.jdbc.core.JdbcTemplate - Executing prepared SQL query
2025-12-24 11:35:17 - o.s.jdbc.core.JdbcTemplate - Executing prepared SQL statement [SELECT "id" FROM public."CUS_HRImport_Department" WHERE "code" = ?]
2025-12-24 11:35:17 - o.s.jdbc.core.JdbcTemplate - Executing prepared SQL query
2025-12-24 11:35:17 - o.s.jdbc.core.JdbcTemplate - Executing prepared SQL statement [SELECT "tree_level" FROM public."CUS_HRImport_Department" WHERE "id" = ?]
2025-12-24 11:35:17 - o.s.jdbc.core.JdbcTemplate - Executing prepared SQL update
2025-12-24 11:35:17 - o.s.jdbc.core.JdbcTemplate - Executing prepared SQL statement [UPDATE public."TsUser" SET "FName" = ?, "FMobile" = ?, "FDepartmentId" = ?, "U_EmployeeCore" = ?, "FSeatId" = ? WHERE "FLoginName" = ?]
2025-12-24 11:35:17 - o.s.jdbc.core.JdbcTemplate - Executing prepared SQL update
2025-12-24 11:35:17 - o.s.jdbc.core.JdbcTemplate - Executing prepared SQL statement [UPDATE public."TsAccount" SET "FName" = ?, "FMobile" = ? WHERE "FLoginName" = ?]
2025-12-24 11:35:17 - c.c.h.service.HRDataProcessService - 更新員工: 張智峰 (CC087)
2025-12-24 11:35:17 - c.c.h.service.HRDataProcessService - 處理員工: 羅佳雪 (CC012)
2025-12-24 11:35:17 - o.s.jdbc.core.JdbcTemplate - Executing prepared SQL query
2025-12-24 11:35:17 - o.s.jdbc.core.JdbcTemplate - Executing prepared SQL statement [SELECT COUNT(*) FROM public."TsAccount" WHERE "FLoginName" = ?]
2025-12-24 11:35:17 - o.s.jdbc.core.JdbcTemplate - Executing prepared SQL query
2025-12-24 11:35:17 - o.s.jdbc.core.JdbcTemplate - Executing prepared SQL statement [SELECT "id" FROM public."CUS_HRImport_Department" WHERE "full_name" = ?]
2025-12-24 11:35:17 - o.s.jdbc.core.JdbcTemplate - Executing prepared SQL query
2025-12-24 11:35:17 - o.s.jdbc.core.JdbcTemplate - Executing prepared SQL statement [SELECT "tree_level" FROM public."CUS_HRImport_Department" WHERE "id" = ?]
2025-12-24 11:35:17 - o.s.jdbc.core.JdbcTemplate - Executing prepared SQL update
2025-12-24 11:35:17 - o.s.jdbc.core.JdbcTemplate - Executing prepared SQL statement [UPDATE public."TsUser" SET "FName" = ?, "FMobile" = ?, "FDepartmentId" = ?, "U_EmployeeCore" = ?, "FSeatId" = ? WHERE "FLoginName" = ?]
2025-12-24 11:35:17 - o.s.jdbc.core.JdbcTemplate - Executing prepared SQL update
2025-12-24 11:35:17 - o.s.jdbc.core.JdbcTemplate - Executing prepared SQL statement [UPDATE public."TsAccount" SET "FName" = ?, "FMobile" = ? WHERE "FLoginName" = ?]
2025-12-24 11:35:17 - c.c.h.service.HRDataProcessService - 更新員工: 羅佳雪 (CC012)
2025-12-24 11:35:17 - c.c.h.service.HRDataProcessService - 處理員工: 林光宇 (AG008)
2025-12-24 11:35:17 - o.s.jdbc.core.JdbcTemplate - Executing prepared SQL query
2025-12-24 11:35:17 - o.s.jdbc.core.JdbcTemplate - Executing prepared SQL statement [SELECT COUNT(*) FROM public."TsAccount" WHERE "FLoginName" = ?]
2025-12-24 11:35:17 - o.s.jdbc.core.JdbcTemplate - Executing prepared SQL query
2025-12-24 11:35:17 - o.s.jdbc.core.JdbcTemplate - Executing prepared SQL statement [SELECT "id" FROM public."CUS_HRImport_Department" WHERE "full_name" = ?]
2025-12-24 11:35:17 - o.s.jdbc.core.JdbcTemplate - Executing prepared SQL query
2025-12-24 11:35:17 - o.s.jdbc.core.JdbcTemplate - Executing prepared SQL statement [SELECT "tree_level" FROM public."CUS_HRImport_Department" WHERE "id" = ?]
2025-12-24 11:35:17 - o.s.jdbc.core.JdbcTemplate - Executing prepared SQL update
2025-12-24 11:35:17 - o.s.jdbc.core.JdbcTemplate - Executing prepared SQL statement [UPDATE public."TsUser" SET "FName" = ?, "FMobile" = ?, "FDepartmentId" = ?, "U_EmployeeCore" = ?, "FSeatId" = ? WHERE "FLoginName" = ?]
2025-12-24 11:35:17 - o.s.jdbc.core.JdbcTemplate - Executing prepared SQL update
2025-12-24 11:35:17 - o.s.jdbc.core.JdbcTemplate - Executing prepared SQL statement [UPDATE public."TsAccount" SET "FName" = ?, "FMobile" = ? WHERE "FLoginName" = ?]
2025-12-24 11:35:17 - c.c.h.service.HRDataProcessService - 更新員工: 林光宇 (AG008)
2025-12-24 11:35:17 - c.c.h.service.HRDataProcessService - 處理員工: 劉志勇 (BD012)
2025-12-24 11:35:17 - o.s.jdbc.core.JdbcTemplate - Executing prepared SQL query
2025-12-24 11:35:17 - o.s.jdbc.core.JdbcTemplate - Executing prepared SQL statement [SELECT COUNT(*) FROM public."TsAccount" WHERE "FLoginName" = ?]
2025-12-24 11:35:17 - o.s.jdbc.core.JdbcTemplate - Executing prepared SQL query
2025-12-24 11:35:17 - o.s.jdbc.core.JdbcTemplate - Executing prepared SQL statement [SELECT COUNT(*) FROM public."CUS_HRImport_Department" WHERE "code" = ?]
2025-12-24 11:35:17 - o.s.jdbc.core.JdbcTemplate - Executing prepared SQL query
2025-12-24 11:35:17 - o.s.jdbc.core.JdbcTemplate - Executing prepared SQL statement [SELECT COUNT(*) FROM public."CUS_HRImport_Department" WHERE "code" = ?]
2025-12-24 11:35:17 - o.s.jdbc.core.JdbcTemplate - Executing prepared SQL query
2025-12-24 11:35:17 - o.s.jdbc.core.JdbcTemplate - Executing prepared SQL statement [SELECT "id" FROM public."CUS_HRImport_Department" WHERE "code" = ?]
2025-12-24 11:35:17 - o.s.jdbc.core.JdbcTemplate - Executing prepared SQL query
2025-12-24 11:35:17 - o.s.jdbc.core.JdbcTemplate - Executing prepared SQL statement [SELECT "tree_level" FROM public."CUS_HRImport_Department" WHERE "id" = ?]
2025-12-24 11:35:17 - o.s.jdbc.core.JdbcTemplate - Executing prepared SQL update
2025-12-24 11:35:17 - o.s.jdbc.core.JdbcTemplate - Executing prepared SQL statement [UPDATE public."TsUser" SET "FName" = ?, "FMobile" = ?, "FDepartmentId" = ?, "U_EmployeeCore" = ?, "FSeatId" = ? WHERE "FLoginName" = ?]
2025-12-24 11:35:17 - o.s.jdbc.core.JdbcTemplate - Executing prepared SQL update
2025-12-24 11:35:17 - o.s.jdbc.core.JdbcTemplate - Executing prepared SQL statement [UPDATE public."TsAccount" SET "FName" = ?, "FMobile" = ? WHERE "FLoginName" = ?]
2025-12-24 11:35:17 - c.c.h.service.HRDataProcessService - 更新員工: 劉志勇 (BD012)
2025-12-24 11:35:17 - c.c.h.service.HRDataProcessService - 處理員工: 邱青岳 (BF083)
2025-12-24 11:35:17 - o.s.jdbc.core.JdbcTemplate - Executing prepared SQL query
2025-12-24 11:35:17 - o.s.jdbc.core.JdbcTemplate - Executing prepared SQL statement [SELECT COUNT(*) FROM public."TsAccount" WHERE "FLoginName" = ?]
2025-12-24 11:35:17 - o.s.jdbc.core.JdbcTemplate - Executing prepared SQL query
2025-12-24 11:35:17 - o.s.jdbc.core.JdbcTemplate - Executing prepared SQL statement [SELECT COUNT(*) FROM public."CUS_HRImport_Department" WHERE "code" = ?]
2025-12-24 11:35:17 - o.s.jdbc.core.JdbcTemplate - Executing prepared SQL query
2025-12-24 11:35:17 - o.s.jdbc.core.JdbcTemplate - Executing prepared SQL statement [SELECT COUNT(*) FROM public."CUS_HRImport_Department" WHERE "code" = ?]
2025-12-24 11:35:17 - o.s.jdbc.core.JdbcTemplate - Executing prepared SQL query
2025-12-24 11:35:17 - o.s.jdbc.core.JdbcTemplate - Executing prepared SQL statement [SELECT "id" FROM public."CUS_HRImport_Department" WHERE "code" = ?]
2025-12-24 11:35:17 - o.s.jdbc.core.JdbcTemplate - Executing prepared SQL query
2025-12-24 11:35:17 - o.s.jdbc.core.JdbcTemplate - Executing prepared SQL statement [SELECT "tree_level" FROM public."CUS_HRImport_Department" WHERE "id" = ?]
2025-12-24 11:35:17 - o.s.jdbc.core.JdbcTemplate - Executing prepared SQL update
2025-12-24 11:35:17 - o.s.jdbc.core.JdbcTemplate - Executing prepared SQL statement [UPDATE public."TsUser" SET "FName" = ?, "FMobile" = ?, "FDepartmentId" = ?, "U_EmployeeCore" = ?, "FSeatId" = ? WHERE "FLoginName" = ?]
2025-12-24 11:35:17 - o.s.jdbc.core.JdbcTemplate - Executing prepared SQL update
2025-12-24 11:35:17 - o.s.jdbc.core.JdbcTemplate - Executing prepared SQL statement [UPDATE public."TsAccount" SET "FName" = ?, "FMobile" = ? WHERE "FLoginName" = ?]
2025-12-24 11:35:17 - c.c.h.service.HRDataProcessService - 更新員工: 邱青岳 (BF083)
2025-12-24 11:35:17 - c.c.h.service.HRDataProcessService - 處理員工: 林靖恆 (BG119)
2025-12-24 11:35:17 - o.s.jdbc.core.JdbcTemplate - Executing prepared SQL query
2025-12-24 11:35:17 - o.s.jdbc.core.JdbcTemplate - Executing prepared SQL statement [SELECT COUNT(*) FROM public."TsAccount" WHERE "FLoginName" = ?]
2025-12-24 11:35:17 - o.s.jdbc.core.JdbcTemplate - Executing prepared SQL query
2025-12-24 11:35:17 - o.s.jdbc.core.JdbcTemplate - Executing prepared SQL statement [SELECT "id" FROM public."CUS_HRImport_Department" WHERE "full_name" = ?]
2025-12-24 11:35:17 - o.s.jdbc.core.JdbcTemplate - Executing prepared SQL query
2025-12-24 11:35:17 - o.s.jdbc.core.JdbcTemplate - Executing prepared SQL statement [SELECT "tree_level" FROM public."CUS_HRImport_Department" WHERE "id" = ?]
2025-12-24 11:35:17 - o.s.jdbc.core.JdbcTemplate - Executing prepared SQL update
2025-12-24 11:35:17 - o.s.jdbc.core.JdbcTemplate - Executing prepared SQL statement [UPDATE public."TsUser" SET "FName" = ?, "FMobile" = ?, "FDepartmentId" = ?, "U_EmployeeCore" = ?, "FSeatId" = ? WHERE "FLoginName" = ?]
2025-12-24 11:35:17 - o.s.jdbc.core.JdbcTemplate - Executing prepared SQL update
2025-12-24 11:35:17 - o.s.jdbc.core.JdbcTemplate - Executing prepared SQL statement [UPDATE public."TsAccount" SET "FName" = ?, "FMobile" = ? WHERE "FLoginName" = ?]
2025-12-24 11:35:17 - c.c.h.service.HRDataProcessService - 更新員工: 林靖恆 (BG119)
2025-12-24 11:35:17 - c.c.h.service.HRDataProcessService - 處理員工: 林志杰 (BK022)
2025-12-24 11:35:17 - o.s.jdbc.core.JdbcTemplate - Executing prepared SQL query
2025-12-24 11:35:17 - o.s.jdbc.core.JdbcTemplate - Executing prepared SQL statement [SELECT COUNT(*) FROM public."TsAccount" WHERE "FLoginName" = ?]
2025-12-24 11:35:17 - o.s.jdbc.core.JdbcTemplate - Executing prepared SQL query
2025-12-24 11:35:17 - o.s.jdbc.core.JdbcTemplate - Executing prepared SQL statement [SELECT "id" FROM public."CUS_HRImport_Department" WHERE "full_name" = ?]
2025-12-24 11:35:17 - o.s.jdbc.core.JdbcTemplate - Executing prepared SQL query
2025-12-24 11:35:17 - o.s.jdbc.core.JdbcTemplate - Executing prepared SQL statement [SELECT "tree_level" FROM public."CUS_HRImport_Department" WHERE "id" = ?]
2025-12-24 11:35:17 - o.s.jdbc.core.JdbcTemplate - Executing prepared SQL update
2025-12-24 11:35:17 - o.s.jdbc.core.JdbcTemplate - Executing prepared SQL statement [UPDATE public."TsUser" SET "FName" = ?, "FMobile" = ?, "FDepartmentId" = ?, "U_EmployeeCore" = ?, "FSeatId" = ? WHERE "FLoginName" = ?]
2025-12-24 11:35:17 - o.s.jdbc.core.JdbcTemplate - Executing prepared SQL update
2025-12-24 11:35:17 - o.s.jdbc.core.JdbcTemplate - Executing prepared SQL statement [UPDATE public."TsAccount" SET "FName" = ?, "FMobile" = ? WHERE "FLoginName" = ?]
2025-12-24 11:35:17 - c.c.h.service.HRDataProcessService - 更新員工: 林志杰 (BK022)
2025-12-24 11:35:17 - c.c.h.service.HRDataProcessService - 處理員工: 李彥融 (BI017)
2025-12-24 11:35:17 - o.s.jdbc.core.JdbcTemplate - Executing prepared SQL query
2025-12-24 11:35:17 - o.s.jdbc.core.JdbcTemplate - Executing prepared SQL statement [SELECT COUNT(*) FROM public."TsAccount" WHERE "FLoginName" = ?]
2025-12-24 11:35:17 - o.s.jdbc.core.JdbcTemplate - Executing prepared SQL query
2025-12-24 11:35:17 - o.s.jdbc.core.JdbcTemplate - Executing prepared SQL statement [SELECT "id" FROM public."CUS_HRImport_Department" WHERE "full_name" = ?]
2025-12-24 11:35:17 - o.s.jdbc.core.JdbcTemplate - Executing prepared SQL query
2025-12-24 11:35:17 - o.s.jdbc.core.JdbcTemplate - Executing prepared SQL statement [SELECT "tree_level" FROM public."CUS_HRImport_Department" WHERE "id" = ?]
2025-12-24 11:35:17 - o.s.jdbc.core.JdbcTemplate - Executing prepared SQL update
2025-12-24 11:35:17 - o.s.jdbc.core.JdbcTemplate - Executing prepared SQL statement [UPDATE public."TsUser" SET "FName" = ?, "FMobile" = ?, "FDepartmentId" = ?, "U_EmployeeCore" = ?, "FSeatId" = ? WHERE "FLoginName" = ?]
2025-12-24 11:35:17 - o.s.jdbc.core.JdbcTemplate - Executing prepared SQL update
2025-12-24 11:35:17 - o.s.jdbc.core.JdbcTemplate - Executing prepared SQL statement [UPDATE public."TsAccount" SET "FName" = ?, "FMobile" = ? WHERE "FLoginName" = ?]
2025-12-24 11:35:17 - c.c.h.service.HRDataProcessService - 更新員工: 李彥融 (BI017)
2025-12-24 11:35:17 - c.c.h.service.HRDataProcessService - 處理員工: 陳炙圻 (BJ041)
2025-12-24 11:35:17 - o.s.jdbc.core.JdbcTemplate - Executing prepared SQL query
2025-12-24 11:35:17 - o.s.jdbc.core.JdbcTemplate - Executing prepared SQL statement [SELECT COUNT(*) FROM public."TsAccount" WHERE "FLoginName" = ?]
2025-12-24 11:35:17 - o.s.jdbc.core.JdbcTemplate - Executing prepared SQL query
2025-12-24 11:35:17 - o.s.jdbc.core.JdbcTemplate - Executing prepared SQL statement [SELECT "id" FROM public."CUS_HRImport_Department" WHERE "full_name" = ?]
2025-12-24 11:35:17 - o.s.jdbc.core.JdbcTemplate - Executing prepared SQL query
2025-12-24 11:35:17 - o.s.jdbc.core.JdbcTemplate - Executing prepared SQL statement [SELECT "tree_level" FROM public."CUS_HRImport_Department" WHERE "id" = ?]
2025-12-24 11:35:17 - o.s.jdbc.core.JdbcTemplate - Executing prepared SQL update
2025-12-24 11:35:17 - o.s.jdbc.core.JdbcTemplate - Executing prepared SQL statement [UPDATE public."TsUser" SET "FName" = ?, "FMobile" = ?, "FDepartmentId" = ?, "U_EmployeeCore" = ?, "FSeatId" = ? WHERE "FLoginName" = ?]
2025-12-24 11:35:17 - o.s.jdbc.core.JdbcTemplate - Executing prepared SQL update
2025-12-24 11:35:17 - o.s.jdbc.core.JdbcTemplate - Executing prepared SQL statement [UPDATE public."TsAccount" SET "FName" = ?, "FMobile" = ? WHERE "FLoginName" = ?]
2025-12-24 11:35:17 - c.c.h.service.HRDataProcessService - 更新員工: 陳炙圻 (BJ041)
2025-12-24 11:35:17 - c.c.h.service.HRDataProcessService - 處理員工: 黃建程 (BA069)
2025-12-24 11:35:17 - o.s.jdbc.core.JdbcTemplate - Executing prepared SQL query
2025-12-24 11:35:17 - o.s.jdbc.core.JdbcTemplate - Executing prepared SQL statement [SELECT COUNT(*) FROM public."TsAccount" WHERE "FLoginName" = ?]
2025-12-24 11:35:17 - o.s.jdbc.core.JdbcTemplate - Executing prepared SQL query
2025-12-24 11:35:17 - o.s.jdbc.core.JdbcTemplate - Executing prepared SQL statement [SELECT COUNT(*) FROM public."CUS_HRImport_Department" WHERE "code" = ?]
2025-12-24 11:35:17 - o.s.jdbc.core.JdbcTemplate - Executing prepared SQL query
2025-12-24 11:35:17 - o.s.jdbc.core.JdbcTemplate - Executing prepared SQL statement [SELECT COUNT(*) FROM public."CUS_HRImport_Department" WHERE "code" = ?]
2025-12-24 11:35:17 - o.s.jdbc.core.JdbcTemplate - Executing prepared SQL query
2025-12-24 11:35:17 - o.s.jdbc.core.JdbcTemplate - Executing prepared SQL statement [SELECT "id" FROM public."CUS_HRImport_Department" WHERE "code" = ?]
2025-12-24 11:35:17 - o.s.jdbc.core.JdbcTemplate - Executing prepared SQL query
2025-12-24 11:35:17 - o.s.jdbc.core.JdbcTemplate - Executing prepared SQL statement [SELECT "tree_level" FROM public."CUS_HRImport_Department" WHERE "id" = ?]
2025-12-24 11:35:17 - o.s.jdbc.core.JdbcTemplate - Executing prepared SQL update
2025-12-24 11:35:17 - o.s.jdbc.core.JdbcTemplate - Executing prepared SQL statement [UPDATE public."TsUser" SET "FName" = ?, "FMobile" = ?, "FDepartmentId" = ?, "U_EmployeeCore" = ?, "FSeatId" = ? WHERE "FLoginName" = ?]
2025-12-24 11:35:17 - o.s.jdbc.core.JdbcTemplate - Executing prepared SQL update
2025-12-24 11:35:17 - o.s.jdbc.core.JdbcTemplate - Executing prepared SQL statement [UPDATE public."TsAccount" SET "FName" = ?, "FMobile" = ? WHERE "FLoginName" = ?]
2025-12-24 11:35:17 - c.c.h.service.HRDataProcessService - 更新員工: 黃建程 (BA069)
2025-12-24 11:35:17 - c.c.h.service.HRDataProcessService - 處理員工: 曾淑惠 (BA070)
2025-12-24 11:35:17 - o.s.jdbc.core.JdbcTemplate - Executing prepared SQL query
2025-12-24 11:35:17 - o.s.jdbc.core.JdbcTemplate - Executing prepared SQL statement [SELECT COUNT(*) FROM public."TsAccount" WHERE "FLoginName" = ?]
2025-12-24 11:35:17 - o.s.jdbc.core.JdbcTemplate - Executing prepared SQL query
2025-12-24 11:35:17 - o.s.jdbc.core.JdbcTemplate - Executing prepared SQL statement [SELECT COUNT(*) FROM public."CUS_HRImport_Department" WHERE "code" = ?]
2025-12-24 11:35:17 - o.s.jdbc.core.JdbcTemplate - Executing prepared SQL query
2025-12-24 11:35:17 - o.s.jdbc.core.JdbcTemplate - Executing prepared SQL statement [SELECT COUNT(*) FROM public."CUS_HRImport_Department" WHERE "code" = ?]
2025-12-24 11:35:17 - o.s.jdbc.core.JdbcTemplate - Executing prepared SQL query
2025-12-24 11:35:17 - o.s.jdbc.core.JdbcTemplate - Executing prepared SQL statement [SELECT "id" FROM public."CUS_HRImport_Department" WHERE "code" = ?]
2025-12-24 11:35:17 - o.s.jdbc.core.JdbcTemplate - Executing prepared SQL query
2025-12-24 11:35:17 - o.s.jdbc.core.JdbcTemplate - Executing prepared SQL statement [SELECT "tree_level" FROM public."CUS_HRImport_Department" WHERE "id" = ?]
2025-12-24 11:35:17 - o.s.jdbc.core.JdbcTemplate - Executing prepared SQL update
2025-12-24 11:35:17 - o.s.jdbc.core.JdbcTemplate - Executing prepared SQL statement [UPDATE public."TsUser" SET "FName" = ?, "FMobile" = ?, "FDepartmentId" = ?, "U_EmployeeCore" = ?, "FSeatId" = ? WHERE "FLoginName" = ?]
2025-12-24 11:35:17 - o.s.jdbc.core.JdbcTemplate - Executing prepared SQL update
2025-12-24 11:35:17 - o.s.jdbc.core.JdbcTemplate - Executing prepared SQL statement [UPDATE public."TsAccount" SET "FName" = ?, "FMobile" = ? WHERE "FLoginName" = ?]
2025-12-24 11:35:17 - c.c.h.service.HRDataProcessService - 更新員工: 曾淑惠 (BA070)
2025-12-24 11:35:17 - c.c.h.service.HRDataProcessService - 處理員工: 賴明宏 (BB071)
2025-12-24 11:35:17 - o.s.jdbc.core.JdbcTemplate - Executing prepared SQL query
2025-12-24 11:35:17 - o.s.jdbc.core.JdbcTemplate - Executing prepared SQL statement [SELECT COUNT(*) FROM public."TsAccount" WHERE "FLoginName" = ?]
2025-12-24 11:35:17 - o.s.jdbc.core.JdbcTemplate - Executing prepared SQL query
2025-12-24 11:35:17 - o.s.jdbc.core.JdbcTemplate - Executing prepared SQL statement [SELECT COUNT(*) FROM public."CUS_HRImport_Department" WHERE "code" = ?]
2025-12-24 11:35:17 - o.s.jdbc.core.JdbcTemplate - Executing prepared SQL query
2025-12-24 11:35:17 - o.s.jdbc.core.JdbcTemplate - Executing prepared SQL statement [SELECT COUNT(*) FROM public."CUS_HRImport_Department" WHERE "code" = ?]
2025-12-24 11:35:17 - o.s.jdbc.core.JdbcTemplate - Executing prepared SQL query
2025-12-24 11:35:17 - o.s.jdbc.core.JdbcTemplate - Executing prepared SQL statement [SELECT "id" FROM public."CUS_HRImport_Department" WHERE "code" = ?]
2025-12-24 11:35:17 - o.s.jdbc.core.JdbcTemplate - Executing prepared SQL query
2025-12-24 11:35:17 - o.s.jdbc.core.JdbcTemplate - Executing prepared SQL statement [SELECT "tree_level" FROM public."CUS_HRImport_Department" WHERE "id" = ?]
2025-12-24 11:35:17 - o.s.jdbc.core.JdbcTemplate - Executing prepared SQL update
2025-12-24 11:35:17 - o.s.jdbc.core.JdbcTemplate - Executing prepared SQL statement [UPDATE public."TsUser" SET "FName" = ?, "FMobile" = ?, "FDepartmentId" = ?, "U_EmployeeCore" = ?, "FSeatId" = ? WHERE "FLoginName" = ?]
2025-12-24 11:35:17 - o.s.jdbc.core.JdbcTemplate - Executing prepared SQL update
2025-12-24 11:35:17 - o.s.jdbc.core.JdbcTemplate - Executing prepared SQL statement [UPDATE public."TsAccount" SET "FName" = ?, "FMobile" = ? WHERE "FLoginName" = ?]
2025-12-24 11:35:17 - c.c.h.service.HRDataProcessService - 更新員工: 賴明宏 (BB071)
2025-12-24 11:35:17 - c.c.h.service.HRDataProcessService - 處理員工: 賴冠文 (BE049)
2025-12-24 11:35:17 - o.s.jdbc.core.JdbcTemplate - Executing prepared SQL query
2025-12-24 11:35:17 - o.s.jdbc.core.JdbcTemplate - Executing prepared SQL statement [SELECT COUNT(*) FROM public."TsAccount" WHERE "FLoginName" = ?]
2025-12-24 11:35:17 - o.s.jdbc.core.JdbcTemplate - Executing prepared SQL query
2025-12-24 11:35:17 - o.s.jdbc.core.JdbcTemplate - Executing prepared SQL statement [SELECT COUNT(*) FROM public."CUS_HRImport_Department" WHERE "code" = ?]
2025-12-24 11:35:17 - o.s.jdbc.core.JdbcTemplate - Executing prepared SQL query
2025-12-24 11:35:17 - o.s.jdbc.core.JdbcTemplate - Executing prepared SQL statement [SELECT COUNT(*) FROM public."CUS_HRImport_Department" WHERE "code" = ?]
2025-12-24 11:35:17 - o.s.jdbc.core.JdbcTemplate - Executing prepared SQL query
2025-12-24 11:35:17 - o.s.jdbc.core.JdbcTemplate - Executing prepared SQL statement [SELECT "id" FROM public."CUS_HRImport_Department" WHERE "code" = ?]
2025-12-24 11:35:17 - o.s.jdbc.core.JdbcTemplate - Executing prepared SQL query
2025-12-24 11:35:17 - o.s.jdbc.core.JdbcTemplate - Executing prepared SQL statement [SELECT "tree_level" FROM public."CUS_HRImport_Department" WHERE "id" = ?]
2025-12-24 11:35:17 - o.s.jdbc.core.JdbcTemplate - Executing prepared SQL update
2025-12-24 11:35:17 - o.s.jdbc.core.JdbcTemplate - Executing prepared SQL statement [UPDATE public."TsUser" SET "FName" = ?, "FMobile" = ?, "FDepartmentId" = ?, "U_EmployeeCore" = ?, "FSeatId" = ? WHERE "FLoginName" = ?]
2025-12-24 11:35:17 - o.s.jdbc.core.JdbcTemplate - Executing prepared SQL update
2025-12-24 11:35:17 - o.s.jdbc.core.JdbcTemplate - Executing prepared SQL statement [UPDATE public."TsAccount" SET "FName" = ?, "FMobile" = ? WHERE "FLoginName" = ?]
2025-12-24 11:35:17 - c.c.h.service.HRDataProcessService - 更新員工: 賴冠文 (BE049)
2025-12-24 11:35:17 - c.c.h.service.HRDataProcessService - 處理員工: 林稚峻 (BF035)
2025-12-24 11:35:17 - o.s.jdbc.core.JdbcTemplate - Executing prepared SQL query
2025-12-24 11:35:17 - o.s.jdbc.core.JdbcTemplate - Executing prepared SQL statement [SELECT COUNT(*) FROM public."TsAccount" WHERE "FLoginName" = ?]
2025-12-24 11:35:17 - o.s.jdbc.core.JdbcTemplate - Executing prepared SQL query
2025-12-24 11:35:17 - o.s.jdbc.core.JdbcTemplate - Executing prepared SQL statement [SELECT COUNT(*) FROM public."CUS_HRImport_Department" WHERE "code" = ?]
2025-12-24 11:35:17 - o.s.jdbc.core.JdbcTemplate - Executing prepared SQL query
2025-12-24 11:35:17 - o.s.jdbc.core.JdbcTemplate - Executing prepared SQL statement [SELECT COUNT(*) FROM public."CUS_HRImport_Department" WHERE "code" = ?]
2025-12-24 11:35:17 - o.s.jdbc.core.JdbcTemplate - Executing prepared SQL query
2025-12-24 11:35:17 - o.s.jdbc.core.JdbcTemplate - Executing prepared SQL statement [SELECT "id" FROM public."CUS_HRImport_Department" WHERE "code" = ?]
2025-12-24 11:35:17 - o.s.jdbc.core.JdbcTemplate - Executing prepared SQL query
2025-12-24 11:35:17 - o.s.jdbc.core.JdbcTemplate - Executing prepared SQL statement [SELECT "tree_level" FROM public."CUS_HRImport_Department" WHERE "id" = ?]
2025-12-24 11:35:17 - o.s.jdbc.core.JdbcTemplate - Executing prepared SQL update
2025-12-24 11:35:17 - o.s.jdbc.core.JdbcTemplate - Executing prepared SQL statement [UPDATE public."TsUser" SET "FName" = ?, "FMobile" = ?, "FDepartmentId" = ?, "U_EmployeeCore" = ?, "FSeatId" = ? WHERE "FLoginName" = ?]
2025-12-24 11:35:17 - o.s.jdbc.core.JdbcTemplate - Executing prepared SQL update
2025-12-24 11:35:17 - o.s.jdbc.core.JdbcTemplate - Executing prepared SQL statement [UPDATE public."TsAccount" SET "FName" = ?, "FMobile" = ? WHERE "FLoginName" = ?]
2025-12-24 11:35:17 - c.c.h.service.HRDataProcessService - 更新員工: 林稚峻 (BF035)
2025-12-24 11:35:17 - c.c.h.service.HRDataProcessService - 處理員工: 林杰立 (BH033)
2025-12-24 11:35:17 - o.s.jdbc.core.JdbcTemplate - Executing prepared SQL query
2025-12-24 11:35:17 - o.s.jdbc.core.JdbcTemplate - Executing prepared SQL statement [SELECT COUNT(*) FROM public."TsAccount" WHERE "FLoginName" = ?]
2025-12-24 11:35:17 - o.s.jdbc.core.JdbcTemplate - Executing prepared SQL query
2025-12-24 11:35:17 - o.s.jdbc.core.JdbcTemplate - Executing prepared SQL statement [SELECT COUNT(*) FROM public."CUS_HRImport_Department" WHERE "code" = ?]
2025-12-24 11:35:17 - o.s.jdbc.core.JdbcTemplate - Executing prepared SQL query
2025-12-24 11:35:17 - o.s.jdbc.core.JdbcTemplate - Executing prepared SQL statement [SELECT COUNT(*) FROM public."CUS_HRImport_Department" WHERE "code" = ?]
2025-12-24 11:35:17 - o.s.jdbc.core.JdbcTemplate - Executing prepared SQL query
2025-12-24 11:35:17 - o.s.jdbc.core.JdbcTemplate - Executing prepared SQL statement [SELECT "id" FROM public."CUS_HRImport_Department" WHERE "code" = ?]
2025-12-24 11:35:17 - o.s.jdbc.core.JdbcTemplate - Executing prepared SQL query
2025-12-24 11:35:17 - o.s.jdbc.core.JdbcTemplate - Executing prepared SQL statement [SELECT "tree_level" FROM public."CUS_HRImport_Department" WHERE "id" = ?]
2025-12-24 11:35:17 - o.s.jdbc.core.JdbcTemplate - Executing prepared SQL update
2025-12-24 11:35:17 - o.s.jdbc.core.JdbcTemplate - Executing prepared SQL statement [UPDATE public."TsUser" SET "FName" = ?, "FMobile" = ?, "FDepartmentId" = ?, "U_EmployeeCore" = ?, "FSeatId" = ? WHERE "FLoginName" = ?]
2025-12-24 11:35:17 - o.s.jdbc.core.JdbcTemplate - Executing prepared SQL update
2025-12-24 11:35:17 - o.s.jdbc.core.JdbcTemplate - Executing prepared SQL statement [UPDATE public."TsAccount" SET "FName" = ?, "FMobile" = ? WHERE "FLoginName" = ?]
2025-12-24 11:35:17 - c.c.h.service.HRDataProcessService - 更新員工: 林杰立 (BH033)
2025-12-24 11:35:17 - c.c.h.service.HRDataProcessService - 處理員工: 許哲閩 (BI029)
2025-12-24 11:35:17 - o.s.jdbc.core.JdbcTemplate - Executing prepared SQL query
2025-12-24 11:35:17 - o.s.jdbc.core.JdbcTemplate - Executing prepared SQL statement [SELECT COUNT(*) FROM public."TsAccount" WHERE "FLoginName" = ?]
2025-12-24 11:35:17 - o.s.jdbc.core.JdbcTemplate - Executing prepared SQL query
2025-12-24 11:35:17 - o.s.jdbc.core.JdbcTemplate - Executing prepared SQL statement [SELECT COUNT(*) FROM public."CUS_HRImport_Department" WHERE "code" = ?]
2025-12-24 11:35:17 - o.s.jdbc.core.JdbcTemplate - Executing prepared SQL query
2025-12-24 11:35:17 - o.s.jdbc.core.JdbcTemplate - Executing prepared SQL statement [SELECT COUNT(*) FROM public."CUS_HRImport_Department" WHERE "code" = ?]
2025-12-24 11:35:17 - o.s.jdbc.core.JdbcTemplate - Executing prepared SQL query
2025-12-24 11:35:17 - o.s.jdbc.core.JdbcTemplate - Executing prepared SQL statement [SELECT "id" FROM public."CUS_HRImport_Department" WHERE "code" = ?]
2025-12-24 11:35:17 - o.s.jdbc.core.JdbcTemplate - Executing prepared SQL query
2025-12-24 11:35:17 - o.s.jdbc.core.JdbcTemplate - Executing prepared SQL statement [SELECT "tree_level" FROM public."CUS_HRImport_Department" WHERE "id" = ?]
2025-12-24 11:35:17 - o.s.jdbc.core.JdbcTemplate - Executing prepared SQL update
2025-12-24 11:35:17 - o.s.jdbc.core.JdbcTemplate - Executing prepared SQL statement [UPDATE public."TsUser" SET "FName" = ?, "FMobile" = ?, "FDepartmentId" = ?, "U_EmployeeCore" = ?, "FSeatId" = ? WHERE "FLoginName" = ?]
2025-12-24 11:35:18 - o.s.jdbc.core.JdbcTemplate - Executing prepared SQL update
2025-12-24 11:35:18 - o.s.jdbc.core.JdbcTemplate - Executing prepared SQL statement [UPDATE public."TsAccount" SET "FName" = ?, "FMobile" = ? WHERE "FLoginName" = ?]
2025-12-24 11:35:18 - c.c.h.service.HRDataProcessService - 更新員工: 許哲閩 (BI029)
2025-12-24 11:35:18 - c.c.h.service.HRDataProcessService - 處理員工: 王繹鳴 (BI054)
2025-12-24 11:35:18 - o.s.jdbc.core.JdbcTemplate - Executing prepared SQL query
2025-12-24 11:35:18 - o.s.jdbc.core.JdbcTemplate - Executing prepared SQL statement [SELECT COUNT(*) FROM public."TsAccount" WHERE "FLoginName" = ?]
2025-12-24 11:35:18 - o.s.jdbc.core.JdbcTemplate - Executing prepared SQL query
2025-12-24 11:35:18 - o.s.jdbc.core.JdbcTemplate - Executing prepared SQL statement [SELECT COUNT(*) FROM public."CUS_HRImport_Department" WHERE "code" = ?]
2025-12-24 11:35:18 - o.s.jdbc.core.JdbcTemplate - Executing prepared SQL query
2025-12-24 11:35:18 - o.s.jdbc.core.JdbcTemplate - Executing prepared SQL statement [SELECT COUNT(*) FROM public."CUS_HRImport_Department" WHERE "code" = ?]
2025-12-24 11:35:18 - o.s.jdbc.core.JdbcTemplate - Executing prepared SQL query
2025-12-24 11:35:18 - o.s.jdbc.core.JdbcTemplate - Executing prepared SQL statement [SELECT "id" FROM public."CUS_HRImport_Department" WHERE "code" = ?]
2025-12-24 11:35:18 - o.s.jdbc.core.JdbcTemplate - Executing prepared SQL query
2025-12-24 11:35:18 - o.s.jdbc.core.JdbcTemplate - Executing prepared SQL statement [SELECT "tree_level" FROM public."CUS_HRImport_Department" WHERE "id" = ?]
2025-12-24 11:35:18 - o.s.jdbc.core.JdbcTemplate - Executing prepared SQL update
2025-12-24 11:35:18 - o.s.jdbc.core.JdbcTemplate - Executing prepared SQL statement [UPDATE public."TsUser" SET "FName" = ?, "FMobile" = ?, "FDepartmentId" = ?, "U_EmployeeCore" = ?, "FSeatId" = ? WHERE "FLoginName" = ?]
2025-12-24 11:35:18 - o.s.jdbc.core.JdbcTemplate - Executing prepared SQL update
2025-12-24 11:35:18 - o.s.jdbc.core.JdbcTemplate - Executing prepared SQL statement [UPDATE public."TsAccount" SET "FName" = ?, "FMobile" = ? WHERE "FLoginName" = ?]
2025-12-24 11:35:18 - c.c.h.service.HRDataProcessService - 更新員工: 王繹鳴 (BI054)
2025-12-24 11:35:18 - c.c.h.service.HRDataProcessService - 處理員工: 郭家源 (BJ070)
2025-12-24 11:35:18 - o.s.jdbc.core.JdbcTemplate - Executing prepared SQL query
2025-12-24 11:35:18 - o.s.jdbc.core.JdbcTemplate - Executing prepared SQL statement [SELECT COUNT(*) FROM public."TsAccount" WHERE "FLoginName" = ?]
2025-12-24 11:35:18 - o.s.jdbc.core.JdbcTemplate - Executing prepared SQL query
2025-12-24 11:35:18 - o.s.jdbc.core.JdbcTemplate - Executing prepared SQL statement [SELECT COUNT(*) FROM public."CUS_HRImport_Department" WHERE "code" = ?]
2025-12-24 11:35:18 - o.s.jdbc.core.JdbcTemplate - Executing prepared SQL query
2025-12-24 11:35:18 - o.s.jdbc.core.JdbcTemplate - Executing prepared SQL statement [SELECT COUNT(*) FROM public."CUS_HRImport_Department" WHERE "code" = ?]
2025-12-24 11:35:18 - o.s.jdbc.core.JdbcTemplate - Executing prepared SQL query
2025-12-24 11:35:18 - o.s.jdbc.core.JdbcTemplate - Executing prepared SQL statement [SELECT "id" FROM public."CUS_HRImport_Department" WHERE "code" = ?]
2025-12-24 11:35:18 - o.s.jdbc.core.JdbcTemplate - Executing prepared SQL query
2025-12-24 11:35:18 - o.s.jdbc.core.JdbcTemplate - Executing prepared SQL statement [SELECT "tree_level" FROM public."CUS_HRImport_Department" WHERE "id" = ?]
2025-12-24 11:35:18 - o.s.jdbc.core.JdbcTemplate - Executing prepared SQL update
2025-12-24 11:35:18 - o.s.jdbc.core.JdbcTemplate - Executing prepared SQL statement [UPDATE public."TsUser" SET "FName" = ?, "FMobile" = ?, "FDepartmentId" = ?, "U_EmployeeCore" = ?, "FSeatId" = ? WHERE "FLoginName" = ?]
2025-12-24 11:35:18 - o.s.jdbc.core.JdbcTemplate - Executing prepared SQL update
2025-12-24 11:35:18 - o.s.jdbc.core.JdbcTemplate - Executing prepared SQL statement [UPDATE public."TsAccount" SET "FName" = ?, "FMobile" = ? WHERE "FLoginName" = ?]
2025-12-24 11:35:18 - c.c.h.service.HRDataProcessService - 更新員工: 郭家源 (BJ070)
2025-12-24 11:35:18 - c.c.h.service.HRDataProcessService - 處理員工: 羅宇軒 (CE033)
2025-12-24 11:35:18 - o.s.jdbc.core.JdbcTemplate - Executing prepared SQL query
2025-12-24 11:35:18 - o.s.jdbc.core.JdbcTemplate - Executing prepared SQL statement [SELECT COUNT(*) FROM public."TsAccount" WHERE "FLoginName" = ?]
2025-12-24 11:35:18 - o.s.jdbc.core.JdbcTemplate - Executing prepared SQL query
2025-12-24 11:35:18 - o.s.jdbc.core.JdbcTemplate - Executing prepared SQL statement [SELECT COUNT(*) FROM public."CUS_HRImport_Department" WHERE "code" = ?]
2025-12-24 11:35:18 - o.s.jdbc.core.JdbcTemplate - Executing prepared SQL query
2025-12-24 11:35:18 - o.s.jdbc.core.JdbcTemplate - Executing prepared SQL statement [SELECT COUNT(*) FROM public."CUS_HRImport_Department" WHERE "code" = ?]
2025-12-24 11:35:18 - o.s.jdbc.core.JdbcTemplate - Executing prepared SQL query
2025-12-24 11:35:18 - o.s.jdbc.core.JdbcTemplate - Executing prepared SQL statement [SELECT "id" FROM public."CUS_HRImport_Department" WHERE "code" = ?]
2025-12-24 11:35:18 - o.s.jdbc.core.JdbcTemplate - Executing prepared SQL query
2025-12-24 11:35:18 - o.s.jdbc.core.JdbcTemplate - Executing prepared SQL statement [SELECT "tree_level" FROM public."CUS_HRImport_Department" WHERE "id" = ?]
2025-12-24 11:35:18 - o.s.jdbc.core.JdbcTemplate - Executing prepared SQL update
2025-12-24 11:35:18 - o.s.jdbc.core.JdbcTemplate - Executing prepared SQL statement [UPDATE public."TsUser" SET "FName" = ?, "FMobile" = ?, "FDepartmentId" = ?, "U_EmployeeCore" = ?, "FSeatId" = ? WHERE "FLoginName" = ?]
2025-12-24 11:35:18 - o.s.jdbc.core.JdbcTemplate - Executing prepared SQL update
2025-12-24 11:35:18 - o.s.jdbc.core.JdbcTemplate - Executing prepared SQL statement [UPDATE public."TsAccount" SET "FName" = ?, "FMobile" = ? WHERE "FLoginName" = ?]
2025-12-24 11:35:18 - c.c.h.service.HRDataProcessService - 更新員工: 羅宇軒 (CE033)
2025-12-24 11:35:18 - c.c.h.service.HRDataProcessService - 處理員工: 游鴻基 (BA042)
2025-12-24 11:35:18 - o.s.jdbc.core.JdbcTemplate - Executing prepared SQL query
2025-12-24 11:35:18 - o.s.jdbc.core.JdbcTemplate - Executing prepared SQL statement [SELECT COUNT(*) FROM public."TsAccount" WHERE "FLoginName" = ?]
2025-12-24 11:35:18 - o.s.jdbc.core.JdbcTemplate - Executing prepared SQL query
2025-12-24 11:35:18 - o.s.jdbc.core.JdbcTemplate - Executing prepared SQL statement [SELECT COUNT(*) FROM public."CUS_HRImport_Department" WHERE "code" = ?]
2025-12-24 11:35:18 - o.s.jdbc.core.JdbcTemplate - Executing prepared SQL query
2025-12-24 11:35:18 - o.s.jdbc.core.JdbcTemplate - Executing prepared SQL statement [SELECT COUNT(*) FROM public."CUS_HRImport_Department" WHERE "code" = ?]
2025-12-24 11:35:18 - o.s.jdbc.core.JdbcTemplate - Executing prepared SQL query
2025-12-24 11:35:18 - o.s.jdbc.core.JdbcTemplate - Executing prepared SQL statement [SELECT "id" FROM public."CUS_HRImport_Department" WHERE "code" = ?]
2025-12-24 11:35:18 - o.s.jdbc.core.JdbcTemplate - Executing prepared SQL query
2025-12-24 11:35:18 - o.s.jdbc.core.JdbcTemplate - Executing prepared SQL statement [SELECT "tree_level" FROM public."CUS_HRImport_Department" WHERE "id" = ?]
2025-12-24 11:35:18 - o.s.jdbc.core.JdbcTemplate - Executing prepared SQL update
2025-12-24 11:35:18 - o.s.jdbc.core.JdbcTemplate - Executing prepared SQL statement [UPDATE public."TsUser" SET "FName" = ?, "FMobile" = ?, "FDepartmentId" = ?, "U_EmployeeCore" = ?, "FSeatId" = ? WHERE "FLoginName" = ?]
2025-12-24 11:35:18 - o.s.jdbc.core.JdbcTemplate - Executing prepared SQL update
2025-12-24 11:35:18 - o.s.jdbc.core.JdbcTemplate - Executing prepared SQL statement [UPDATE public."TsAccount" SET "FName" = ?, "FMobile" = ? WHERE "FLoginName" = ?]
2025-12-24 11:35:18 - c.c.h.service.HRDataProcessService - 更新員工: 游鴻基 (BA042)
2025-12-24 11:35:18 - c.c.h.service.HRDataProcessService - 處理員工: 方世鵬 (BD076)
2025-12-24 11:35:18 - o.s.jdbc.core.JdbcTemplate - Executing prepared SQL query
2025-12-24 11:35:18 - o.s.jdbc.core.JdbcTemplate - Executing prepared SQL statement [SELECT COUNT(*) FROM public."TsAccount" WHERE "FLoginName" = ?]
2025-12-24 11:35:18 - o.s.jdbc.core.JdbcTemplate - Executing prepared SQL query
2025-12-24 11:35:18 - o.s.jdbc.core.JdbcTemplate - Executing prepared SQL statement [SELECT COUNT(*) FROM public."CUS_HRImport_Department" WHERE "code" = ?]
2025-12-24 11:35:18 - o.s.jdbc.core.JdbcTemplate - Executing prepared SQL query
2025-12-24 11:35:18 - o.s.jdbc.core.JdbcTemplate - Executing prepared SQL statement [SELECT COUNT(*) FROM public."CUS_HRImport_Department" WHERE "code" = ?]
2025-12-24 11:35:18 - o.s.jdbc.core.JdbcTemplate - Executing prepared SQL query
2025-12-24 11:35:18 - o.s.jdbc.core.JdbcTemplate - Executing prepared SQL statement [SELECT "id" FROM public."CUS_HRImport_Department" WHERE "code" = ?]
2025-12-24 11:35:18 - o.s.jdbc.core.JdbcTemplate - Executing prepared SQL query
2025-12-24 11:35:18 - o.s.jdbc.core.JdbcTemplate - Executing prepared SQL statement [SELECT "tree_level" FROM public."CUS_HRImport_Department" WHERE "id" = ?]
2025-12-24 11:35:18 - o.s.jdbc.core.JdbcTemplate - Executing prepared SQL update
2025-12-24 11:35:18 - o.s.jdbc.core.JdbcTemplate - Executing prepared SQL statement [UPDATE public."TsUser" SET "FName" = ?, "FMobile" = ?, "FDepartmentId" = ?, "U_EmployeeCore" = ?, "FSeatId" = ? WHERE "FLoginName" = ?]
2025-12-24 11:35:18 - o.s.jdbc.core.JdbcTemplate - Executing prepared SQL update
2025-12-24 11:35:18 - o.s.jdbc.core.JdbcTemplate - Executing prepared SQL statement [UPDATE public."TsAccount" SET "FName" = ?, "FMobile" = ? WHERE "FLoginName" = ?]
2025-12-24 11:35:18 - c.c.h.service.HRDataProcessService - 更新員工: 方世鵬 (BD076)
2025-12-24 11:35:18 - c.c.h.service.HRDataProcessService - 處理員工: 呂智軒 (BE055)
2025-12-24 11:35:18 - o.s.jdbc.core.JdbcTemplate - Executing prepared SQL query
2025-12-24 11:35:18 - o.s.jdbc.core.JdbcTemplate - Executing prepared SQL statement [SELECT COUNT(*) FROM public."TsAccount" WHERE "FLoginName" = ?]
2025-12-24 11:35:18 - o.s.jdbc.core.JdbcTemplate - Executing prepared SQL query
2025-12-24 11:35:18 - o.s.jdbc.core.JdbcTemplate - Executing prepared SQL statement [SELECT COUNT(*) FROM public."CUS_HRImport_Department" WHERE "code" = ?]
2025-12-24 11:35:18 - o.s.jdbc.core.JdbcTemplate - Executing prepared SQL query
2025-12-24 11:35:18 - o.s.jdbc.core.JdbcTemplate - Executing prepared SQL statement [SELECT COUNT(*) FROM public."CUS_HRImport_Department" WHERE "code" = ?]
2025-12-24 11:35:18 - o.s.jdbc.core.JdbcTemplate - Executing prepared SQL query
2025-12-24 11:35:18 - o.s.jdbc.core.JdbcTemplate - Executing prepared SQL statement [SELECT "id" FROM public."CUS_HRImport_Department" WHERE "code" = ?]
2025-12-24 11:35:18 - o.s.jdbc.core.JdbcTemplate - Executing prepared SQL query
2025-12-24 11:35:18 - o.s.jdbc.core.JdbcTemplate - Executing prepared SQL statement [SELECT "tree_level" FROM public."CUS_HRImport_Department" WHERE "id" = ?]
2025-12-24 11:35:18 - o.s.jdbc.core.JdbcTemplate - Executing prepared SQL update
2025-12-24 11:35:18 - o.s.jdbc.core.JdbcTemplate - Executing prepared SQL statement [UPDATE public."TsUser" SET "FName" = ?, "FMobile" = ?, "FDepartmentId" = ?, "U_EmployeeCore" = ?, "FSeatId" = ? WHERE "FLoginName" = ?]
2025-12-24 11:35:18 - o.s.jdbc.core.JdbcTemplate - Executing prepared SQL update
2025-12-24 11:35:18 - o.s.jdbc.core.JdbcTemplate - Executing prepared SQL statement [UPDATE public."TsAccount" SET "FName" = ?, "FMobile" = ? WHERE "FLoginName" = ?]
2025-12-24 11:35:18 - c.c.h.service.HRDataProcessService - 更新員工: 呂智軒 (BE055)
2025-12-24 11:35:18 - c.c.h.service.HRDataProcessService - 處理員工: 雷凱翔 (BH019)
2025-12-24 11:35:18 - o.s.jdbc.core.JdbcTemplate - Executing prepared SQL query
2025-12-24 11:35:18 - o.s.jdbc.core.JdbcTemplate - Executing prepared SQL statement [SELECT COUNT(*) FROM public."TsAccount" WHERE "FLoginName" = ?]
2025-12-24 11:35:18 - o.s.jdbc.core.JdbcTemplate - Executing prepared SQL query
2025-12-24 11:35:18 - o.s.jdbc.core.JdbcTemplate - Executing prepared SQL statement [SELECT COUNT(*) FROM public."CUS_HRImport_Department" WHERE "code" = ?]
2025-12-24 11:35:18 - o.s.jdbc.core.JdbcTemplate - Executing prepared SQL query
2025-12-24 11:35:18 - o.s.jdbc.core.JdbcTemplate - Executing prepared SQL statement [SELECT COUNT(*) FROM public."CUS_HRImport_Department" WHERE "code" = ?]
2025-12-24 11:35:18 - o.s.jdbc.core.JdbcTemplate - Executing prepared SQL query
2025-12-24 11:35:18 - o.s.jdbc.core.JdbcTemplate - Executing prepared SQL statement [SELECT "id" FROM public."CUS_HRImport_Department" WHERE "code" = ?]
2025-12-24 11:35:18 - o.s.jdbc.core.JdbcTemplate - Executing prepared SQL query
2025-12-24 11:35:18 - o.s.jdbc.core.JdbcTemplate - Executing prepared SQL statement [SELECT "tree_level" FROM public."CUS_HRImport_Department" WHERE "id" = ?]
2025-12-24 11:35:18 - o.s.jdbc.core.JdbcTemplate - Executing prepared SQL update
2025-12-24 11:35:18 - o.s.jdbc.core.JdbcTemplate - Executing prepared SQL statement [UPDATE public."TsUser" SET "FName" = ?, "FMobile" = ?, "FDepartmentId" = ?, "U_EmployeeCore" = ?, "FSeatId" = ? WHERE "FLoginName" = ?]
2025-12-24 11:35:18 - o.s.jdbc.core.JdbcTemplate - Executing prepared SQL update
2025-12-24 11:35:18 - o.s.jdbc.core.JdbcTemplate - Executing prepared SQL statement [UPDATE public."TsAccount" SET "FName" = ?, "FMobile" = ? WHERE "FLoginName" = ?]
2025-12-24 11:35:18 - c.c.h.service.HRDataProcessService - 更新員工: 雷凱翔 (BH019)
2025-12-24 11:35:18 - c.c.h.service.HRDataProcessService - 處理員工: 吳驊家 (BJ068)
2025-12-24 11:35:18 - o.s.jdbc.core.JdbcTemplate - Executing prepared SQL query
2025-12-24 11:35:18 - o.s.jdbc.core.JdbcTemplate - Executing prepared SQL statement [SELECT COUNT(*) FROM public."TsAccount" WHERE "FLoginName" = ?]
2025-12-24 11:35:18 - o.s.jdbc.core.JdbcTemplate - Executing prepared SQL query
2025-12-24 11:35:18 - o.s.jdbc.core.JdbcTemplate - Executing prepared SQL statement [SELECT COUNT(*) FROM public."CUS_HRImport_Department" WHERE "code" = ?]
2025-12-24 11:35:18 - o.s.jdbc.core.JdbcTemplate - Executing prepared SQL query
2025-12-24 11:35:18 - o.s.jdbc.core.JdbcTemplate - Executing prepared SQL statement [SELECT COUNT(*) FROM public."CUS_HRImport_Department" WHERE "code" = ?]
2025-12-24 11:35:18 - o.s.jdbc.core.JdbcTemplate - Executing prepared SQL query
2025-12-24 11:35:18 - o.s.jdbc.core.JdbcTemplate - Executing prepared SQL statement [SELECT "id" FROM public."CUS_HRImport_Department" WHERE "code" = ?]
2025-12-24 11:35:18 - o.s.jdbc.core.JdbcTemplate - Executing prepared SQL query
2025-12-24 11:35:18 - o.s.jdbc.core.JdbcTemplate - Executing prepared SQL statement [SELECT "tree_level" FROM public."CUS_HRImport_Department" WHERE "id" = ?]
2025-12-24 11:35:18 - o.s.jdbc.core.JdbcTemplate - Executing prepared SQL update
2025-12-24 11:35:18 - o.s.jdbc.core.JdbcTemplate - Executing prepared SQL statement [UPDATE public."TsUser" SET "FName" = ?, "FMobile" = ?, "FDepartmentId" = ?, "U_EmployeeCore" = ?, "FSeatId" = ? WHERE "FLoginName" = ?]
2025-12-24 11:35:18 - o.s.jdbc.core.JdbcTemplate - Executing prepared SQL update
2025-12-24 11:35:18 - o.s.jdbc.core.JdbcTemplate - Executing prepared SQL statement [UPDATE public."TsAccount" SET "FName" = ?, "FMobile" = ? WHERE "FLoginName" = ?]
2025-12-24 11:35:18 - c.c.h.service.HRDataProcessService - 更新員工: 吳驊家 (BJ068)
2025-12-24 11:35:18 - c.c.h.service.HRDataProcessService - 處理員工: 許佑銘 (BK037)
2025-12-24 11:35:18 - o.s.jdbc.core.JdbcTemplate - Executing prepared SQL query
2025-12-24 11:35:18 - o.s.jdbc.core.JdbcTemplate - Executing prepared SQL statement [SELECT COUNT(*) FROM public."TsAccount" WHERE "FLoginName" = ?]
2025-12-24 11:35:18 - o.s.jdbc.core.JdbcTemplate - Executing prepared SQL query
2025-12-24 11:35:18 - o.s.jdbc.core.JdbcTemplate - Executing prepared SQL statement [SELECT COUNT(*) FROM public."CUS_HRImport_Department" WHERE "code" = ?]
2025-12-24 11:35:18 - o.s.jdbc.core.JdbcTemplate - Executing prepared SQL query
2025-12-24 11:35:18 - o.s.jdbc.core.JdbcTemplate - Executing prepared SQL statement [SELECT COUNT(*) FROM public."CUS_HRImport_Department" WHERE "code" = ?]
2025-12-24 11:35:18 - o.s.jdbc.core.JdbcTemplate - Executing prepared SQL query
2025-12-24 11:35:18 - o.s.jdbc.core.JdbcTemplate - Executing prepared SQL statement [SELECT "id" FROM public."CUS_HRImport_Department" WHERE "code" = ?]
2025-12-24 11:35:18 - o.s.jdbc.core.JdbcTemplate - Executing prepared SQL query
2025-12-24 11:35:18 - o.s.jdbc.core.JdbcTemplate - Executing prepared SQL statement [SELECT "tree_level" FROM public."CUS_HRImport_Department" WHERE "id" = ?]
2025-12-24 11:35:18 - o.s.jdbc.core.JdbcTemplate - Executing prepared SQL update
2025-12-24 11:35:18 - o.s.jdbc.core.JdbcTemplate - Executing prepared SQL statement [UPDATE public."TsUser" SET "FName" = ?, "FMobile" = ?, "FDepartmentId" = ?, "U_EmployeeCore" = ?, "FSeatId" = ? WHERE "FLoginName" = ?]
2025-12-24 11:35:18 - o.s.jdbc.core.JdbcTemplate - Executing prepared SQL update
2025-12-24 11:35:18 - o.s.jdbc.core.JdbcTemplate - Executing prepared SQL statement [UPDATE public."TsAccount" SET "FName" = ?, "FMobile" = ? WHERE "FLoginName" = ?]
2025-12-24 11:35:18 - c.c.h.service.HRDataProcessService - 更新員工: 許佑銘 (BK037)
2025-12-24 11:35:18 - c.c.h.service.HRDataProcessService - 處理員工: 鄒宗憲 (BK063)
2025-12-24 11:35:18 - o.s.jdbc.core.JdbcTemplate - Executing prepared SQL query
2025-12-24 11:35:18 - o.s.jdbc.core.JdbcTemplate - Executing prepared SQL statement [SELECT COUNT(*) FROM public."TsAccount" WHERE "FLoginName" = ?]
2025-12-24 11:35:18 - o.s.jdbc.core.JdbcTemplate - Executing prepared SQL query
2025-12-24 11:35:18 - o.s.jdbc.core.JdbcTemplate - Executing prepared SQL statement [SELECT COUNT(*) FROM public."CUS_HRImport_Department" WHERE "code" = ?]
2025-12-24 11:35:18 - o.s.jdbc.core.JdbcTemplate - Executing prepared SQL query
2025-12-24 11:35:18 - o.s.jdbc.core.JdbcTemplate - Executing prepared SQL statement [SELECT COUNT(*) FROM public."CUS_HRImport_Department" WHERE "code" = ?]
2025-12-24 11:35:18 - o.s.jdbc.core.JdbcTemplate - Executing prepared SQL query
2025-12-24 11:35:18 - o.s.jdbc.core.JdbcTemplate - Executing prepared SQL statement [SELECT "id" FROM public."CUS_HRImport_Department" WHERE "code" = ?]
2025-12-24 11:35:18 - o.s.jdbc.core.JdbcTemplate - Executing prepared SQL query
2025-12-24 11:35:18 - o.s.jdbc.core.JdbcTemplate - Executing prepared SQL statement [SELECT "tree_level" FROM public."CUS_HRImport_Department" WHERE "id" = ?]
2025-12-24 11:35:18 - o.s.jdbc.core.JdbcTemplate - Executing prepared SQL update
2025-12-24 11:35:18 - o.s.jdbc.core.JdbcTemplate - Executing prepared SQL statement [UPDATE public."TsUser" SET "FName" = ?, "FMobile" = ?, "FDepartmentId" = ?, "U_EmployeeCore" = ?, "FSeatId" = ? WHERE "FLoginName" = ?]
2025-12-24 11:35:18 - o.s.jdbc.core.JdbcTemplate - Executing prepared SQL update
2025-12-24 11:35:18 - o.s.jdbc.core.JdbcTemplate - Executing prepared SQL statement [UPDATE public."TsAccount" SET "FName" = ?, "FMobile" = ? WHERE "FLoginName" = ?]
2025-12-24 11:35:18 - c.c.h.service.HRDataProcessService - 更新員工: 鄒宗憲 (BK063)
2025-12-24 11:35:18 - c.c.h.service.HRDataProcessService - 處理員工: 吳思侑 (CC026)
2025-12-24 11:35:18 - o.s.jdbc.core.JdbcTemplate - Executing prepared SQL query
2025-12-24 11:35:18 - o.s.jdbc.core.JdbcTemplate - Executing prepared SQL statement [SELECT COUNT(*) FROM public."TsAccount" WHERE "FLoginName" = ?]
2025-12-24 11:35:18 - o.s.jdbc.core.JdbcTemplate - Executing prepared SQL query
2025-12-24 11:35:18 - o.s.jdbc.core.JdbcTemplate - Executing prepared SQL statement [SELECT COUNT(*) FROM public."CUS_HRImport_Department" WHERE "code" = ?]
2025-12-24 11:35:18 - o.s.jdbc.core.JdbcTemplate - Executing prepared SQL query
2025-12-24 11:35:18 - o.s.jdbc.core.JdbcTemplate - Executing prepared SQL statement [SELECT COUNT(*) FROM public."CUS_HRImport_Department" WHERE "code" = ?]
2025-12-24 11:35:18 - o.s.jdbc.core.JdbcTemplate - Executing prepared SQL query
2025-12-24 11:35:18 - o.s.jdbc.core.JdbcTemplate - Executing prepared SQL statement [SELECT "id" FROM public."CUS_HRImport_Department" WHERE "code" = ?]
2025-12-24 11:35:18 - o.s.jdbc.core.JdbcTemplate - Executing prepared SQL query
2025-12-24 11:35:18 - o.s.jdbc.core.JdbcTemplate - Executing prepared SQL statement [SELECT "tree_level" FROM public."CUS_HRImport_Department" WHERE "id" = ?]
2025-12-24 11:35:18 - o.s.jdbc.core.JdbcTemplate - Executing prepared SQL update
2025-12-24 11:35:18 - o.s.jdbc.core.JdbcTemplate - Executing prepared SQL statement [UPDATE public."TsUser" SET "FName" = ?, "FMobile" = ?, "FDepartmentId" = ?, "U_EmployeeCore" = ?, "FSeatId" = ? WHERE "FLoginName" = ?]
2025-12-24 11:35:18 - o.s.jdbc.core.JdbcTemplate - Executing prepared SQL update
2025-12-24 11:35:18 - o.s.jdbc.core.JdbcTemplate - Executing prepared SQL statement [UPDATE public."TsAccount" SET "FName" = ?, "FMobile" = ? WHERE "FLoginName" = ?]
2025-12-24 11:35:18 - c.c.h.service.HRDataProcessService - 更新員工: 吳思侑 (CC026)
2025-12-24 11:35:18 - c.c.h.service.HRDataProcessService - 處理員工: 范景盛 (CD098)
2025-12-24 11:35:18 - o.s.jdbc.core.JdbcTemplate - Executing prepared SQL query
2025-12-24 11:35:18 - o.s.jdbc.core.JdbcTemplate - Executing prepared SQL statement [SELECT COUNT(*) FROM public."TsAccount" WHERE "FLoginName" = ?]
2025-12-24 11:35:18 - o.s.jdbc.core.JdbcTemplate - Executing prepared SQL query
2025-12-24 11:35:18 - o.s.jdbc.core.JdbcTemplate - Executing prepared SQL statement [SELECT COUNT(*) FROM public."CUS_HRImport_Department" WHERE "code" = ?]
2025-12-24 11:35:18 - o.s.jdbc.core.JdbcTemplate - Executing prepared SQL query
2025-12-24 11:35:18 - o.s.jdbc.core.JdbcTemplate - Executing prepared SQL statement [SELECT COUNT(*) FROM public."CUS_HRImport_Department" WHERE "code" = ?]
2025-12-24 11:35:18 - o.s.jdbc.core.JdbcTemplate - Executing prepared SQL query
2025-12-24 11:35:18 - o.s.jdbc.core.JdbcTemplate - Executing prepared SQL statement [SELECT "id" FROM public."CUS_HRImport_Department" WHERE "code" = ?]
2025-12-24 11:35:18 - o.s.jdbc.core.JdbcTemplate - Executing prepared SQL query
2025-12-24 11:35:18 - o.s.jdbc.core.JdbcTemplate - Executing prepared SQL statement [SELECT "tree_level" FROM public."CUS_HRImport_Department" WHERE "id" = ?]
2025-12-24 11:35:18 - o.s.jdbc.core.JdbcTemplate - Executing prepared SQL update
2025-12-24 11:35:18 - o.s.jdbc.core.JdbcTemplate - Executing prepared SQL statement [UPDATE public."TsUser" SET "FName" = ?, "FMobile" = ?, "FDepartmentId" = ?, "U_EmployeeCore" = ?, "FSeatId" = ? WHERE "FLoginName" = ?]
2025-12-24 11:35:18 - o.s.jdbc.core.JdbcTemplate - Executing prepared SQL update
2025-12-24 11:35:18 - o.s.jdbc.core.JdbcTemplate - Executing prepared SQL statement [UPDATE public."TsAccount" SET "FName" = ?, "FMobile" = ? WHERE "FLoginName" = ?]
2025-12-24 11:35:18 - c.c.h.service.HRDataProcessService - 更新員工: 范景盛 (CD098)
2025-12-24 11:35:18 - c.c.h.service.HRDataProcessService - 處理員工: 柯鴻傑 (BA122)
2025-12-24 11:35:18 - o.s.jdbc.core.JdbcTemplate - Executing prepared SQL query
2025-12-24 11:35:18 - o.s.jdbc.core.JdbcTemplate - Executing prepared SQL statement [SELECT COUNT(*) FROM public."TsAccount" WHERE "FLoginName" = ?]
2025-12-24 11:35:18 - o.s.jdbc.core.JdbcTemplate - Executing prepared SQL query
2025-12-24 11:35:18 - o.s.jdbc.core.JdbcTemplate - Executing prepared SQL statement [SELECT COUNT(*) FROM public."CUS_HRImport_Department" WHERE "code" = ?]
2025-12-24 11:35:18 - o.s.jdbc.core.JdbcTemplate - Executing prepared SQL query
2025-12-24 11:35:18 - o.s.jdbc.core.JdbcTemplate - Executing prepared SQL statement [SELECT COUNT(*) FROM public."CUS_HRImport_Department" WHERE "code" = ?]
2025-12-24 11:35:18 - o.s.jdbc.core.JdbcTemplate - Executing prepared SQL query
2025-12-24 11:35:18 - o.s.jdbc.core.JdbcTemplate - Executing prepared SQL statement [SELECT "id" FROM public."CUS_HRImport_Department" WHERE "code" = ?]
2025-12-24 11:35:18 - o.s.jdbc.core.JdbcTemplate - Executing prepared SQL query
2025-12-24 11:35:18 - o.s.jdbc.core.JdbcTemplate - Executing prepared SQL statement [SELECT "tree_level" FROM public."CUS_HRImport_Department" WHERE "id" = ?]
2025-12-24 11:35:18 - o.s.jdbc.core.JdbcTemplate - Executing prepared SQL update
2025-12-24 11:35:18 - o.s.jdbc.core.JdbcTemplate - Executing prepared SQL statement [UPDATE public."TsUser" SET "FName" = ?, "FMobile" = ?, "FDepartmentId" = ?, "U_EmployeeCore" = ?, "FSeatId" = ? WHERE "FLoginName" = ?]
2025-12-24 11:35:18 - o.s.jdbc.core.JdbcTemplate - Executing prepared SQL update
2025-12-24 11:35:18 - o.s.jdbc.core.JdbcTemplate - Executing prepared SQL statement [UPDATE public."TsAccount" SET "FName" = ?, "FMobile" = ? WHERE "FLoginName" = ?]
2025-12-24 11:35:18 - c.c.h.service.HRDataProcessService - 更新員工: 柯鴻傑 (BA122)
2025-12-24 11:35:18 - c.c.h.service.HRDataProcessService - 處理員工: 溫秉宸 (BB043)
2025-12-24 11:35:18 - o.s.jdbc.core.JdbcTemplate - Executing prepared SQL query
2025-12-24 11:35:18 - o.s.jdbc.core.JdbcTemplate - Executing prepared SQL statement [SELECT COUNT(*) FROM public."TsAccount" WHERE "FLoginName" = ?]
2025-12-24 11:35:18 - o.s.jdbc.core.JdbcTemplate - Executing prepared SQL query
2025-12-24 11:35:18 - o.s.jdbc.core.JdbcTemplate - Executing prepared SQL statement [SELECT COUNT(*) FROM public."CUS_HRImport_Department" WHERE "code" = ?]
2025-12-24 11:35:18 - o.s.jdbc.core.JdbcTemplate - Executing prepared SQL query
2025-12-24 11:35:18 - o.s.jdbc.core.JdbcTemplate - Executing prepared SQL statement [SELECT COUNT(*) FROM public."CUS_HRImport_Department" WHERE "code" = ?]
2025-12-24 11:35:18 - o.s.jdbc.core.JdbcTemplate - Executing prepared SQL query
2025-12-24 11:35:18 - o.s.jdbc.core.JdbcTemplate - Executing prepared SQL statement [SELECT "id" FROM public."CUS_HRImport_Department" WHERE "code" = ?]
2025-12-24 11:35:18 - o.s.jdbc.core.JdbcTemplate - Executing prepared SQL query
2025-12-24 11:35:18 - o.s.jdbc.core.JdbcTemplate - Executing prepared SQL statement [SELECT "tree_level" FROM public."CUS_HRImport_Department" WHERE "id" = ?]
2025-12-24 11:35:18 - o.s.jdbc.core.JdbcTemplate - Executing prepared SQL update
2025-12-24 11:35:18 - o.s.jdbc.core.JdbcTemplate - Executing prepared SQL statement [UPDATE public."TsUser" SET "FName" = ?, "FMobile" = ?, "FDepartmentId" = ?, "U_EmployeeCore" = ?, "FSeatId" = ? WHERE "FLoginName" = ?]
2025-12-24 11:35:18 - o.s.jdbc.core.JdbcTemplate - Executing prepared SQL update
2025-12-24 11:35:18 - o.s.jdbc.core.JdbcTemplate - Executing prepared SQL statement [UPDATE public."TsAccount" SET "FName" = ?, "FMobile" = ? WHERE "FLoginName" = ?]
2025-12-24 11:35:18 - c.c.h.service.HRDataProcessService - 更新員工: 溫秉宸 (BB043)
2025-12-24 11:35:18 - c.c.h.service.HRDataProcessService - 處理員工: 吳俊葳 (BC055)
2025-12-24 11:35:18 - o.s.jdbc.core.JdbcTemplate - Executing prepared SQL query
2025-12-24 11:35:18 - o.s.jdbc.core.JdbcTemplate - Executing prepared SQL statement [SELECT COUNT(*) FROM public."TsAccount" WHERE "FLoginName" = ?]
2025-12-24 11:35:18 - o.s.jdbc.core.JdbcTemplate - Executing prepared SQL query
2025-12-24 11:35:18 - o.s.jdbc.core.JdbcTemplate - Executing prepared SQL statement [SELECT COUNT(*) FROM public."CUS_HRImport_Department" WHERE "code" = ?]
2025-12-24 11:35:18 - o.s.jdbc.core.JdbcTemplate - Executing prepared SQL query
2025-12-24 11:35:18 - o.s.jdbc.core.JdbcTemplate - Executing prepared SQL statement [SELECT COUNT(*) FROM public."CUS_HRImport_Department" WHERE "code" = ?]
2025-12-24 11:35:18 - o.s.jdbc.core.JdbcTemplate - Executing prepared SQL query
2025-12-24 11:35:18 - o.s.jdbc.core.JdbcTemplate - Executing prepared SQL statement [SELECT "id" FROM public."CUS_HRImport_Department" WHERE "code" = ?]
2025-12-24 11:35:18 - o.s.jdbc.core.JdbcTemplate - Executing prepared SQL query
2025-12-24 11:35:18 - o.s.jdbc.core.JdbcTemplate - Executing prepared SQL statement [SELECT "tree_level" FROM public."CUS_HRImport_Department" WHERE "id" = ?]
2025-12-24 11:35:18 - o.s.jdbc.core.JdbcTemplate - Executing prepared SQL update
2025-12-24 11:35:18 - o.s.jdbc.core.JdbcTemplate - Executing prepared SQL statement [UPDATE public."TsUser" SET "FName" = ?, "FMobile" = ?, "FDepartmentId" = ?, "U_EmployeeCore" = ?, "FSeatId" = ? WHERE "FLoginName" = ?]
2025-12-24 11:35:18 - o.s.jdbc.core.JdbcTemplate - Executing prepared SQL update
2025-12-24 11:35:18 - o.s.jdbc.core.JdbcTemplate - Executing prepared SQL statement [UPDATE public."TsAccount" SET "FName" = ?, "FMobile" = ? WHERE "FLoginName" = ?]
2025-12-24 11:35:18 - c.c.h.service.HRDataProcessService - 更新員工: 吳俊葳 (BC055)
2025-12-24 11:35:18 - c.c.h.service.HRDataProcessService - 處理員工: 謝瑞成 (BD047)
2025-12-24 11:35:18 - o.s.jdbc.core.JdbcTemplate - Executing prepared SQL query
2025-12-24 11:35:18 - o.s.jdbc.core.JdbcTemplate - Executing prepared SQL statement [SELECT COUNT(*) FROM public."TsAccount" WHERE "FLoginName" = ?]
2025-12-24 11:35:18 - o.s.jdbc.core.JdbcTemplate - Executing prepared SQL query
2025-12-24 11:35:18 - o.s.jdbc.core.JdbcTemplate - Executing prepared SQL statement [SELECT COUNT(*) FROM public."CUS_HRImport_Department" WHERE "code" = ?]
2025-12-24 11:35:18 - o.s.jdbc.core.JdbcTemplate - Executing prepared SQL query
2025-12-24 11:35:18 - o.s.jdbc.core.JdbcTemplate - Executing prepared SQL statement [SELECT COUNT(*) FROM public."CUS_HRImport_Department" WHERE "code" = ?]
2025-12-24 11:35:18 - o.s.jdbc.core.JdbcTemplate - Executing prepared SQL query
2025-12-24 11:35:18 - o.s.jdbc.core.JdbcTemplate - Executing prepared SQL statement [SELECT "id" FROM public."CUS_HRImport_Department" WHERE "code" = ?]
2025-12-24 11:35:18 - o.s.jdbc.core.JdbcTemplate - Executing prepared SQL query
2025-12-24 11:35:18 - o.s.jdbc.core.JdbcTemplate - Executing prepared SQL statement [SELECT "tree_level" FROM public."CUS_HRImport_Department" WHERE "id" = ?]
2025-12-24 11:35:18 - o.s.jdbc.core.JdbcTemplate - Executing prepared SQL update
2025-12-24 11:35:18 - o.s.jdbc.core.JdbcTemplate - Executing prepared SQL statement [UPDATE public."TsUser" SET "FName" = ?, "FMobile" = ?, "FDepartmentId" = ?, "U_EmployeeCore" = ?, "FSeatId" = ? WHERE "FLoginName" = ?]
2025-12-24 11:35:18 - o.s.jdbc.core.JdbcTemplate - Executing prepared SQL update
2025-12-24 11:35:18 - o.s.jdbc.core.JdbcTemplate - Executing prepared SQL statement [UPDATE public."TsAccount" SET "FName" = ?, "FMobile" = ? WHERE "FLoginName" = ?]
2025-12-24 11:35:18 - c.c.h.service.HRDataProcessService - 更新員工: 謝瑞成 (BD047)
2025-12-24 11:35:18 - c.c.h.service.HRDataProcessService - 處理員工: 吳宗益 (BD143)
2025-12-24 11:35:18 - o.s.jdbc.core.JdbcTemplate - Executing prepared SQL query
2025-12-24 11:35:18 - o.s.jdbc.core.JdbcTemplate - Executing prepared SQL statement [SELECT COUNT(*) FROM public."TsAccount" WHERE "FLoginName" = ?]
2025-12-24 11:35:18 - o.s.jdbc.core.JdbcTemplate - Executing prepared SQL query
2025-12-24 11:35:18 - o.s.jdbc.core.JdbcTemplate - Executing prepared SQL statement [SELECT COUNT(*) FROM public."CUS_HRImport_Department" WHERE "code" = ?]
2025-12-24 11:35:18 - o.s.jdbc.core.JdbcTemplate - Executing prepared SQL query
2025-12-24 11:35:18 - o.s.jdbc.core.JdbcTemplate - Executing prepared SQL statement [SELECT COUNT(*) FROM public."CUS_HRImport_Department" WHERE "code" = ?]
2025-12-24 11:35:18 - o.s.jdbc.core.JdbcTemplate - Executing prepared SQL query
2025-12-24 11:35:18 - o.s.jdbc.core.JdbcTemplate - Executing prepared SQL statement [SELECT "id" FROM public."CUS_HRImport_Department" WHERE "code" = ?]
2025-12-24 11:35:18 - o.s.jdbc.core.JdbcTemplate - Executing prepared SQL query
2025-12-24 11:35:18 - o.s.jdbc.core.JdbcTemplate - Executing prepared SQL statement [SELECT "tree_level" FROM public."CUS_HRImport_Department" WHERE "id" = ?]
2025-12-24 11:35:18 - o.s.jdbc.core.JdbcTemplate - Executing prepared SQL update
2025-12-24 11:35:18 - o.s.jdbc.core.JdbcTemplate - Executing prepared SQL statement [UPDATE public."TsUser" SET "FName" = ?, "FMobile" = ?, "FDepartmentId" = ?, "U_EmployeeCore" = ?, "FSeatId" = ? WHERE "FLoginName" = ?]
2025-12-24 11:35:18 - o.s.jdbc.core.JdbcTemplate - Executing prepared SQL update
2025-12-24 11:35:18 - o.s.jdbc.core.JdbcTemplate - Executing prepared SQL statement [UPDATE public."TsAccount" SET "FName" = ?, "FMobile" = ? WHERE "FLoginName" = ?]
2025-12-24 11:35:18 - c.c.h.service.HRDataProcessService - 更新員工: 吳宗益 (BD143)
2025-12-24 11:35:18 - c.c.h.service.HRDataProcessService - 處理員工: 吳姿萱 (BG050)
2025-12-24 11:35:18 - o.s.jdbc.core.JdbcTemplate - Executing prepared SQL query
2025-12-24 11:35:18 - o.s.jdbc.core.JdbcTemplate - Executing prepared SQL statement [SELECT COUNT(*) FROM public."TsAccount" WHERE "FLoginName" = ?]
2025-12-24 11:35:18 - o.s.jdbc.core.JdbcTemplate - Executing prepared SQL query
2025-12-24 11:35:18 - o.s.jdbc.core.JdbcTemplate - Executing prepared SQL statement [SELECT COUNT(*) FROM public."CUS_HRImport_Department" WHERE "code" = ?]
2025-12-24 11:35:18 - o.s.jdbc.core.JdbcTemplate - Executing prepared SQL query
2025-12-24 11:35:18 - o.s.jdbc.core.JdbcTemplate - Executing prepared SQL statement [SELECT COUNT(*) FROM public."CUS_HRImport_Department" WHERE "code" = ?]
2025-12-24 11:35:18 - o.s.jdbc.core.JdbcTemplate - Executing prepared SQL query
2025-12-24 11:35:18 - o.s.jdbc.core.JdbcTemplate - Executing prepared SQL statement [SELECT "id" FROM public."CUS_HRImport_Department" WHERE "code" = ?]
2025-12-24 11:35:18 - o.s.jdbc.core.JdbcTemplate - Executing prepared SQL query
2025-12-24 11:35:18 - o.s.jdbc.core.JdbcTemplate - Executing prepared SQL statement [SELECT "tree_level" FROM public."CUS_HRImport_Department" WHERE "id" = ?]
2025-12-24 11:35:18 - o.s.jdbc.core.JdbcTemplate - Executing prepared SQL update
2025-12-24 11:35:18 - o.s.jdbc.core.JdbcTemplate - Executing prepared SQL statement [UPDATE public."TsUser" SET "FName" = ?, "FMobile" = ?, "FDepartmentId" = ?, "U_EmployeeCore" = ?, "FSeatId" = ? WHERE "FLoginName" = ?]
2025-12-24 11:35:18 - o.s.jdbc.core.JdbcTemplate - Executing prepared SQL update
2025-12-24 11:35:18 - o.s.jdbc.core.JdbcTemplate - Executing prepared SQL statement [UPDATE public."TsAccount" SET "FName" = ?, "FMobile" = ? WHERE "FLoginName" = ?]
2025-12-24 11:35:18 - c.c.h.service.HRDataProcessService - 更新員工: 吳姿萱 (BG050)
2025-12-24 11:35:18 - c.c.h.service.HRDataProcessService - 處理員工: 朱益源 (BH025)
2025-12-24 11:35:18 - o.s.jdbc.core.JdbcTemplate - Executing prepared SQL query
2025-12-24 11:35:18 - o.s.jdbc.core.JdbcTemplate - Executing prepared SQL statement [SELECT COUNT(*) FROM public."TsAccount" WHERE "FLoginName" = ?]
2025-12-24 11:35:18 - o.s.jdbc.core.JdbcTemplate - Executing prepared SQL query
2025-12-24 11:35:18 - o.s.jdbc.core.JdbcTemplate - Executing prepared SQL statement [SELECT COUNT(*) FROM public."CUS_HRImport_Department" WHERE "code" = ?]
2025-12-24 11:35:18 - o.s.jdbc.core.JdbcTemplate - Executing prepared SQL query
2025-12-24 11:35:18 - o.s.jdbc.core.JdbcTemplate - Executing prepared SQL statement [SELECT COUNT(*) FROM public."CUS_HRImport_Department" WHERE "code" = ?]
2025-12-24 11:35:18 - o.s.jdbc.core.JdbcTemplate - Executing prepared SQL query
2025-12-24 11:35:18 - o.s.jdbc.core.JdbcTemplate - Executing prepared SQL statement [SELECT "id" FROM public."CUS_HRImport_Department" WHERE "code" = ?]
2025-12-24 11:35:18 - o.s.jdbc.core.JdbcTemplate - Executing prepared SQL query
2025-12-24 11:35:18 - o.s.jdbc.core.JdbcTemplate - Executing prepared SQL statement [SELECT "tree_level" FROM public."CUS_HRImport_Department" WHERE "id" = ?]
2025-12-24 11:35:18 - o.s.jdbc.core.JdbcTemplate - Executing prepared SQL update
2025-12-24 11:35:18 - o.s.jdbc.core.JdbcTemplate - Executing prepared SQL statement [UPDATE public."TsUser" SET "FName" = ?, "FMobile" = ?, "FDepartmentId" = ?, "U_EmployeeCore" = ?, "FSeatId" = ? WHERE "FLoginName" = ?]
2025-12-24 11:35:18 - o.s.jdbc.core.JdbcTemplate - Executing prepared SQL update
2025-12-24 11:35:18 - o.s.jdbc.core.JdbcTemplate - Executing prepared SQL statement [UPDATE public."TsAccount" SET "FName" = ?, "FMobile" = ? WHERE "FLoginName" = ?]
2025-12-24 11:35:18 - c.c.h.service.HRDataProcessService - 更新員工: 朱益源 (BH025)
2025-12-24 11:35:18 - c.c.h.service.HRDataProcessService - 處理員工: 陳佳鴻 (BH163)
2025-12-24 11:35:18 - o.s.jdbc.core.JdbcTemplate - Executing prepared SQL query
2025-12-24 11:35:18 - o.s.jdbc.core.JdbcTemplate - Executing prepared SQL statement [SELECT COUNT(*) FROM public."TsAccount" WHERE "FLoginName" = ?]
2025-12-24 11:35:18 - o.s.jdbc.core.JdbcTemplate - Executing prepared SQL query
2025-12-24 11:35:18 - o.s.jdbc.core.JdbcTemplate - Executing prepared SQL statement [SELECT COUNT(*) FROM public."CUS_HRImport_Department" WHERE "code" = ?]
2025-12-24 11:35:18 - o.s.jdbc.core.JdbcTemplate - Executing prepared SQL query
2025-12-24 11:35:18 - o.s.jdbc.core.JdbcTemplate - Executing prepared SQL statement [SELECT COUNT(*) FROM public."CUS_HRImport_Department" WHERE "code" = ?]
2025-12-24 11:35:18 - o.s.jdbc.core.JdbcTemplate - Executing prepared SQL query
2025-12-24 11:35:18 - o.s.jdbc.core.JdbcTemplate - Executing prepared SQL statement [SELECT "id" FROM public."CUS_HRImport_Department" WHERE "code" = ?]
2025-12-24 11:35:18 - o.s.jdbc.core.JdbcTemplate - Executing prepared SQL query
2025-12-24 11:35:18 - o.s.jdbc.core.JdbcTemplate - Executing prepared SQL statement [SELECT "tree_level" FROM public."CUS_HRImport_Department" WHERE "id" = ?]
2025-12-24 11:35:18 - o.s.jdbc.core.JdbcTemplate - Executing prepared SQL update
2025-12-24 11:35:18 - o.s.jdbc.core.JdbcTemplate - Executing prepared SQL statement [UPDATE public."TsUser" SET "FName" = ?, "FMobile" = ?, "FDepartmentId" = ?, "U_EmployeeCore" = ?, "FSeatId" = ? WHERE "FLoginName" = ?]
2025-12-24 11:35:18 - o.s.jdbc.core.JdbcTemplate - Executing prepared SQL update
2025-12-24 11:35:18 - o.s.jdbc.core.JdbcTemplate - Executing prepared SQL statement [UPDATE public."TsAccount" SET "FName" = ?, "FMobile" = ? WHERE "FLoginName" = ?]
2025-12-24 11:35:18 - c.c.h.service.HRDataProcessService - 更新員工: 陳佳鴻 (BH163)
2025-12-24 11:35:18 - c.c.h.service.HRDataProcessService - 處理員工: 傅亞強 (BK036)
2025-12-24 11:35:18 - o.s.jdbc.core.JdbcTemplate - Executing prepared SQL query
2025-12-24 11:35:18 - o.s.jdbc.core.JdbcTemplate - Executing prepared SQL statement [SELECT COUNT(*) FROM public."TsAccount" WHERE "FLoginName" = ?]
2025-12-24 11:35:18 - o.s.jdbc.core.JdbcTemplate - Executing prepared SQL query
2025-12-24 11:35:18 - o.s.jdbc.core.JdbcTemplate - Executing prepared SQL statement [SELECT COUNT(*) FROM public."CUS_HRImport_Department" WHERE "code" = ?]
2025-12-24 11:35:18 - o.s.jdbc.core.JdbcTemplate - Executing prepared SQL query
2025-12-24 11:35:18 - o.s.jdbc.core.JdbcTemplate - Executing prepared SQL statement [SELECT COUNT(*) FROM public."CUS_HRImport_Department" WHERE "code" = ?]
2025-12-24 11:35:18 - o.s.jdbc.core.JdbcTemplate - Executing prepared SQL query
2025-12-24 11:35:18 - o.s.jdbc.core.JdbcTemplate - Executing prepared SQL statement [SELECT "id" FROM public."CUS_HRImport_Department" WHERE "code" = ?]
2025-12-24 11:35:18 - o.s.jdbc.core.JdbcTemplate - Executing prepared SQL query
2025-12-24 11:35:18 - o.s.jdbc.core.JdbcTemplate - Executing prepared SQL statement [SELECT "tree_level" FROM public."CUS_HRImport_Department" WHERE "id" = ?]
2025-12-24 11:35:18 - o.s.jdbc.core.JdbcTemplate - Executing prepared SQL update
2025-12-24 11:35:18 - o.s.jdbc.core.JdbcTemplate - Executing prepared SQL statement [UPDATE public."TsUser" SET "FName" = ?, "FMobile" = ?, "FDepartmentId" = ?, "U_EmployeeCore" = ?, "FSeatId" = ? WHERE "FLoginName" = ?]
2025-12-24 11:35:18 - o.s.jdbc.core.JdbcTemplate - Executing prepared SQL update
2025-12-24 11:35:18 - o.s.jdbc.core.JdbcTemplate - Executing prepared SQL statement [UPDATE public."TsAccount" SET "FName" = ?, "FMobile" = ? WHERE "FLoginName" = ?]
2025-12-24 11:35:18 - c.c.h.service.HRDataProcessService - 更新員工: 傅亞強 (BK036)
2025-12-24 11:35:18 - c.c.h.service.HRDataProcessService - 處理員工: 侯雅玲 (BG082)
2025-12-24 11:35:18 - o.s.jdbc.core.JdbcTemplate - Executing prepared SQL query
2025-12-24 11:35:18 - o.s.jdbc.core.JdbcTemplate - Executing prepared SQL statement [SELECT COUNT(*) FROM public."TsAccount" WHERE "FLoginName" = ?]
2025-12-24 11:35:18 - o.s.jdbc.core.JdbcTemplate - Executing prepared SQL query
2025-12-24 11:35:18 - o.s.jdbc.core.JdbcTemplate - Executing prepared SQL statement [SELECT "id" FROM public."CUS_HRImport_Department" WHERE "full_name" = ?]
2025-12-24 11:35:18 - o.s.jdbc.core.JdbcTemplate - Executing prepared SQL query
2025-12-24 11:35:18 - o.s.jdbc.core.JdbcTemplate - Executing prepared SQL statement [SELECT "tree_level" FROM public."CUS_HRImport_Department" WHERE "id" = ?]
2025-12-24 11:35:18 - o.s.jdbc.core.JdbcTemplate - Executing prepared SQL update
2025-12-24 11:35:18 - o.s.jdbc.core.JdbcTemplate - Executing prepared SQL statement [UPDATE public."TsUser" SET "FName" = ?, "FMobile" = ?, "FDepartmentId" = ?, "U_EmployeeCore" = ?, "FSeatId" = ? WHERE "FLoginName" = ?]
2025-12-24 11:35:18 - o.s.jdbc.core.JdbcTemplate - Executing prepared SQL update
2025-12-24 11:35:18 - o.s.jdbc.core.JdbcTemplate - Executing prepared SQL statement [UPDATE public."TsAccount" SET "FName" = ?, "FMobile" = ? WHERE "FLoginName" = ?]
2025-12-24 11:35:18 - c.c.h.service.HRDataProcessService - 更新員工: 侯雅玲 (BG082)
2025-12-24 11:35:18 - c.c.h.service.HRDataProcessService - 處理員工: 吳昭典 (CD090)
2025-12-24 11:35:18 - o.s.jdbc.core.JdbcTemplate - Executing prepared SQL query
2025-12-24 11:35:18 - o.s.jdbc.core.JdbcTemplate - Executing prepared SQL statement [SELECT COUNT(*) FROM public."TsAccount" WHERE "FLoginName" = ?]
2025-12-24 11:35:18 - o.s.jdbc.core.JdbcTemplate - Executing prepared SQL query
2025-12-24 11:35:18 - o.s.jdbc.core.JdbcTemplate - Executing prepared SQL statement [SELECT COUNT(*) FROM public."CUS_HRImport_Department" WHERE "code" = ?]
2025-12-24 11:35:18 - o.s.jdbc.core.JdbcTemplate - Executing prepared SQL query
2025-12-24 11:35:18 - o.s.jdbc.core.JdbcTemplate - Executing prepared SQL statement [SELECT COUNT(*) FROM public."CUS_HRImport_Department" WHERE "code" = ?]
2025-12-24 11:35:18 - o.s.jdbc.core.JdbcTemplate - Executing prepared SQL query
2025-12-24 11:35:18 - o.s.jdbc.core.JdbcTemplate - Executing prepared SQL statement [SELECT "id" FROM public."CUS_HRImport_Department" WHERE "code" = ?]
2025-12-24 11:35:18 - o.s.jdbc.core.JdbcTemplate - Executing prepared SQL query
2025-12-24 11:35:18 - o.s.jdbc.core.JdbcTemplate - Executing prepared SQL statement [SELECT "tree_level" FROM public."CUS_HRImport_Department" WHERE "id" = ?]
2025-12-24 11:35:18 - o.s.jdbc.core.JdbcTemplate - Executing prepared SQL update
2025-12-24 11:35:18 - o.s.jdbc.core.JdbcTemplate - Executing prepared SQL statement [UPDATE public."TsUser" SET "FName" = ?, "FMobile" = ?, "FDepartmentId" = ?, "U_EmployeeCore" = ?, "FSeatId" = ? WHERE "FLoginName" = ?]
2025-12-24 11:35:18 - o.s.jdbc.core.JdbcTemplate - Executing prepared SQL update
2025-12-24 11:35:18 - o.s.jdbc.core.JdbcTemplate - Executing prepared SQL statement [UPDATE public."TsAccount" SET "FName" = ?, "FMobile" = ? WHERE "FLoginName" = ?]
2025-12-24 11:35:18 - c.c.h.service.HRDataProcessService - 更新員工: 吳昭典 (CD090)
2025-12-24 11:35:18 - c.c.h.service.HRDataProcessService - 處理員工: 林建璋 (CE034)
2025-12-24 11:35:18 - o.s.jdbc.core.JdbcTemplate - Executing prepared SQL query
2025-12-24 11:35:18 - o.s.jdbc.core.JdbcTemplate - Executing prepared SQL statement [SELECT COUNT(*) FROM public."TsAccount" WHERE "FLoginName" = ?]
2025-12-24 11:35:18 - o.s.jdbc.core.JdbcTemplate - Executing prepared SQL query
2025-12-24 11:35:18 - o.s.jdbc.core.JdbcTemplate - Executing prepared SQL statement [SELECT COUNT(*) FROM public."CUS_HRImport_Department" WHERE "code" = ?]
2025-12-24 11:35:18 - o.s.jdbc.core.JdbcTemplate - Executing prepared SQL query
2025-12-24 11:35:18 - o.s.jdbc.core.JdbcTemplate - Executing prepared SQL statement [SELECT COUNT(*) FROM public."CUS_HRImport_Department" WHERE "code" = ?]
2025-12-24 11:35:18 - o.s.jdbc.core.JdbcTemplate - Executing prepared SQL query
2025-12-24 11:35:18 - o.s.jdbc.core.JdbcTemplate - Executing prepared SQL statement [SELECT "id" FROM public."CUS_HRImport_Department" WHERE "code" = ?]
2025-12-24 11:35:18 - o.s.jdbc.core.JdbcTemplate - Executing prepared SQL query
2025-12-24 11:35:18 - o.s.jdbc.core.JdbcTemplate - Executing prepared SQL statement [SELECT "tree_level" FROM public."CUS_HRImport_Department" WHERE "id" = ?]
2025-12-24 11:35:18 - o.s.jdbc.core.JdbcTemplate - Executing prepared SQL update
2025-12-24 11:35:18 - o.s.jdbc.core.JdbcTemplate - Executing prepared SQL statement [UPDATE public."TsUser" SET "FName" = ?, "FMobile" = ?, "FDepartmentId" = ?, "U_EmployeeCore" = ?, "FSeatId" = ? WHERE "FLoginName" = ?]
2025-12-24 11:35:18 - o.s.jdbc.core.JdbcTemplate - Executing prepared SQL update
2025-12-24 11:35:18 - o.s.jdbc.core.JdbcTemplate - Executing prepared SQL statement [UPDATE public."TsAccount" SET "FName" = ?, "FMobile" = ? WHERE "FLoginName" = ?]
2025-12-24 11:35:18 - c.c.h.service.HRDataProcessService - 更新員工: 林建璋 (CE034)
2025-12-24 11:35:18 - c.c.h.service.HRDataProcessService - 處理員工: 陳銘棋 (CD055)
2025-12-24 11:35:18 - o.s.jdbc.core.JdbcTemplate - Executing prepared SQL query
2025-12-24 11:35:18 - o.s.jdbc.core.JdbcTemplate - Executing prepared SQL statement [SELECT COUNT(*) FROM public."TsAccount" WHERE "FLoginName" = ?]
2025-12-24 11:35:18 - o.s.jdbc.core.JdbcTemplate - Executing prepared SQL query
2025-12-24 11:35:18 - o.s.jdbc.core.JdbcTemplate - Executing prepared SQL statement [SELECT "id" FROM public."CUS_HRImport_Department" WHERE "full_name" = ?]
2025-12-24 11:35:18 - o.s.jdbc.core.JdbcTemplate - Executing prepared SQL query
2025-12-24 11:35:18 - o.s.jdbc.core.JdbcTemplate - Executing prepared SQL statement [SELECT "tree_level" FROM public."CUS_HRImport_Department" WHERE "id" = ?]
2025-12-24 11:35:18 - o.s.jdbc.core.JdbcTemplate - Executing prepared SQL update
2025-12-24 11:35:18 - o.s.jdbc.core.JdbcTemplate - Executing prepared SQL statement [UPDATE public."TsUser" SET "FName" = ?, "FMobile" = ?, "FDepartmentId" = ?, "U_EmployeeCore" = ?, "FSeatId" = ? WHERE "FLoginName" = ?]
2025-12-24 11:35:18 - o.s.jdbc.core.JdbcTemplate - Executing prepared SQL update
2025-12-24 11:35:18 - o.s.jdbc.core.JdbcTemplate - Executing prepared SQL statement [UPDATE public."TsAccount" SET "FName" = ?, "FMobile" = ? WHERE "FLoginName" = ?]
2025-12-24 11:35:18 - c.c.h.service.HRDataProcessService - 更新員工: 陳銘棋 (CD055)
2025-12-24 11:35:18 - c.c.h.service.HRDataProcessService - 處理員工: 劉哲成 (CD058)
2025-12-24 11:35:18 - o.s.jdbc.core.JdbcTemplate - Executing prepared SQL query
2025-12-24 11:35:18 - o.s.jdbc.core.JdbcTemplate - Executing prepared SQL statement [SELECT COUNT(*) FROM public."TsAccount" WHERE "FLoginName" = ?]
2025-12-24 11:35:18 - o.s.jdbc.core.JdbcTemplate - Executing prepared SQL query
2025-12-24 11:35:18 - o.s.jdbc.core.JdbcTemplate - Executing prepared SQL statement [SELECT "id" FROM public."CUS_HRImport_Department" WHERE "full_name" = ?]
2025-12-24 11:35:18 - o.s.jdbc.core.JdbcTemplate - Executing prepared SQL query
2025-12-24 11:35:18 - o.s.jdbc.core.JdbcTemplate - Executing prepared SQL statement [SELECT "tree_level" FROM public."CUS_HRImport_Department" WHERE "id" = ?]
2025-12-24 11:35:18 - o.s.jdbc.core.JdbcTemplate - Executing prepared SQL update
2025-12-24 11:35:18 - o.s.jdbc.core.JdbcTemplate - Executing prepared SQL statement [UPDATE public."TsUser" SET "FName" = ?, "FMobile" = ?, "FDepartmentId" = ?, "U_EmployeeCore" = ?, "FSeatId" = ? WHERE "FLoginName" = ?]
2025-12-24 11:35:18 - o.s.jdbc.core.JdbcTemplate - Executing prepared SQL update
2025-12-24 11:35:18 - o.s.jdbc.core.JdbcTemplate - Executing prepared SQL statement [UPDATE public."TsAccount" SET "FName" = ?, "FMobile" = ? WHERE "FLoginName" = ?]
2025-12-24 11:35:18 - c.c.h.service.HRDataProcessService - 更新員工: 劉哲成 (CD058)
2025-12-24 11:35:18 - c.c.h.service.HRDataProcessService - 處理員工: 蔡淑晴 (CC081)
2025-12-24 11:35:18 - o.s.jdbc.core.JdbcTemplate - Executing prepared SQL query
2025-12-24 11:35:18 - o.s.jdbc.core.JdbcTemplate - Executing prepared SQL statement [SELECT COUNT(*) FROM public."TsAccount" WHERE "FLoginName" = ?]
2025-12-24 11:35:18 - o.s.jdbc.core.JdbcTemplate - Executing prepared SQL query
2025-12-24 11:35:18 - o.s.jdbc.core.JdbcTemplate - Executing prepared SQL statement [SELECT "id" FROM public."CUS_HRImport_Department" WHERE "full_name" = ?]
2025-12-24 11:35:18 - o.s.jdbc.core.JdbcTemplate - Executing prepared SQL query
2025-12-24 11:35:18 - o.s.jdbc.core.JdbcTemplate - Executing prepared SQL statement [SELECT "tree_level" FROM public."CUS_HRImport_Department" WHERE "id" = ?]
2025-12-24 11:35:18 - o.s.jdbc.core.JdbcTemplate - Executing prepared SQL update
2025-12-24 11:35:18 - o.s.jdbc.core.JdbcTemplate - Executing prepared SQL statement [UPDATE public."TsUser" SET "FName" = ?, "FMobile" = ?, "FDepartmentId" = ?, "U_EmployeeCore" = ?, "FSeatId" = ? WHERE "FLoginName" = ?]
2025-12-24 11:35:18 - o.s.jdbc.core.JdbcTemplate - Executing prepared SQL update
2025-12-24 11:35:18 - o.s.jdbc.core.JdbcTemplate - Executing prepared SQL statement [UPDATE public."TsAccount" SET "FName" = ?, "FMobile" = ? WHERE "FLoginName" = ?]
2025-12-24 11:35:18 - c.c.h.service.HRDataProcessService - 更新員工: 蔡淑晴 (CC081)
2025-12-24 11:35:18 - c.c.h.service.HRDataProcessService - 處理員工: 楊達夫 (BD106)
2025-12-24 11:35:18 - o.s.jdbc.core.JdbcTemplate - Executing prepared SQL query
2025-12-24 11:35:18 - o.s.jdbc.core.JdbcTemplate - Executing prepared SQL statement [SELECT COUNT(*) FROM public."TsAccount" WHERE "FLoginName" = ?]
2025-12-24 11:35:18 - o.s.jdbc.core.JdbcTemplate - Executing prepared SQL query
2025-12-24 11:35:18 - o.s.jdbc.core.JdbcTemplate - Executing prepared SQL statement [SELECT "id" FROM public."CUS_HRImport_Department" WHERE "full_name" = ?]
2025-12-24 11:35:18 - o.s.jdbc.core.JdbcTemplate - Executing prepared SQL query
2025-12-24 11:35:18 - o.s.jdbc.core.JdbcTemplate - Executing prepared SQL statement [SELECT "tree_level" FROM public."CUS_HRImport_Department" WHERE "id" = ?]
2025-12-24 11:35:18 - o.s.jdbc.core.JdbcTemplate - Executing prepared SQL update
2025-12-24 11:35:18 - o.s.jdbc.core.JdbcTemplate - Executing prepared SQL statement [UPDATE public."TsUser" SET "FName" = ?, "FMobile" = ?, "FDepartmentId" = ?, "U_EmployeeCore" = ?, "FSeatId" = ? WHERE "FLoginName" = ?]
2025-12-24 11:35:18 - o.s.jdbc.core.JdbcTemplate - Executing prepared SQL update
2025-12-24 11:35:18 - o.s.jdbc.core.JdbcTemplate - Executing prepared SQL statement [UPDATE public."TsAccount" SET "FName" = ?, "FMobile" = ? WHERE "FLoginName" = ?]
2025-12-24 11:35:18 - c.c.h.service.HRDataProcessService - 更新員工: 楊達夫 (BD106)
2025-12-24 11:35:18 - c.c.h.service.HRDataProcessService - 處理員工: 謝承閔 (CE010)
2025-12-24 11:35:18 - o.s.jdbc.core.JdbcTemplate - Executing prepared SQL query
2025-12-24 11:35:18 - o.s.jdbc.core.JdbcTemplate - Executing prepared SQL statement [SELECT COUNT(*) FROM public."TsAccount" WHERE "FLoginName" = ?]
2025-12-24 11:35:18 - o.s.jdbc.core.JdbcTemplate - Executing prepared SQL query
2025-12-24 11:35:18 - o.s.jdbc.core.JdbcTemplate - Executing prepared SQL statement [SELECT "id" FROM public."CUS_HRImport_Department" WHERE "full_name" = ?]
2025-12-24 11:35:18 - o.s.jdbc.core.JdbcTemplate - Executing prepared SQL query
2025-12-24 11:35:18 - o.s.jdbc.core.JdbcTemplate - Executing prepared SQL statement [SELECT "tree_level" FROM public."CUS_HRImport_Department" WHERE "id" = ?]
2025-12-24 11:35:18 - o.s.jdbc.core.JdbcTemplate - Executing prepared SQL update
2025-12-24 11:35:18 - o.s.jdbc.core.JdbcTemplate - Executing prepared SQL statement [UPDATE public."TsUser" SET "FName" = ?, "FMobile" = ?, "FDepartmentId" = ?, "U_EmployeeCore" = ?, "FSeatId" = ? WHERE "FLoginName" = ?]
2025-12-24 11:35:18 - o.s.jdbc.core.JdbcTemplate - Executing prepared SQL update
2025-12-24 11:35:18 - o.s.jdbc.core.JdbcTemplate - Executing prepared SQL statement [UPDATE public."TsAccount" SET "FName" = ?, "FMobile" = ? WHERE "FLoginName" = ?]
2025-12-24 11:35:18 - c.c.h.service.HRDataProcessService - 更新員工: 謝承閔 (CE010)
2025-12-24 11:35:18 - c.c.h.service.HRDataProcessService - 處理員工: 紀宜均 (CF056)
2025-12-24 11:35:18 - o.s.jdbc.core.JdbcTemplate - Executing prepared SQL query
2025-12-24 11:35:18 - o.s.jdbc.core.JdbcTemplate - Executing prepared SQL statement [SELECT COUNT(*) FROM public."TsAccount" WHERE "FLoginName" = ?]
2025-12-24 11:35:18 - o.s.jdbc.core.JdbcTemplate - Executing prepared SQL query
2025-12-24 11:35:18 - o.s.jdbc.core.JdbcTemplate - Executing prepared SQL statement [SELECT "id" FROM public."CUS_HRImport_Department" WHERE "full_name" = ?]
2025-12-24 11:35:18 - o.s.jdbc.core.JdbcTemplate - Executing prepared SQL query
2025-12-24 11:35:18 - o.s.jdbc.core.JdbcTemplate - Executing prepared SQL statement [SELECT "tree_level" FROM public."CUS_HRImport_Department" WHERE "id" = ?]
2025-12-24 11:35:18 - o.s.jdbc.core.JdbcTemplate - Executing prepared SQL update
2025-12-24 11:35:18 - o.s.jdbc.core.JdbcTemplate - Executing prepared SQL statement [UPDATE public."TsUser" SET "FName" = ?, "FMobile" = ?, "FDepartmentId" = ?, "U_EmployeeCore" = ?, "FSeatId" = ? WHERE "FLoginName" = ?]
2025-12-24 11:35:18 - o.s.jdbc.core.JdbcTemplate - Executing prepared SQL update
2025-12-24 11:35:18 - o.s.jdbc.core.JdbcTemplate - Executing prepared SQL statement [UPDATE public."TsAccount" SET "FName" = ?, "FMobile" = ? WHERE "FLoginName" = ?]
2025-12-24 11:35:18 - c.c.h.service.HRDataProcessService - 更新員工: 紀宜均 (CF056)
2025-12-24 11:35:18 - c.c.h.service.HRDataProcessService - 處理員工: 魏文生 (BJ069)
2025-12-24 11:35:18 - o.s.jdbc.core.JdbcTemplate - Executing prepared SQL query
2025-12-24 11:35:18 - o.s.jdbc.core.JdbcTemplate - Executing prepared SQL statement [SELECT COUNT(*) FROM public."TsAccount" WHERE "FLoginName" = ?]
2025-12-24 11:35:18 - o.s.jdbc.core.JdbcTemplate - Executing prepared SQL query
2025-12-24 11:35:18 - o.s.jdbc.core.JdbcTemplate - Executing prepared SQL statement [SELECT "id" FROM public."CUS_HRImport_Department" WHERE "full_name" = ?]
2025-12-24 11:35:18 - o.s.jdbc.core.JdbcTemplate - Executing prepared SQL query
2025-12-24 11:35:18 - o.s.jdbc.core.JdbcTemplate - Executing prepared SQL statement [SELECT "tree_level" FROM public."CUS_HRImport_Department" WHERE "id" = ?]
2025-12-24 11:35:18 - o.s.jdbc.core.JdbcTemplate - Executing prepared SQL update
2025-12-24 11:35:18 - o.s.jdbc.core.JdbcTemplate - Executing prepared SQL statement [UPDATE public."TsUser" SET "FName" = ?, "FMobile" = ?, "FDepartmentId" = ?, "U_EmployeeCore" = ?, "FSeatId" = ? WHERE "FLoginName" = ?]
2025-12-24 11:35:18 - o.s.jdbc.core.JdbcTemplate - Executing prepared SQL update
2025-12-24 11:35:18 - o.s.jdbc.core.JdbcTemplate - Executing prepared SQL statement [UPDATE public."TsAccount" SET "FName" = ?, "FMobile" = ? WHERE "FLoginName" = ?]
2025-12-24 11:35:18 - c.c.h.service.HRDataProcessService - 更新員工: 魏文生 (BJ069)
2025-12-24 11:35:18 - c.c.h.service.HRDataProcessService - 處理員工: 蘇文堂 (BK004)
2025-12-24 11:35:18 - o.s.jdbc.core.JdbcTemplate - Executing prepared SQL query
2025-12-24 11:35:18 - o.s.jdbc.core.JdbcTemplate - Executing prepared SQL statement [SELECT COUNT(*) FROM public."TsAccount" WHERE "FLoginName" = ?]
2025-12-24 11:35:18 - o.s.jdbc.core.JdbcTemplate - Executing prepared SQL query
2025-12-24 11:35:18 - o.s.jdbc.core.JdbcTemplate - Executing prepared SQL statement [SELECT "id" FROM public."CUS_HRImport_Department" WHERE "full_name" = ?]
2025-12-24 11:35:18 - o.s.jdbc.core.JdbcTemplate - Executing prepared SQL query
2025-12-24 11:35:18 - o.s.jdbc.core.JdbcTemplate - Executing prepared SQL statement [SELECT "tree_level" FROM public."CUS_HRImport_Department" WHERE "id" = ?]
2025-12-24 11:35:18 - o.s.jdbc.core.JdbcTemplate - Executing prepared SQL update
2025-12-24 11:35:18 - o.s.jdbc.core.JdbcTemplate - Executing prepared SQL statement [UPDATE public."TsUser" SET "FName" = ?, "FMobile" = ?, "FDepartmentId" = ?, "U_EmployeeCore" = ?, "FSeatId" = ? WHERE "FLoginName" = ?]
2025-12-24 11:35:18 - o.s.jdbc.core.JdbcTemplate - Executing prepared SQL update
2025-12-24 11:35:18 - o.s.jdbc.core.JdbcTemplate - Executing prepared SQL statement [UPDATE public."TsAccount" SET "FName" = ?, "FMobile" = ? WHERE "FLoginName" = ?]
2025-12-24 11:35:18 - c.c.h.service.HRDataProcessService - 更新員工: 蘇文堂 (BK004)
2025-12-24 11:35:18 - c.c.h.service.HRDataProcessService - 處理員工: 李健至 (CD091)
2025-12-24 11:35:18 - o.s.jdbc.core.JdbcTemplate - Executing prepared SQL query
2025-12-24 11:35:18 - o.s.jdbc.core.JdbcTemplate - Executing prepared SQL statement [SELECT COUNT(*) FROM public."TsAccount" WHERE "FLoginName" = ?]
2025-12-24 11:35:18 - o.s.jdbc.core.JdbcTemplate - Executing prepared SQL query
2025-12-24 11:35:18 - o.s.jdbc.core.JdbcTemplate - Executing prepared SQL statement [SELECT "id" FROM public."CUS_HRImport_Department" WHERE "full_name" = ?]
2025-12-24 11:35:18 - o.s.jdbc.core.JdbcTemplate - Executing prepared SQL query
2025-12-24 11:35:18 - o.s.jdbc.core.JdbcTemplate - Executing prepared SQL statement [SELECT "tree_level" FROM public."CUS_HRImport_Department" WHERE "id" = ?]
2025-12-24 11:35:18 - o.s.jdbc.core.JdbcTemplate - Executing prepared SQL update
2025-12-24 11:35:18 - o.s.jdbc.core.JdbcTemplate - Executing prepared SQL statement [UPDATE public."TsUser" SET "FName" = ?, "FMobile" = ?, "FDepartmentId" = ?, "U_EmployeeCore" = ?, "FSeatId" = ? WHERE "FLoginName" = ?]
2025-12-24 11:35:18 - o.s.jdbc.core.JdbcTemplate - Executing prepared SQL update
2025-12-24 11:35:18 - o.s.jdbc.core.JdbcTemplate - Executing prepared SQL statement [UPDATE public."TsAccount" SET "FName" = ?, "FMobile" = ? WHERE "FLoginName" = ?]
2025-12-24 11:35:18 - c.c.h.service.HRDataProcessService - 更新員工: 李健至 (CD091)
2025-12-24 11:35:18 - c.c.h.service.HRDataProcessService - 處理員工: 連士閔 (CD050)
2025-12-24 11:35:18 - o.s.jdbc.core.JdbcTemplate - Executing prepared SQL query
2025-12-24 11:35:18 - o.s.jdbc.core.JdbcTemplate - Executing prepared SQL statement [SELECT COUNT(*) FROM public."TsAccount" WHERE "FLoginName" = ?]
2025-12-24 11:35:18 - o.s.jdbc.core.JdbcTemplate - Executing prepared SQL query
2025-12-24 11:35:18 - o.s.jdbc.core.JdbcTemplate - Executing prepared SQL statement [SELECT "id" FROM public."CUS_HRImport_Department" WHERE "full_name" = ?]
2025-12-24 11:35:18 - o.s.jdbc.core.JdbcTemplate - Executing prepared SQL query
2025-12-24 11:35:18 - o.s.jdbc.core.JdbcTemplate - Executing prepared SQL statement [SELECT "tree_level" FROM public."CUS_HRImport_Department" WHERE "id" = ?]
2025-12-24 11:35:18 - o.s.jdbc.core.JdbcTemplate - Executing prepared SQL update
2025-12-24 11:35:18 - o.s.jdbc.core.JdbcTemplate - Executing prepared SQL statement [UPDATE public."TsUser" SET "FName" = ?, "FMobile" = ?, "FDepartmentId" = ?, "U_EmployeeCore" = ?, "FSeatId" = ? WHERE "FLoginName" = ?]
2025-12-24 11:35:18 - o.s.jdbc.core.JdbcTemplate - Executing prepared SQL update
2025-12-24 11:35:18 - o.s.jdbc.core.JdbcTemplate - Executing prepared SQL statement [UPDATE public."TsAccount" SET "FName" = ?, "FMobile" = ? WHERE "FLoginName" = ?]
2025-12-24 11:35:18 - c.c.h.service.HRDataProcessService - 更新員工: 連士閔 (CD050)
2025-12-24 11:35:18 - c.c.h.service.HRDataProcessService - 處理員工: 周宇文 (CD043)
2025-12-24 11:35:18 - o.s.jdbc.core.JdbcTemplate - Executing prepared SQL query
2025-12-24 11:35:18 - o.s.jdbc.core.JdbcTemplate - Executing prepared SQL statement [SELECT COUNT(*) FROM public."TsAccount" WHERE "FLoginName" = ?]
2025-12-24 11:35:18 - o.s.jdbc.core.JdbcTemplate - Executing prepared SQL query
2025-12-24 11:35:18 - o.s.jdbc.core.JdbcTemplate - Executing prepared SQL statement [SELECT "id" FROM public."CUS_HRImport_Department" WHERE "full_name" = ?]
2025-12-24 11:35:18 - o.s.jdbc.core.JdbcTemplate - Executing prepared SQL query
2025-12-24 11:35:18 - o.s.jdbc.core.JdbcTemplate - Executing prepared SQL statement [SELECT "tree_level" FROM public."CUS_HRImport_Department" WHERE "id" = ?]
2025-12-24 11:35:18 - o.s.jdbc.core.JdbcTemplate - Executing prepared SQL update
2025-12-24 11:35:18 - o.s.jdbc.core.JdbcTemplate - Executing prepared SQL statement [UPDATE public."TsUser" SET "FName" = ?, "FMobile" = ?, "FDepartmentId" = ?, "U_EmployeeCore" = ?, "FSeatId" = ? WHERE "FLoginName" = ?]
2025-12-24 11:35:18 - o.s.jdbc.core.JdbcTemplate - Executing prepared SQL update
2025-12-24 11:35:18 - o.s.jdbc.core.JdbcTemplate - Executing prepared SQL statement [UPDATE public."TsAccount" SET "FName" = ?, "FMobile" = ? WHERE "FLoginName" = ?]
2025-12-24 11:35:18 - c.c.h.service.HRDataProcessService - 更新員工: 周宇文 (CD043)
2025-12-24 11:35:18 - c.c.h.service.HRDataProcessService - 員工資料處理完成: 成功 837 筆, 失敗 3 筆
2025-12-24 11:35:18 - c.c.h.service.HRDataProcessService - 成功處理HR資料檔案: C:\project\testdata\citic\全_英特內人事資料.csv, 有效記錄數: 840
2025-12-24 11:35:18 - c.c.h.service.HRDataProcessService - 已複製檔案到 archive: C:\project\testdata\citic\全_英特內人事資料.csv -> C:\project\testdata\archive\20251224113518-全_英特內人事資料.csv
2025-12-24 11:35:18 - c.c.h.service.HRDataProcessService - 已刪除原始檔案: C:\project\testdata\citic\全_英特內人事資料.csv
2025-12-24 11:35:18 - o.s.orm.jpa.JpaTransactionManager - Initiating transaction commit
2025-12-24 11:35:18 - o.s.orm.jpa.JpaTransactionManager - Committing JPA transaction on EntityManager [SessionImpl(1665584079<open>)]
2025-12-24 11:35:18 - o.h.e.t.internal.TransactionImpl - committing
2025-12-24 11:35:18 - org.postgresql.jdbc.PgConnection -   setAutoCommit = true
2025-12-24 11:35:18 - o.s.orm.jpa.JpaTransactionManager - Closing JPA EntityManager [SessionImpl(1665584079<open>)] after transaction
2025-12-24 11:35:18 - c.c.hrimport.job.ScheduledImportJob - 本機 HR 匯入完成，共處理 1 個 CSV
2025-12-24 11:35:30 - o.quartz.core.QuartzSchedulerThread - batch acquisition of 0 triggers
2025-12-24 11:35:33 - com.zaxxer.hikari.pool.HikariPool - HikariPool-1 - Pool stats (total=10, active=0, idle=10, waiting=0)
2025-12-24 11:35:33 - com.zaxxer.hikari.pool.HikariPool - HikariPool-1 - Fill pool skipped, pool is at sufficient level.
2025-12-24 11:35:58 - o.quartz.core.QuartzSchedulerThread - batch acquisition of 0 triggers
2025-12-24 11:36:00 - c.c.hrimport.job.ScheduledImportJob - 開始執行 HR 匯入（本機路徑） localPath=C:\project\testdata\citic
2025-12-24 11:36:00 - c.c.hrimport.job.ScheduledImportJob - No CSV files found in local path: C:\project\testdata\citic
2025-12-24 11:36:03 - o.a.catalina.session.ManagerBase - Start expire sessions StandardManager at 1766547363054 sessioncount 0
2025-12-24 11:36:03 - o.a.catalina.session.ManagerBase - End expire sessions StandardManager processingTime 1 expired sessions: 0
2025-12-24 11:36:03 - com.zaxxer.hikari.pool.HikariPool - HikariPool-1 - Pool stats (total=10, active=0, idle=10, waiting=0)
2025-12-24 11:36:03 - com.zaxxer.hikari.pool.HikariPool - HikariPool-1 - Fill pool skipped, pool is at sufficient level.
2025-12-24 11:36:23 - o.quartz.core.QuartzSchedulerThread - batch acquisition of 0 triggers
2025-12-24 11:36:33 - com.zaxxer.hikari.pool.HikariPool - HikariPool-1 - Pool stats (total=10, active=0, idle=10, waiting=0)
2025-12-24 11:36:33 - com.zaxxer.hikari.pool.HikariPool - HikariPool-1 - Fill pool skipped, pool is at sufficient level.
2025-12-24 11:36:51 - o.quartz.core.QuartzSchedulerThread - batch acquisition of 0 triggers
2025-12-24 11:37:00 - c.c.hrimport.job.ScheduledImportJob - 開始執行 HR 匯入（本機路徑） localPath=C:\project\testdata\citic
2025-12-24 11:37:00 - c.c.hrimport.job.ScheduledImportJob - No CSV files found in local path: C:\project\testdata\citic
2025-12-24 11:37:03 - o.a.catalina.session.ManagerBase - Start expire sessions StandardManager at 1766547423065 sessioncount 0
2025-12-24 11:37:03 - o.a.catalina.session.ManagerBase - End expire sessions StandardManager processingTime 2 expired sessions: 0
2025-12-24 11:37:03 - com.zaxxer.hikari.pool.HikariPool - HikariPool-1 - Pool stats (total=10, active=0, idle=10, waiting=0)
2025-12-24 11:37:03 - com.zaxxer.hikari.pool.HikariPool - HikariPool-1 - Fill pool skipped, pool is at sufficient level.
2025-12-24 11:37:16 - o.quartz.core.QuartzSchedulerThread - batch acquisition of 0 triggers
2025-12-24 11:37:33 - com.zaxxer.hikari.pool.HikariPool - HikariPool-1 - Pool stats (total=10, active=0, idle=10, waiting=0)
2025-12-24 11:37:33 - com.zaxxer.hikari.pool.HikariPool - HikariPool-1 - Fill pool skipped, pool is at sufficient level.
2025-12-24 11:37:44 - o.quartz.core.QuartzSchedulerThread - batch acquisition of 0 triggers
2025-12-24 11:38:00 - c.c.hrimport.job.ScheduledImportJob - 開始執行 HR 匯入（本機路徑） localPath=C:\project\testdata\citic
2025-12-24 11:38:00 - c.c.hrimport.job.ScheduledImportJob - No CSV files found in local path: C:\project\testdata\citic
2025-12-24 11:38:03 - o.a.catalina.session.ManagerBase - Start expire sessions StandardManager at 1766547483102 sessioncount 0
2025-12-24 11:38:03 - o.a.catalina.session.ManagerBase - End expire sessions StandardManager processingTime 0 expired sessions: 0
2025-12-24 11:38:03 - com.zaxxer.hikari.pool.HikariPool - HikariPool-1 - Pool stats (total=10, active=0, idle=10, waiting=0)
2025-12-24 11:38:03 - com.zaxxer.hikari.pool.HikariPool - HikariPool-1 - Fill pool skipped, pool is at sufficient level.
2025-12-24 11:38:08 - o.quartz.core.QuartzSchedulerThread - batch acquisition of 0 triggers
2025-12-24 11:38:33 - com.zaxxer.hikari.pool.HikariPool - HikariPool-1 - Pool stats (total=10, active=0, idle=10, waiting=0)
2025-12-24 11:38:33 - com.zaxxer.hikari.pool.HikariPool - HikariPool-1 - Fill pool skipped, pool is at sufficient level.
2025-12-24 11:38:35 - o.quartz.core.QuartzSchedulerThread - batch acquisition of 0 triggers
2025-12-24 11:39:00 - c.c.hrimport.job.ScheduledImportJob - 開始執行 HR 匯入（本機路徑） localPath=C:\project\testdata\citic
2025-12-24 11:39:00 - c.c.hrimport.job.ScheduledImportJob - No CSV files found in local path: C:\project\testdata\citic
2025-12-24 11:39:03 - o.a.catalina.session.ManagerBase - Start expire sessions StandardManager at 1766547543114 sessioncount 0
2025-12-24 11:39:03 - o.a.catalina.session.ManagerBase - End expire sessions StandardManager processingTime 1 expired sessions: 0
2025-12-24 11:39:03 - com.zaxxer.hikari.pool.HikariPool - HikariPool-1 - Pool stats (total=10, active=0, idle=10, waiting=0)
2025-12-24 11:39:03 - com.zaxxer.hikari.pool.HikariPool - HikariPool-1 - Fill pool skipped, pool is at sufficient level.
2025-12-24 11:39:05 - o.quartz.core.QuartzSchedulerThread - batch acquisition of 0 triggers
2025-12-24 11:39:33 - com.zaxxer.hikari.pool.HikariPool - HikariPool-1 - Pool stats (total=10, active=0, idle=10, waiting=0)
2025-12-24 11:39:33 - com.zaxxer.hikari.pool.HikariPool - HikariPool-1 - Fill pool skipped, pool is at sufficient level.
2025-12-24 11:39:34 - o.quartz.core.QuartzSchedulerThread - batch acquisition of 0 triggers
2025-12-24 11:40:00 - c.c.hrimport.job.ScheduledImportJob - 開始執行 HR 匯入（本機路徑） localPath=C:\project\testdata\citic
2025-12-24 11:40:00 - c.c.hrimport.job.ScheduledImportJob - No CSV files found in local path: C:\project\testdata\citic
2025-12-24 11:40:03 - o.a.catalina.session.ManagerBase - Start expire sessions StandardManager at 1766547603123 sessioncount 0
2025-12-24 11:40:03 - o.a.catalina.session.ManagerBase - End expire sessions StandardManager processingTime 0 expired sessions: 0
2025-12-24 11:40:03 - com.zaxxer.hikari.pool.HikariPool - HikariPool-1 - Pool stats (total=10, active=0, idle=10, waiting=0)
2025-12-24 11:40:03 - com.zaxxer.hikari.pool.HikariPool - HikariPool-1 - Fill pool skipped, pool is at sufficient level.
2025-12-24 11:40:04 - o.quartz.core.QuartzSchedulerThread - batch acquisition of 0 triggers
2025-12-24 11:40:30 - o.quartz.core.QuartzSchedulerThread - batch acquisition of 0 triggers
2025-12-24 11:40:33 - com.zaxxer.hikari.pool.HikariPool - HikariPool-1 - Pool stats (total=10, active=0, idle=10, waiting=0)
2025-12-24 11:40:33 - com.zaxxer.hikari.pool.HikariPool - HikariPool-1 - Fill pool skipped, pool is at sufficient level.
2025-12-24 11:40:59 - o.quartz.core.QuartzSchedulerThread - batch acquisition of 0 triggers
2025-12-24 11:41:00 - c.c.hrimport.job.ScheduledImportJob - 開始執行 HR 匯入（本機路徑） localPath=C:\project\testdata\citic
2025-12-24 11:41:00 - c.c.hrimport.job.ScheduledImportJob - No CSV files found in local path: C:\project\testdata\citic
2025-12-24 11:41:03 - o.a.catalina.session.ManagerBase - Start expire sessions StandardManager at 1766547663131 sessioncount 0
2025-12-24 11:41:03 - o.a.catalina.session.ManagerBase - End expire sessions StandardManager processingTime 2 expired sessions: 0
2025-12-24 11:41:03 - com.zaxxer.hikari.pool.HikariPool - HikariPool-1 - Pool stats (total=10, active=0, idle=10, waiting=0)
2025-12-24 11:41:03 - com.zaxxer.hikari.pool.HikariPool - HikariPool-1 - Fill pool skipped, pool is at sufficient level.
2025-12-24 11:41:24 - o.quartz.core.QuartzSchedulerThread - batch acquisition of 0 triggers
2025-12-24 11:41:33 - com.zaxxer.hikari.pool.HikariPool - HikariPool-1 - Pool stats (total=10, active=0, idle=10, waiting=0)
2025-12-24 11:41:33 - com.zaxxer.hikari.pool.HikariPool - HikariPool-1 - Fill pool skipped, pool is at sufficient level.
2025-12-24 11:41:52 - o.quartz.core.QuartzSchedulerThread - batch acquisition of 0 triggers
2025-12-24 11:42:00 - c.c.hrimport.job.ScheduledImportJob - 開始執行 HR 匯入（本機路徑） localPath=C:\project\testdata\citic
2025-12-24 11:42:00 - c.c.hrimport.job.ScheduledImportJob - No CSV files found in local path: C:\project\testdata\citic
2025-12-24 11:42:03 - o.a.catalina.session.ManagerBase - Start expire sessions StandardManager at 1766547723153 sessioncount 0
2025-12-24 11:42:03 - o.a.catalina.session.ManagerBase - End expire sessions StandardManager processingTime 0 expired sessions: 0
2025-12-24 11:42:03 - com.zaxxer.hikari.pool.HikariPool - HikariPool-1 - Pool stats (total=10, active=0, idle=10, waiting=0)
2025-12-24 11:42:03 - com.zaxxer.hikari.pool.HikariPool - HikariPool-1 - Fill pool skipped, pool is at sufficient level.
2025-12-24 11:42:18 - o.quartz.core.QuartzSchedulerThread - batch acquisition of 0 triggers
2025-12-24 11:42:33 - com.zaxxer.hikari.pool.HikariPool - HikariPool-1 - Pool stats (total=10, active=0, idle=10, waiting=0)
2025-12-24 11:42:33 - com.zaxxer.hikari.pool.HikariPool - HikariPool-1 - Fill pool skipped, pool is at sufficient level.
2025-12-24 11:42:48 - o.quartz.core.QuartzSchedulerThread - batch acquisition of 0 triggers
2025-12-24 11:43:00 - c.c.hrimport.job.ScheduledImportJob - 開始執行 HR 匯入（本機路徑） localPath=C:\project\testdata\citic
2025-12-24 11:43:00 - c.c.hrimport.job.ScheduledImportJob - No CSV files found in local path: C:\project\testdata\citic
2025-12-24 11:43:03 - o.a.catalina.session.ManagerBase - Start expire sessions StandardManager at 1766547783167 sessioncount 0
2025-12-24 11:43:03 - o.a.catalina.session.ManagerBase - End expire sessions StandardManager processingTime 1 expired sessions: 0
2025-12-24 11:43:03 - com.zaxxer.hikari.pool.HikariPool - HikariPool-1 - Pool stats (total=10, active=0, idle=10, waiting=0)
2025-12-24 11:43:03 - com.zaxxer.hikari.pool.HikariPool - HikariPool-1 - Fill pool skipped, pool is at sufficient level.
2025-12-24 11:43:16 - o.quartz.core.QuartzSchedulerThread - batch acquisition of 0 triggers
2025-12-24 11:43:33 - com.zaxxer.hikari.pool.HikariPool - HikariPool-1 - Pool stats (total=10, active=0, idle=10, waiting=0)
2025-12-24 11:43:33 - com.zaxxer.hikari.pool.HikariPool - HikariPool-1 - Fill pool skipped, pool is at sufficient level.
2025-12-24 11:43:40 - o.quartz.core.QuartzSchedulerThread - batch acquisition of 0 triggers
2025-12-24 11:44:00 - c.c.hrimport.job.ScheduledImportJob - 開始執行 HR 匯入（本機路徑） localPath=C:\project\testdata\citic
2025-12-24 11:44:00 - c.c.hrimport.job.ScheduledImportJob - No CSV files found in local path: C:\project\testdata\citic
2025-12-24 11:44:03 - o.a.catalina.session.ManagerBase - Start expire sessions StandardManager at 1766547843181 sessioncount 0
2025-12-24 11:44:03 - o.a.catalina.session.ManagerBase - End expire sessions StandardManager processingTime 0 expired sessions: 0
2025-12-24 11:44:03 - com.zaxxer.hikari.pool.HikariPool - HikariPool-1 - Pool stats (total=10, active=0, idle=10, waiting=0)
2025-12-24 11:44:03 - com.zaxxer.hikari.pool.HikariPool - HikariPool-1 - Fill pool skipped, pool is at sufficient level.
2025-12-24 11:44:06 - o.quartz.core.QuartzSchedulerThread - batch acquisition of 0 triggers
2025-12-24 11:44:33 - com.zaxxer.hikari.pool.HikariPool - HikariPool-1 - Pool stats (total=10, active=0, idle=10, waiting=0)
2025-12-24 11:44:33 - com.zaxxer.hikari.pool.HikariPool - HikariPool-1 - Fill pool skipped, pool is at sufficient level.
2025-12-24 11:44:34 - o.quartz.core.QuartzSchedulerThread - batch acquisition of 0 triggers
2025-12-24 11:44:58 - o.quartz.core.QuartzSchedulerThread - batch acquisition of 0 triggers
2025-12-24 11:45:00 - c.c.hrimport.job.ScheduledImportJob - 開始執行 HR 匯入（本機路徑） localPath=C:\project\testdata\citic
2025-12-24 11:45:00 - c.c.hrimport.job.ScheduledImportJob - No CSV files found in local path: C:\project\testdata\citic
2025-12-24 11:45:03 - o.a.catalina.session.ManagerBase - Start expire sessions StandardManager at 1766547903191 sessioncount 0
2025-12-24 11:45:03 - o.a.catalina.session.ManagerBase - End expire sessions StandardManager processingTime 0 expired sessions: 0
2025-12-24 11:45:03 - com.zaxxer.hikari.pool.HikariPool - HikariPool-1 - Pool stats (total=10, active=0, idle=10, waiting=0)
2025-12-24 11:45:03 - com.zaxxer.hikari.pool.HikariPool - HikariPool-1 - Fill pool skipped, pool is at sufficient level.
2025-12-24 11:45:27 - o.quartz.core.QuartzSchedulerThread - batch acquisition of 0 triggers
2025-12-24 11:45:33 - com.zaxxer.hikari.pool.HikariPool - HikariPool-1 - Pool stats (total=10, active=0, idle=10, waiting=0)
2025-12-24 11:45:33 - com.zaxxer.hikari.pool.HikariPool - HikariPool-1 - Fill pool skipped, pool is at sufficient level.
2025-12-24 11:45:51 - o.quartz.core.QuartzSchedulerThread - batch acquisition of 0 triggers
2025-12-24 11:46:00 - c.c.hrimport.job.ScheduledImportJob - 開始執行 HR 匯入（本機路徑） localPath=C:\project\testdata\citic
2025-12-24 11:46:00 - c.c.hrimport.job.ScheduledImportJob - No CSV files found in local path: C:\project\testdata\citic
2025-12-24 11:46:03 - o.a.catalina.session.ManagerBase - Start expire sessions StandardManager at 1766547963199 sessioncount 0
2025-12-24 11:46:03 - o.a.catalina.session.ManagerBase - End expire sessions StandardManager processingTime 0 expired sessions: 0
2025-12-24 11:46:03 - com.zaxxer.hikari.pool.HikariPool - HikariPool-1 - Pool stats (total=10, active=0, idle=10, waiting=0)
2025-12-24 11:46:03 - com.zaxxer.hikari.pool.HikariPool - HikariPool-1 - Fill pool skipped, pool is at sufficient level.
2025-12-24 11:46:18 - o.quartz.core.QuartzSchedulerThread - batch acquisition of 0 triggers
2025-12-24 11:46:33 - com.zaxxer.hikari.pool.HikariPool - HikariPool-1 - Pool stats (total=10, active=0, idle=10, waiting=0)
2025-12-24 11:46:33 - com.zaxxer.hikari.pool.HikariPool - HikariPool-1 - Fill pool skipped, pool is at sufficient level.
2025-12-24 11:46:42 - o.quartz.core.QuartzSchedulerThread - batch acquisition of 0 triggers
2025-12-24 11:47:00 - c.c.hrimport.job.ScheduledImportJob - 開始執行 HR 匯入（本機路徑） localPath=C:\project\testdata\citic
2025-12-24 11:47:00 - c.c.hrimport.job.ScheduledImportJob - No CSV files found in local path: C:\project\testdata\citic
2025-12-24 11:47:03 - o.a.catalina.session.ManagerBase - Start expire sessions StandardManager at 1766548023206 sessioncount 0
2025-12-24 11:47:03 - o.a.catalina.session.ManagerBase - End expire sessions StandardManager processingTime 1 expired sessions: 0
2025-12-24 11:47:03 - com.zaxxer.hikari.pool.HikariPool - HikariPool-1 - Pool stats (total=10, active=0, idle=10, waiting=0)
2025-12-24 11:47:03 - com.zaxxer.hikari.pool.HikariPool - HikariPool-1 - Fill pool skipped, pool is at sufficient level.
2025-12-24 11:47:12 - o.quartz.core.QuartzSchedulerThread - batch acquisition of 0 triggers
2025-12-24 11:47:33 - com.zaxxer.hikari.pool.HikariPool - HikariPool-1 - Pool stats (total=10, active=0, idle=10, waiting=0)
2025-12-24 11:47:33 - com.zaxxer.hikari.pool.HikariPool - HikariPool-1 - Fill pool skipped, pool is at sufficient level.
2025-12-24 11:47:38 - o.quartz.core.QuartzSchedulerThread - batch acquisition of 0 triggers
2025-12-24 11:48:00 - c.c.hrimport.job.ScheduledImportJob - 開始執行 HR 匯入（本機路徑） localPath=C:\project\testdata\citic
2025-12-24 11:48:00 - c.c.hrimport.job.ScheduledImportJob - No CSV files found in local path: C:\project\testdata\citic
2025-12-24 11:48:03 - o.a.catalina.session.ManagerBase - Start expire sessions StandardManager at 1766548083214 sessioncount 0
2025-12-24 11:48:03 - o.a.catalina.session.ManagerBase - End expire sessions StandardManager processingTime 0 expired sessions: 0
2025-12-24 11:48:03 - com.zaxxer.hikari.pool.HikariPool - HikariPool-1 - Pool stats (total=10, active=0, idle=10, waiting=0)
2025-12-24 11:48:03 - com.zaxxer.hikari.pool.HikariPool - HikariPool-1 - Fill pool skipped, pool is at sufficient level.
2025-12-24 11:48:05 - o.quartz.core.QuartzSchedulerThread - batch acquisition of 0 triggers
2025-12-24 11:48:32 - o.quartz.core.QuartzSchedulerThread - batch acquisition of 0 triggers
2025-12-24 11:48:33 - com.zaxxer.hikari.pool.HikariPool - HikariPool-1 - Pool stats (total=10, active=0, idle=10, waiting=0)
2025-12-24 11:48:33 - com.zaxxer.hikari.pool.HikariPool - HikariPool-1 - Fill pool skipped, pool is at sufficient level.
2025-12-24 11:48:56 - o.quartz.core.QuartzSchedulerThread - batch acquisition of 0 triggers
2025-12-24 11:49:00 - c.c.hrimport.job.ScheduledImportJob - 開始執行 HR 匯入（本機路徑） localPath=C:\project\testdata\citic
2025-12-24 11:49:00 - c.c.hrimport.job.ScheduledImportJob - No CSV files found in local path: C:\project\testdata\citic
2025-12-24 11:49:03 - o.a.catalina.session.ManagerBase - Start expire sessions StandardManager at 1766548143246 sessioncount 0
2025-12-24 11:49:03 - o.a.catalina.session.ManagerBase - End expire sessions StandardManager processingTime 1 expired sessions: 0
2025-12-24 11:49:03 - com.zaxxer.hikari.pool.HikariPool - HikariPool-1 - Pool stats (total=10, active=0, idle=10, waiting=0)
2025-12-24 11:49:03 - com.zaxxer.hikari.pool.HikariPool - HikariPool-1 - Fill pool skipped, pool is at sufficient level.
2025-12-24 11:49:21 - o.quartz.core.QuartzSchedulerThread - batch acquisition of 0 triggers
2025-12-24 11:49:33 - com.zaxxer.hikari.pool.HikariPool - HikariPool-1 - Pool stats (total=10, active=0, idle=10, waiting=0)
2025-12-24 11:49:33 - com.zaxxer.hikari.pool.HikariPool - HikariPool-1 - Fill pool skipped, pool is at sufficient level.
2025-12-24 11:49:48 - o.quartz.core.QuartzSchedulerThread - batch acquisition of 0 triggers
2025-12-24 11:50:00 - c.c.hrimport.job.ScheduledImportJob - 開始執行 HR 匯入（本機路徑） localPath=C:\project\testdata\citic
2025-12-24 11:50:00 - c.c.hrimport.job.ScheduledImportJob - No CSV files found in local path: C:\project\testdata\citic
2025-12-24 11:50:03 - o.a.catalina.session.ManagerBase - Start expire sessions StandardManager at 1766548203256 sessioncount 0
2025-12-24 11:50:03 - o.a.catalina.session.ManagerBase - End expire sessions StandardManager processingTime 0 expired sessions: 0
2025-12-24 11:50:03 - com.zaxxer.hikari.pool.HikariPool - HikariPool-1 - Pool stats (total=10, active=0, idle=10, waiting=0)
2025-12-24 11:50:03 - com.zaxxer.hikari.pool.HikariPool - HikariPool-1 - Fill pool skipped, pool is at sufficient level.
2025-12-24 11:50:15 - o.quartz.core.QuartzSchedulerThread - batch acquisition of 0 triggers
2025-12-24 11:50:33 - com.zaxxer.hikari.pool.HikariPool - HikariPool-1 - Pool stats (total=10, active=0, idle=10, waiting=0)
2025-12-24 11:50:33 - com.zaxxer.hikari.pool.HikariPool - HikariPool-1 - Fill pool skipped, pool is at sufficient level.
2025-12-24 11:50:44 - o.quartz.core.QuartzSchedulerThread - batch acquisition of 0 triggers
2025-12-24 11:51:00 - c.c.hrimport.job.ScheduledImportJob - 開始執行 HR 匯入（本機路徑） localPath=C:\project\testdata\citic
2025-12-24 11:51:00 - c.c.hrimport.job.ScheduledImportJob - No CSV files found in local path: C:\project\testdata\citic
2025-12-24 11:51:03 - o.a.catalina.session.ManagerBase - Start expire sessions StandardManager at 1766548263266 sessioncount 0
2025-12-24 11:51:03 - o.a.catalina.session.ManagerBase - End expire sessions StandardManager processingTime 0 expired sessions: 0
2025-12-24 11:51:03 - com.zaxxer.hikari.pool.HikariPool - HikariPool-1 - Pool stats (total=10, active=0, idle=10, waiting=0)
2025-12-24 11:51:03 - com.zaxxer.hikari.pool.HikariPool - HikariPool-1 - Fill pool skipped, pool is at sufficient level.
2025-12-24 11:51:09 - o.quartz.core.QuartzSchedulerThread - batch acquisition of 0 triggers
2025-12-24 11:51:33 - com.zaxxer.hikari.pool.HikariPool - HikariPool-1 - Pool stats (total=10, active=0, idle=10, waiting=0)
2025-12-24 11:51:33 - com.zaxxer.hikari.pool.HikariPool - HikariPool-1 - Fill pool skipped, pool is at sufficient level.
2025-12-24 11:51:36 - o.quartz.core.QuartzSchedulerThread - batch acquisition of 0 triggers
2025-12-24 11:52:00 - c.c.hrimport.job.ScheduledImportJob - 開始執行 HR 匯入（本機路徑） localPath=C:\project\testdata\citic
2025-12-24 11:52:00 - c.c.hrimport.job.ScheduledImportJob - No CSV files found in local path: C:\project\testdata\citic
2025-12-24 11:52:02 - o.quartz.core.QuartzSchedulerThread - batch acquisition of 0 triggers
2025-12-24 11:52:03 - o.a.catalina.session.ManagerBase - Start expire sessions StandardManager at 1766548323275 sessioncount 0
2025-12-24 11:52:03 - o.a.catalina.session.ManagerBase - End expire sessions StandardManager processingTime 1 expired sessions: 0
2025-12-24 11:52:03 - com.zaxxer.hikari.pool.HikariPool - HikariPool-1 - Pool stats (total=10, active=0, idle=10, waiting=0)
2025-12-24 11:52:03 - com.zaxxer.hikari.pool.HikariPool - HikariPool-1 - Fill pool skipped, pool is at sufficient level.
2025-12-24 11:52:25 - o.quartz.core.QuartzSchedulerThread - batch acquisition of 0 triggers
2025-12-24 11:52:33 - com.zaxxer.hikari.pool.HikariPool - HikariPool-1 - Pool stats (total=10, active=0, idle=10, waiting=0)
2025-12-24 11:52:33 - com.zaxxer.hikari.pool.HikariPool - HikariPool-1 - Fill pool skipped, pool is at sufficient level.
2025-12-24 11:52:49 - o.quartz.core.QuartzSchedulerThread - batch acquisition of 0 triggers
2025-12-24 11:53:00 - c.c.hrimport.job.ScheduledImportJob - 開始執行 HR 匯入（本機路徑） localPath=C:\project\testdata\citic
2025-12-24 11:53:00 - c.c.hrimport.job.ScheduledImportJob - No CSV files found in local path: C:\project\testdata\citic
2025-12-24 11:53:03 - o.a.catalina.session.ManagerBase - Start expire sessions StandardManager at 1766548383286 sessioncount 0
2025-12-24 11:53:03 - o.a.catalina.session.ManagerBase - End expire sessions StandardManager processingTime 0 expired sessions: 0
2025-12-24 11:53:03 - com.zaxxer.hikari.pool.HikariPool - HikariPool-1 - Pool stats (total=10, active=0, idle=10, waiting=0)
2025-12-24 11:53:03 - com.zaxxer.hikari.pool.HikariPool - HikariPool-1 - Fill pool skipped, pool is at sufficient level.
2025-12-24 11:53:18 - o.quartz.core.QuartzSchedulerThread - batch acquisition of 0 triggers
2025-12-24 11:53:33 - com.zaxxer.hikari.pool.HikariPool - HikariPool-1 - Pool stats (total=10, active=0, idle=10, waiting=0)
2025-12-24 11:53:33 - com.zaxxer.hikari.pool.HikariPool - HikariPool-1 - Fill pool skipped, pool is at sufficient level.
2025-12-24 11:53:46 - o.quartz.core.QuartzSchedulerThread - batch acquisition of 0 triggers
2025-12-24 11:54:00 - c.c.hrimport.job.ScheduledImportJob - 開始執行 HR 匯入（本機路徑） localPath=C:\project\testdata\citic
2025-12-24 11:54:00 - c.c.hrimport.job.ScheduledImportJob - No CSV files found in local path: C:\project\testdata\citic
2025-12-24 11:54:03 - o.a.catalina.session.ManagerBase - Start expire sessions StandardManager at 1766548443325 sessioncount 0
2025-12-24 11:54:03 - o.a.catalina.session.ManagerBase - End expire sessions StandardManager processingTime 2 expired sessions: 0
2025-12-24 11:54:03 - com.zaxxer.hikari.pool.HikariPool - HikariPool-1 - Pool stats (total=10, active=0, idle=10, waiting=0)
2025-12-24 11:54:03 - com.zaxxer.hikari.pool.HikariPool - HikariPool-1 - Fill pool skipped, pool is at sufficient level.
2025-12-24 11:54:09 - o.quartz.core.QuartzSchedulerThread - batch acquisition of 0 triggers
2025-12-24 11:54:33 - o.quartz.core.QuartzSchedulerThread - batch acquisition of 0 triggers
2025-12-24 11:54:33 - com.zaxxer.hikari.pool.HikariPool - HikariPool-1 - Pool stats (total=10, active=0, idle=10, waiting=0)
2025-12-24 11:54:33 - com.zaxxer.hikari.pool.HikariPool - HikariPool-1 - Fill pool skipped, pool is at sufficient level.
2025-12-24 11:54:59 - o.quartz.core.QuartzSchedulerThread - batch acquisition of 0 triggers
2025-12-24 11:55:00 - c.c.hrimport.job.ScheduledImportJob - 開始執行 HR 匯入（本機路徑） localPath=C:\project\testdata\citic
2025-12-24 11:55:00 - c.c.hrimport.job.ScheduledImportJob - No CSV files found in local path: C:\project\testdata\citic
2025-12-24 11:55:03 - o.a.catalina.session.ManagerBase - Start expire sessions StandardManager at 1766548503374 sessioncount 0
2025-12-24 11:55:03 - o.a.catalina.session.ManagerBase - End expire sessions StandardManager processingTime 0 expired sessions: 0
2025-12-24 11:55:03 - com.zaxxer.hikari.pool.HikariPool - HikariPool-1 - Pool stats (total=10, active=0, idle=10, waiting=0)
2025-12-24 11:55:03 - com.zaxxer.hikari.pool.HikariPool - HikariPool-1 - Fill pool skipped, pool is at sufficient level.
2025-12-24 11:55:28 - o.quartz.core.QuartzSchedulerThread - batch acquisition of 0 triggers
2025-12-24 11:55:34 - com.zaxxer.hikari.pool.HikariPool - HikariPool-1 - Pool stats (total=10, active=0, idle=10, waiting=0)
2025-12-24 11:55:34 - com.zaxxer.hikari.pool.HikariPool - HikariPool-1 - Fill pool skipped, pool is at sufficient level.
2025-12-24 11:55:57 - o.quartz.core.QuartzSchedulerThread - batch acquisition of 0 triggers
2025-12-24 11:56:00 - c.c.hrimport.job.ScheduledImportJob - 開始執行 HR 匯入（本機路徑） localPath=C:\project\testdata\citic
2025-12-24 11:56:00 - c.c.hrimport.job.ScheduledImportJob - No CSV files found in local path: C:\project\testdata\citic
2025-12-24 11:56:03 - o.a.catalina.session.ManagerBase - Start expire sessions StandardManager at 1766548563384 sessioncount 0
2025-12-24 11:56:03 - o.a.catalina.session.ManagerBase - End expire sessions StandardManager processingTime 0 expired sessions: 0
2025-12-24 11:56:04 - com.zaxxer.hikari.pool.HikariPool - HikariPool-1 - Pool stats (total=10, active=0, idle=10, waiting=0)
2025-12-24 11:56:04 - com.zaxxer.hikari.pool.HikariPool - HikariPool-1 - Fill pool skipped, pool is at sufficient level.
2025-12-24 11:56:23 - o.quartz.core.QuartzSchedulerThread - batch acquisition of 0 triggers
2025-12-24 11:56:34 - com.zaxxer.hikari.pool.HikariPool - HikariPool-1 - Pool stats (total=10, active=0, idle=10, waiting=0)
2025-12-24 11:56:34 - com.zaxxer.hikari.pool.HikariPool - HikariPool-1 - Fill pool skipped, pool is at sufficient level.
2025-12-24 11:56:52 - o.quartz.core.QuartzSchedulerThread - batch acquisition of 0 triggers
2025-12-24 11:57:00 - c.c.hrimport.job.ScheduledImportJob - 開始執行 HR 匯入（本機路徑） localPath=C:\project\testdata\citic
2025-12-24 11:57:00 - c.c.hrimport.job.ScheduledImportJob - No CSV files found in local path: C:\project\testdata\citic
2025-12-24 11:57:03 - o.a.catalina.session.ManagerBase - Start expire sessions StandardManager at 1766548623391 sessioncount 0
2025-12-24 11:57:03 - o.a.catalina.session.ManagerBase - End expire sessions StandardManager processingTime 1 expired sessions: 0
2025-12-24 11:57:04 - com.zaxxer.hikari.pool.HikariPool - HikariPool-1 - Pool stats (total=10, active=0, idle=10, waiting=0)
2025-12-24 11:57:04 - com.zaxxer.hikari.pool.HikariPool - HikariPool-1 - Fill pool skipped, pool is at sufficient level.
2025-12-24 11:57:21 - o.quartz.core.QuartzSchedulerThread - batch acquisition of 0 triggers
2025-12-24 11:57:34 - com.zaxxer.hikari.pool.HikariPool - HikariPool-1 - Pool stats (total=10, active=0, idle=10, waiting=0)
2025-12-24 11:57:34 - com.zaxxer.hikari.pool.HikariPool - HikariPool-1 - Fill pool skipped, pool is at sufficient level.
2025-12-24 11:57:48 - o.quartz.core.QuartzSchedulerThread - batch acquisition of 0 triggers
2025-12-24 11:58:00 - c.c.hrimport.job.ScheduledImportJob - 開始執行 HR 匯入（本機路徑） localPath=C:\project\testdata\citic
2025-12-24 11:58:00 - c.c.hrimport.job.ScheduledImportJob - No CSV files found in local path: C:\project\testdata\citic
2025-12-24 11:58:03 - o.a.catalina.session.ManagerBase - Start expire sessions StandardManager at 1766548683401 sessioncount 0
2025-12-24 11:58:03 - o.a.catalina.session.ManagerBase - End expire sessions StandardManager processingTime 1 expired sessions: 0
2025-12-24 11:58:04 - com.zaxxer.hikari.pool.HikariPool - HikariPool-1 - Pool stats (total=10, active=0, idle=10, waiting=0)
2025-12-24 11:58:04 - com.zaxxer.hikari.pool.HikariPool - HikariPool-1 - Fill pool skipped, pool is at sufficient level.
2025-12-24 11:58:16 - o.quartz.core.QuartzSchedulerThread - batch acquisition of 0 triggers
2025-12-24 11:58:34 - com.zaxxer.hikari.pool.HikariPool - HikariPool-1 - Pool stats (total=10, active=0, idle=10, waiting=0)
2025-12-24 11:58:34 - com.zaxxer.hikari.pool.HikariPool - HikariPool-1 - Fill pool skipped, pool is at sufficient level.
2025-12-24 11:58:41 - o.quartz.core.QuartzSchedulerThread - batch acquisition of 0 triggers
2025-12-24 11:59:00 - c.c.hrimport.job.ScheduledImportJob - 開始執行 HR 匯入（本機路徑） localPath=C:\project\testdata\citic
2025-12-24 11:59:00 - c.c.hrimport.job.ScheduledImportJob - No CSV files found in local path: C:\project\testdata\citic
2025-12-24 11:59:03 - o.a.catalina.session.ManagerBase - Start expire sessions StandardManager at 1766548743509 sessioncount 0
2025-12-24 11:59:03 - o.a.catalina.session.ManagerBase - End expire sessions StandardManager processingTime 0 expired sessions: 0
2025-12-24 11:59:04 - com.zaxxer.hikari.pool.HikariPool - HikariPool-1 - Pool stats (total=10, active=0, idle=10, waiting=0)
2025-12-24 11:59:04 - com.zaxxer.hikari.pool.HikariPool - HikariPool-1 - Fill pool skipped, pool is at sufficient level.
2025-12-24 11:59:10 - o.quartz.core.QuartzSchedulerThread - batch acquisition of 0 triggers
2025-12-24 11:59:34 - com.zaxxer.hikari.pool.HikariPool - HikariPool-1 - Pool stats (total=10, active=0, idle=10, waiting=0)
2025-12-24 11:59:34 - com.zaxxer.hikari.pool.HikariPool - HikariPool-1 - Fill pool skipped, pool is at sufficient level.
2025-12-24 11:59:38 - o.quartz.core.QuartzSchedulerThread - batch acquisition of 0 triggers
2025-12-24 12:00:00 - c.c.hrimport.job.ScheduledImportJob - 開始執行 HR 匯入（本機路徑） localPath=C:\project\testdata\citic
2025-12-24 12:00:00 - c.c.hrimport.job.ScheduledImportJob - No CSV files found in local path: C:\project\testdata\citic
2025-12-24 12:00:03 - o.a.catalina.session.ManagerBase - Start expire sessions StandardManager at 1766548803518 sessioncount 0
2025-12-24 12:00:03 - o.a.catalina.session.ManagerBase - End expire sessions StandardManager processingTime 0 expired sessions: 0
2025-12-24 12:00:04 - com.zaxxer.hikari.pool.HikariPool - HikariPool-1 - Pool stats (total=10, active=0, idle=10, waiting=0)
2025-12-24 12:00:04 - com.zaxxer.hikari.pool.HikariPool - HikariPool-1 - Fill pool skipped, pool is at sufficient level.
2025-12-24 12:00:07 - o.quartz.core.QuartzSchedulerThread - batch acquisition of 0 triggers
2025-12-24 12:00:32 - o.quartz.core.QuartzSchedulerThread - batch acquisition of 0 triggers
2025-12-24 12:00:34 - com.zaxxer.hikari.pool.HikariPool - HikariPool-1 - Pool stats (total=10, active=0, idle=10, waiting=0)
2025-12-24 12:00:34 - com.zaxxer.hikari.pool.HikariPool - HikariPool-1 - Fill pool skipped, pool is at sufficient level.
2025-12-24 12:00:56 - o.quartz.core.QuartzSchedulerThread - batch acquisition of 0 triggers
2025-12-24 12:01:00 - c.c.hrimport.job.ScheduledImportJob - 開始執行 HR 匯入（本機路徑） localPath=C:\project\testdata\citic
2025-12-24 12:01:03 - o.a.catalina.session.ManagerBase - Start expire sessions StandardManager at 1766548863541 sessioncount 0
2025-12-24 12:01:03 - o.a.catalina.session.ManagerBase - End expire sessions StandardManager processingTime 1 expired sessions: 0
2025-12-24 12:01:04 - com.zaxxer.hikari.pool.HikariPool - HikariPool-1 - Pool stats (total=10, active=0, idle=10, waiting=0)
2025-12-24 12:01:04 - com.zaxxer.hikari.pool.HikariPool - HikariPool-1 - Fill pool skipped, pool is at sufficient level.
2025-12-24 12:01:06 - c.c.hrimport.job.ScheduledImportJob - No CSV files found in local path: C:\project\testdata\citic
2025-12-24 12:01:25 - o.quartz.core.QuartzSchedulerThread - batch acquisition of 0 triggers
2025-12-24 12:01:34 - com.zaxxer.hikari.pool.HikariPool - HikariPool-1 - Pool stats (total=10, active=0, idle=10, waiting=0)
2025-12-24 12:01:34 - com.zaxxer.hikari.pool.HikariPool - HikariPool-1 - Fill pool skipped, pool is at sufficient level.
2025-12-24 12:01:52 - o.quartz.core.QuartzSchedulerThread - batch acquisition of 0 triggers
2025-12-24 12:02:00 - c.c.hrimport.job.ScheduledImportJob - 開始執行 HR 匯入（本機路徑） localPath=C:\project\testdata\citic
2025-12-24 12:02:00 - c.c.hrimport.job.ScheduledImportJob - No CSV files found in local path: C:\project\testdata\citic
2025-12-24 12:02:03 - o.a.catalina.session.ManagerBase - Start expire sessions StandardManager at 1766548923565 sessioncount 0
2025-12-24 12:02:03 - o.a.catalina.session.ManagerBase - End expire sessions StandardManager processingTime 0 expired sessions: 0
2025-12-24 12:02:04 - com.zaxxer.hikari.pool.HikariPool - HikariPool-1 - Pool stats (total=10, active=0, idle=10, waiting=0)
2025-12-24 12:02:04 - com.zaxxer.hikari.pool.HikariPool - HikariPool-1 - Fill pool skipped, pool is at sufficient level.
2025-12-24 12:02:22 - o.quartz.core.QuartzSchedulerThread - batch acquisition of 0 triggers
2025-12-24 12:02:34 - com.zaxxer.hikari.pool.HikariPool - HikariPool-1 - Pool stats (total=10, active=0, idle=10, waiting=0)
2025-12-24 12:02:34 - com.zaxxer.hikari.pool.HikariPool - HikariPool-1 - Fill pool skipped, pool is at sufficient level.
2025-12-24 12:02:51 - o.quartz.core.QuartzSchedulerThread - batch acquisition of 0 triggers
2025-12-24 12:03:00 - c.c.hrimport.job.ScheduledImportJob - 開始執行 HR 匯入（本機路徑） localPath=C:\project\testdata\citic
2025-12-24 12:03:00 - c.c.hrimport.job.ScheduledImportJob - No CSV files found in local path: C:\project\testdata\citic
2025-12-24 12:03:03 - o.a.catalina.session.ManagerBase - Start expire sessions StandardManager at 1766548983571 sessioncount 0
2025-12-24 12:03:03 - o.a.catalina.session.ManagerBase - End expire sessions StandardManager processingTime 1 expired sessions: 0
2025-12-24 12:03:04 - com.zaxxer.hikari.pool.HikariPool - HikariPool-1 - Pool stats (total=10, active=0, idle=10, waiting=0)
2025-12-24 12:03:04 - com.zaxxer.hikari.pool.HikariPool - HikariPool-1 - Fill pool skipped, pool is at sufficient level.
2025-12-24 12:03:18 - o.quartz.core.QuartzSchedulerThread - batch acquisition of 0 triggers
2025-12-24 12:03:19 - com.zaxxer.hikari.pool.PoolBase - HikariPool-1 - Closing connection org.postgresql.jdbc.PgConnection@11ebb034: (connection has passed maxLifetime)
2025-12-24 12:03:19 - org.postgresql.Driver - Connecting with URL: jdbc:postgresql://192.168.112.146:5432/ai3ecp
2025-12-24 12:03:19 - org.postgresql.jdbc.PgConnection - PostgreSQL JDBC Driver 42.3.8
2025-12-24 12:03:19 - org.postgresql.jdbc.PgConnection -   setDefaultFetchSize = 0
2025-12-24 12:03:19 - org.postgresql.jdbc.PgConnection -   setPrepareThreshold = 5
2025-12-24 12:03:19 - o.p.core.v3.ConnectionFactoryImpl - Trying to establish a protocol version 3 connection to 192.168.112.146:5432
2025-12-24 12:03:19 - o.p.core.v3.ConnectionFactoryImpl - Receive Buffer Size is 65,536
2025-12-24 12:03:19 - o.p.core.v3.ConnectionFactoryImpl - Send Buffer Size is 65,536
2025-12-24 12:03:19 - com.zaxxer.hikari.pool.HikariPool - HikariPool-1 - Added connection org.postgresql.jdbc.PgConnection@52e1fc9d
2025-12-24 12:03:23 - com.zaxxer.hikari.pool.PoolBase - HikariPool-1 - Closing connection org.postgresql.jdbc.PgConnection@2b05bbb1: (connection has passed maxLifetime)
2025-12-24 12:03:23 - org.postgresql.Driver - Connecting with URL: jdbc:postgresql://192.168.112.146:5432/ai3ecp
2025-12-24 12:03:23 - org.postgresql.jdbc.PgConnection - PostgreSQL JDBC Driver 42.3.8
2025-12-24 12:03:23 - org.postgresql.jdbc.PgConnection -   setDefaultFetchSize = 0
2025-12-24 12:03:23 - org.postgresql.jdbc.PgConnection -   setPrepareThreshold = 5
2025-12-24 12:03:23 - o.p.core.v3.ConnectionFactoryImpl - Trying to establish a protocol version 3 connection to 192.168.112.146:5432
2025-12-24 12:03:23 - o.p.core.v3.ConnectionFactoryImpl - Receive Buffer Size is 65,536
2025-12-24 12:03:23 - o.p.core.v3.ConnectionFactoryImpl - Send Buffer Size is 65,536
2025-12-24 12:03:23 - com.zaxxer.hikari.pool.HikariPool - HikariPool-1 - Added connection org.postgresql.jdbc.PgConnection@5c2618b1
2025-12-24 12:03:23 - com.zaxxer.hikari.pool.PoolBase - HikariPool-1 - Closing connection org.postgresql.jdbc.PgConnection@5e115fbd: (connection has passed maxLifetime)
2025-12-24 12:03:23 - org.postgresql.Driver - Connecting with URL: jdbc:postgresql://192.168.112.146:5432/ai3ecp
2025-12-24 12:03:23 - org.postgresql.jdbc.PgConnection - PostgreSQL JDBC Driver 42.3.8
2025-12-24 12:03:23 - org.postgresql.jdbc.PgConnection -   setDefaultFetchSize = 0
2025-12-24 12:03:23 - org.postgresql.jdbc.PgConnection -   setPrepareThreshold = 5
2025-12-24 12:03:23 - o.p.core.v3.ConnectionFactoryImpl - Trying to establish a protocol version 3 connection to 192.168.112.146:5432
2025-12-24 12:03:23 - o.p.core.v3.ConnectionFactoryImpl - Receive Buffer Size is 65,536
2025-12-24 12:03:23 - o.p.core.v3.ConnectionFactoryImpl - Send Buffer Size is 65,536
2025-12-24 12:03:23 - com.zaxxer.hikari.pool.HikariPool - HikariPool-1 - Added connection org.postgresql.jdbc.PgConnection@581997ed
2025-12-24 12:03:34 - com.zaxxer.hikari.pool.HikariPool - HikariPool-1 - Pool stats (total=10, active=0, idle=10, waiting=0)
2025-12-24 12:03:34 - com.zaxxer.hikari.pool.HikariPool - HikariPool-1 - Fill pool skipped, pool is at sufficient level.
2025-12-24 12:03:42 - com.zaxxer.hikari.pool.PoolBase - HikariPool-1 - Closing connection org.postgresql.jdbc.PgConnection@3de222e3: (connection has passed maxLifetime)
2025-12-24 12:03:42 - org.postgresql.Driver - Connecting with URL: jdbc:postgresql://192.168.112.146:5432/ai3ecp
2025-12-24 12:03:42 - org.postgresql.jdbc.PgConnection - PostgreSQL JDBC Driver 42.3.8
2025-12-24 12:03:42 - org.postgresql.jdbc.PgConnection -   setDefaultFetchSize = 0
2025-12-24 12:03:42 - org.postgresql.jdbc.PgConnection -   setPrepareThreshold = 5
2025-12-24 12:03:42 - o.p.core.v3.ConnectionFactoryImpl - Trying to establish a protocol version 3 connection to 192.168.112.146:5432
2025-12-24 12:03:42 - o.p.core.v3.ConnectionFactoryImpl - Receive Buffer Size is 65,536
2025-12-24 12:03:42 - o.p.core.v3.ConnectionFactoryImpl - Send Buffer Size is 65,536
2025-12-24 12:03:42 - com.zaxxer.hikari.pool.HikariPool - HikariPool-1 - Added connection org.postgresql.jdbc.PgConnection@7970b987
2025-12-24 12:03:44 - com.zaxxer.hikari.pool.PoolBase - HikariPool-1 - Closing connection org.postgresql.jdbc.PgConnection@32ec9c90: (connection has passed maxLifetime)
2025-12-24 12:03:44 - org.postgresql.Driver - Connecting with URL: jdbc:postgresql://192.168.112.146:5432/ai3ecp
2025-12-24 12:03:44 - org.postgresql.jdbc.PgConnection - PostgreSQL JDBC Driver 42.3.8
2025-12-24 12:03:44 - org.postgresql.jdbc.PgConnection -   setDefaultFetchSize = 0
2025-12-24 12:03:44 - org.postgresql.jdbc.PgConnection -   setPrepareThreshold = 5
2025-12-24 12:03:44 - o.p.core.v3.ConnectionFactoryImpl - Trying to establish a protocol version 3 connection to 192.168.112.146:5432
2025-12-24 12:03:44 - o.p.core.v3.ConnectionFactoryImpl - Receive Buffer Size is 65,536
2025-12-24 12:03:44 - o.p.core.v3.ConnectionFactoryImpl - Send Buffer Size is 65,536
2025-12-24 12:03:44 - com.zaxxer.hikari.pool.HikariPool - HikariPool-1 - Added connection org.postgresql.jdbc.PgConnection@77b758d9
2025-12-24 12:03:44 - o.quartz.core.QuartzSchedulerThread - batch acquisition of 0 triggers
2025-12-24 12:03:44 - com.zaxxer.hikari.pool.PoolBase - HikariPool-1 - Closing connection org.postgresql.jdbc.PgConnection@54e934cd: (connection has passed maxLifetime)
2025-12-24 12:03:44 - org.postgresql.Driver - Connecting with URL: jdbc:postgresql://192.168.112.146:5432/ai3ecp
2025-12-24 12:03:44 - org.postgresql.jdbc.PgConnection - PostgreSQL JDBC Driver 42.3.8
2025-12-24 12:03:44 - org.postgresql.jdbc.PgConnection -   setDefaultFetchSize = 0
2025-12-24 12:03:44 - org.postgresql.jdbc.PgConnection -   setPrepareThreshold = 5
2025-12-24 12:03:44 - o.p.core.v3.ConnectionFactoryImpl - Trying to establish a protocol version 3 connection to 192.168.112.146:5432
2025-12-24 12:03:44 - o.p.core.v3.ConnectionFactoryImpl - Receive Buffer Size is 65,536
2025-12-24 12:03:44 - o.p.core.v3.ConnectionFactoryImpl - Send Buffer Size is 65,536
2025-12-24 12:03:44 - com.zaxxer.hikari.pool.HikariPool - HikariPool-1 - Added connection org.postgresql.jdbc.PgConnection@7388d2f7
2025-12-24 12:03:53 - com.zaxxer.hikari.pool.PoolBase - HikariPool-1 - Closing connection org.postgresql.jdbc.PgConnection@50d6ba0f: (connection has passed maxLifetime)
2025-12-24 12:03:53 - org.postgresql.Driver - Connecting with URL: jdbc:postgresql://192.168.112.146:5432/ai3ecp
2025-12-24 12:03:53 - org.postgresql.jdbc.PgConnection - PostgreSQL JDBC Driver 42.3.8
2025-12-24 12:03:53 - org.postgresql.jdbc.PgConnection -   setDefaultFetchSize = 0
2025-12-24 12:03:53 - org.postgresql.jdbc.PgConnection -   setPrepareThreshold = 5
2025-12-24 12:03:53 - o.p.core.v3.ConnectionFactoryImpl - Trying to establish a protocol version 3 connection to 192.168.112.146:5432
2025-12-24 12:03:53 - o.p.core.v3.ConnectionFactoryImpl - Receive Buffer Size is 65,536
2025-12-24 12:03:53 - o.p.core.v3.ConnectionFactoryImpl - Send Buffer Size is 65,536
2025-12-24 12:03:53 - com.zaxxer.hikari.pool.HikariPool - HikariPool-1 - Added connection org.postgresql.jdbc.PgConnection@50d8fb8
2025-12-24 12:03:55 - com.zaxxer.hikari.pool.PoolBase - HikariPool-1 - Closing connection org.postgresql.jdbc.PgConnection@4553e903: (connection has passed maxLifetime)
2025-12-24 12:03:55 - org.postgresql.Driver - Connecting with URL: jdbc:postgresql://192.168.112.146:5432/ai3ecp
2025-12-24 12:03:55 - org.postgresql.jdbc.PgConnection - PostgreSQL JDBC Driver 42.3.8
2025-12-24 12:03:55 - org.postgresql.jdbc.PgConnection -   setDefaultFetchSize = 0
2025-12-24 12:03:55 - org.postgresql.jdbc.PgConnection -   setPrepareThreshold = 5
2025-12-24 12:03:55 - o.p.core.v3.ConnectionFactoryImpl - Trying to establish a protocol version 3 connection to 192.168.112.146:5432
2025-12-24 12:03:56 - o.p.core.v3.ConnectionFactoryImpl - Receive Buffer Size is 65,536
2025-12-24 12:03:56 - o.p.core.v3.ConnectionFactoryImpl - Send Buffer Size is 65,536
2025-12-24 12:03:56 - com.zaxxer.hikari.pool.HikariPool - HikariPool-1 - Added connection org.postgresql.jdbc.PgConnection@bca7169
2025-12-24 12:03:57 - com.zaxxer.hikari.pool.PoolBase - HikariPool-1 - Closing connection org.postgresql.jdbc.PgConnection@20b02564: (connection has passed maxLifetime)
2025-12-24 12:03:57 - org.postgresql.Driver - Connecting with URL: jdbc:postgresql://192.168.112.146:5432/ai3ecp
2025-12-24 12:03:57 - org.postgresql.jdbc.PgConnection - PostgreSQL JDBC Driver 42.3.8
2025-12-24 12:03:57 - org.postgresql.jdbc.PgConnection -   setDefaultFetchSize = 0
2025-12-24 12:03:57 - org.postgresql.jdbc.PgConnection -   setPrepareThreshold = 5
2025-12-24 12:03:57 - o.p.core.v3.ConnectionFactoryImpl - Trying to establish a protocol version 3 connection to 192.168.112.146:5432
2025-12-24 12:03:57 - o.p.core.v3.ConnectionFactoryImpl - Receive Buffer Size is 65,536
2025-12-24 12:03:57 - o.p.core.v3.ConnectionFactoryImpl - Send Buffer Size is 65,536
2025-12-24 12:03:57 - com.zaxxer.hikari.pool.HikariPool - HikariPool-1 - Added connection org.postgresql.jdbc.PgConnection@ff5e4c8
2025-12-24 12:04:00 - c.c.hrimport.job.ScheduledImportJob - 開始執行 HR 匯入（本機路徑） localPath=C:\project\testdata\citic
2025-12-24 12:04:00 - c.c.hrimport.job.ScheduledImportJob - No CSV files found in local path: C:\project\testdata\citic
2025-12-24 12:04:02 - com.zaxxer.hikari.pool.PoolBase - HikariPool-1 - Closing connection org.postgresql.jdbc.PgConnection@71c44f7b: (connection has passed maxLifetime)
2025-12-24 12:04:02 - org.postgresql.Driver - Connecting with URL: jdbc:postgresql://192.168.112.146:5432/ai3ecp
2025-12-24 12:04:02 - org.postgresql.jdbc.PgConnection - PostgreSQL JDBC Driver 42.3.8
2025-12-24 12:04:02 - org.postgresql.jdbc.PgConnection -   setDefaultFetchSize = 0
2025-12-24 12:04:02 - org.postgresql.jdbc.PgConnection -   setPrepareThreshold = 5
2025-12-24 12:04:02 - o.p.core.v3.ConnectionFactoryImpl - Trying to establish a protocol version 3 connection to 192.168.112.146:5432
2025-12-24 12:04:02 - o.p.core.v3.ConnectionFactoryImpl - Receive Buffer Size is 65,536
2025-12-24 12:04:02 - o.p.core.v3.ConnectionFactoryImpl - Send Buffer Size is 65,536
2025-12-24 12:04:02 - com.zaxxer.hikari.pool.HikariPool - HikariPool-1 - Added connection org.postgresql.jdbc.PgConnection@4af77b52
2025-12-24 12:04:03 - o.a.catalina.session.ManagerBase - Start expire sessions StandardManager at 1766549043580 sessioncount 0
2025-12-24 12:04:03 - o.a.catalina.session.ManagerBase - End expire sessions StandardManager processingTime 1 expired sessions: 0
2025-12-24 12:04:04 - com.zaxxer.hikari.pool.HikariPool - HikariPool-1 - Pool stats (total=10, active=0, idle=10, waiting=0)
2025-12-24 12:04:04 - com.zaxxer.hikari.pool.HikariPool - HikariPool-1 - Fill pool skipped, pool is at sufficient level.
2025-12-24 12:04:07 - o.quartz.core.QuartzSchedulerThread - batch acquisition of 0 triggers
2025-12-24 12:04:34 - com.zaxxer.hikari.pool.HikariPool - HikariPool-1 - Pool stats (total=10, active=0, idle=10, waiting=0)
2025-12-24 12:04:34 - com.zaxxer.hikari.pool.HikariPool - HikariPool-1 - Fill pool skipped, pool is at sufficient level.
2025-12-24 12:04:35 - o.quartz.core.QuartzSchedulerThread - batch acquisition of 0 triggers
2025-12-24 12:05:00 - c.c.hrimport.job.ScheduledImportJob - 開始執行 HR 匯入（本機路徑） localPath=C:\project\testdata\citic
2025-12-24 12:05:00 - c.c.hrimport.job.ScheduledImportJob - No CSV files found in local path: C:\project\testdata\citic
2025-12-24 12:05:01 - o.quartz.core.QuartzSchedulerThread - batch acquisition of 0 triggers
2025-12-24 12:05:03 - o.a.catalina.session.ManagerBase - Start expire sessions StandardManager at 1766549103587 sessioncount 0
2025-12-24 12:05:03 - o.a.catalina.session.ManagerBase - End expire sessions StandardManager processingTime 0 expired sessions: 0
2025-12-24 12:05:04 - com.zaxxer.hikari.pool.HikariPool - HikariPool-1 - Pool stats (total=10, active=0, idle=10, waiting=0)
2025-12-24 12:05:04 - com.zaxxer.hikari.pool.HikariPool - HikariPool-1 - Fill pool skipped, pool is at sufficient level.
2025-12-24 12:05:26 - o.quartz.core.QuartzSchedulerThread - batch acquisition of 0 triggers
2025-12-24 12:05:34 - com.zaxxer.hikari.pool.HikariPool - HikariPool-1 - Pool stats (total=10, active=0, idle=10, waiting=0)
2025-12-24 12:05:34 - com.zaxxer.hikari.pool.HikariPool - HikariPool-1 - Fill pool skipped, pool is at sufficient level.
2025-12-24 12:05:56 - o.quartz.core.QuartzSchedulerThread - batch acquisition of 0 triggers
2025-12-24 12:06:00 - c.c.hrimport.job.ScheduledImportJob - 開始執行 HR 匯入（本機路徑） localPath=C:\project\testdata\citic
2025-12-24 12:06:00 - c.c.hrimport.job.ScheduledImportJob - No CSV files found in local path: C:\project\testdata\citic
2025-12-24 12:06:03 - o.a.catalina.session.ManagerBase - Start expire sessions StandardManager at 1766549163595 sessioncount 0
2025-12-24 12:06:03 - o.a.catalina.session.ManagerBase - End expire sessions StandardManager processingTime 1 expired sessions: 0
2025-12-24 12:06:04 - com.zaxxer.hikari.pool.HikariPool - HikariPool-1 - Pool stats (total=10, active=0, idle=10, waiting=0)
2025-12-24 12:06:04 - com.zaxxer.hikari.pool.HikariPool - HikariPool-1 - Fill pool skipped, pool is at sufficient level.
2025-12-24 12:06:25 - o.quartz.core.QuartzSchedulerThread - batch acquisition of 0 triggers
2025-12-24 12:06:34 - com.zaxxer.hikari.pool.HikariPool - HikariPool-1 - Pool stats (total=10, active=0, idle=10, waiting=0)
2025-12-24 12:06:34 - com.zaxxer.hikari.pool.HikariPool - HikariPool-1 - Fill pool skipped, pool is at sufficient level.
2025-12-24 12:06:53 - o.quartz.core.QuartzSchedulerThread - batch acquisition of 0 triggers
2025-12-24 12:07:00 - c.c.hrimport.job.ScheduledImportJob - 開始執行 HR 匯入（本機路徑） localPath=C:\project\testdata\citic
2025-12-24 12:07:00 - c.c.hrimport.job.ScheduledImportJob - No CSV files found in local path: C:\project\testdata\citic
2025-12-24 12:07:03 - o.a.catalina.session.ManagerBase - Start expire sessions StandardManager at 1766549223602 sessioncount 0
2025-12-24 12:07:03 - o.a.catalina.session.ManagerBase - End expire sessions StandardManager processingTime 1 expired sessions: 0
2025-12-24 12:07:04 - com.zaxxer.hikari.pool.HikariPool - HikariPool-1 - Pool stats (total=10, active=0, idle=10, waiting=0)
2025-12-24 12:07:04 - com.zaxxer.hikari.pool.HikariPool - HikariPool-1 - Fill pool skipped, pool is at sufficient level.
2025-12-24 12:07:21 - o.quartz.core.QuartzSchedulerThread - batch acquisition of 0 triggers
2025-12-24 12:07:34 - com.zaxxer.hikari.pool.HikariPool - HikariPool-1 - Pool stats (total=10, active=0, idle=10, waiting=0)
2025-12-24 12:07:34 - com.zaxxer.hikari.pool.HikariPool - HikariPool-1 - Fill pool skipped, pool is at sufficient level.
2025-12-24 12:07:50 - o.quartz.core.QuartzSchedulerThread - batch acquisition of 0 triggers
2025-12-24 12:08:00 - c.c.hrimport.job.ScheduledImportJob - 開始執行 HR 匯入（本機路徑） localPath=C:\project\testdata\citic
2025-12-24 12:08:00 - c.c.hrimport.job.ScheduledImportJob - No CSV files found in local path: C:\project\testdata\citic
2025-12-24 12:08:03 - o.a.catalina.session.ManagerBase - Start expire sessions StandardManager at 1766549283615 sessioncount 0
2025-12-24 12:08:03 - o.a.catalina.session.ManagerBase - End expire sessions StandardManager processingTime 1 expired sessions: 0
2025-12-24 12:08:04 - com.zaxxer.hikari.pool.HikariPool - HikariPool-1 - Pool stats (total=10, active=0, idle=10, waiting=0)
2025-12-24 12:08:04 - com.zaxxer.hikari.pool.HikariPool - HikariPool-1 - Fill pool skipped, pool is at sufficient level.
2025-12-24 12:08:14 - o.quartz.core.QuartzSchedulerThread - batch acquisition of 0 triggers
2025-12-24 12:08:34 - com.zaxxer.hikari.pool.HikariPool - HikariPool-1 - Pool stats (total=10, active=0, idle=10, waiting=0)
2025-12-24 12:08:34 - com.zaxxer.hikari.pool.HikariPool - HikariPool-1 - Fill pool skipped, pool is at sufficient level.
2025-12-24 12:08:40 - o.quartz.core.QuartzSchedulerThread - batch acquisition of 0 triggers
2025-12-24 12:09:00 - c.c.hrimport.job.ScheduledImportJob - 開始執行 HR 匯入（本機路徑） localPath=C:\project\testdata\citic
2025-12-24 12:09:00 - c.c.hrimport.job.ScheduledImportJob - No CSV files found in local path: C:\project\testdata\citic
2025-12-24 12:09:03 - o.a.catalina.session.ManagerBase - Start expire sessions StandardManager at 1766549343625 sessioncount 0
2025-12-24 12:09:03 - o.a.catalina.session.ManagerBase - End expire sessions StandardManager processingTime 1 expired sessions: 0
2025-12-24 12:09:04 - com.zaxxer.hikari.pool.HikariPool - HikariPool-1 - Pool stats (total=10, active=0, idle=10, waiting=0)
2025-12-24 12:09:04 - com.zaxxer.hikari.pool.HikariPool - HikariPool-1 - Fill pool skipped, pool is at sufficient level.
2025-12-24 12:09:10 - o.quartz.core.QuartzSchedulerThread - batch acquisition of 0 triggers
2025-12-24 12:09:34 - com.zaxxer.hikari.pool.HikariPool - HikariPool-1 - Pool stats (total=10, active=0, idle=10, waiting=0)
2025-12-24 12:09:34 - com.zaxxer.hikari.pool.HikariPool - HikariPool-1 - Fill pool skipped, pool is at sufficient level.
2025-12-24 12:09:39 - o.quartz.core.QuartzSchedulerThread - batch acquisition of 0 triggers
2025-12-24 12:10:00 - c.c.hrimport.job.ScheduledImportJob - 開始執行 HR 匯入（本機路徑） localPath=C:\project\testdata\citic
2025-12-24 12:10:00 - c.c.hrimport.job.ScheduledImportJob - No CSV files found in local path: C:\project\testdata\citic
2025-12-24 12:10:03 - o.a.catalina.session.ManagerBase - Start expire sessions StandardManager at 1766549403636 sessioncount 0
2025-12-24 12:10:03 - o.a.catalina.session.ManagerBase - End expire sessions StandardManager processingTime 0 expired sessions: 0
2025-12-24 12:10:04 - com.zaxxer.hikari.pool.HikariPool - HikariPool-1 - Pool stats (total=10, active=0, idle=10, waiting=0)
2025-12-24 12:10:04 - com.zaxxer.hikari.pool.HikariPool - HikariPool-1 - Fill pool skipped, pool is at sufficient level.
2025-12-24 12:10:04 - o.quartz.core.QuartzSchedulerThread - batch acquisition of 0 triggers
2025-12-24 12:10:30 - o.quartz.core.QuartzSchedulerThread - batch acquisition of 0 triggers
2025-12-24 12:10:34 - com.zaxxer.hikari.pool.HikariPool - HikariPool-1 - Pool stats (total=10, active=0, idle=10, waiting=0)
2025-12-24 12:10:34 - com.zaxxer.hikari.pool.HikariPool - HikariPool-1 - Fill pool skipped, pool is at sufficient level.
2025-12-24 12:10:59 - o.quartz.core.QuartzSchedulerThread - batch acquisition of 0 triggers
2025-12-24 12:11:00 - c.c.hrimport.job.ScheduledImportJob - 開始執行 HR 匯入（本機路徑） localPath=C:\project\testdata\citic
2025-12-24 12:11:00 - c.c.hrimport.job.ScheduledImportJob - No CSV files found in local path: C:\project\testdata\citic
2025-12-24 12:11:03 - o.a.catalina.session.ManagerBase - Start expire sessions StandardManager at 1766549463668 sessioncount 0
2025-12-24 12:11:03 - o.a.catalina.session.ManagerBase - End expire sessions StandardManager processingTime 0 expired sessions: 0
2025-12-24 12:11:04 - com.zaxxer.hikari.pool.HikariPool - HikariPool-1 - Pool stats (total=10, active=0, idle=10, waiting=0)
2025-12-24 12:11:04 - com.zaxxer.hikari.pool.HikariPool - HikariPool-1 - Fill pool skipped, pool is at sufficient level.
2025-12-24 12:11:27 - o.quartz.core.QuartzSchedulerThread - batch acquisition of 0 triggers
2025-12-24 12:11:34 - com.zaxxer.hikari.pool.HikariPool - HikariPool-1 - Pool stats (total=10, active=0, idle=10, waiting=0)
2025-12-24 12:11:34 - com.zaxxer.hikari.pool.HikariPool - HikariPool-1 - Fill pool skipped, pool is at sufficient level.
2025-12-24 12:11:51 - o.quartz.core.QuartzSchedulerThread - batch acquisition of 0 triggers
2025-12-24 12:12:00 - c.c.hrimport.job.ScheduledImportJob - 開始執行 HR 匯入（本機路徑） localPath=C:\project\testdata\citic
2025-12-24 12:12:00 - c.c.hrimport.job.ScheduledImportJob - No CSV files found in local path: C:\project\testdata\citic
2025-12-24 12:12:03 - o.a.catalina.session.ManagerBase - Start expire sessions StandardManager at 1766549523676 sessioncount 0
2025-12-24 12:12:03 - o.a.catalina.session.ManagerBase - End expire sessions StandardManager processingTime 0 expired sessions: 0
2025-12-24 12:12:04 - com.zaxxer.hikari.pool.HikariPool - HikariPool-1 - Pool stats (total=10, active=0, idle=10, waiting=0)
2025-12-24 12:12:04 - com.zaxxer.hikari.pool.HikariPool - HikariPool-1 - Fill pool skipped, pool is at sufficient level.
2025-12-24 12:12:18 - o.quartz.core.QuartzSchedulerThread - batch acquisition of 0 triggers
2025-12-24 12:12:34 - com.zaxxer.hikari.pool.HikariPool - HikariPool-1 - Pool stats (total=10, active=0, idle=10, waiting=0)
2025-12-24 12:12:34 - com.zaxxer.hikari.pool.HikariPool - HikariPool-1 - Fill pool skipped, pool is at sufficient level.
2025-12-24 12:12:43 - o.quartz.core.QuartzSchedulerThread - batch acquisition of 0 triggers
2025-12-24 12:13:00 - c.c.hrimport.job.ScheduledImportJob - 開始執行 HR 匯入（本機路徑） localPath=C:\project\testdata\citic
2025-12-24 12:13:00 - c.c.hrimport.job.ScheduledImportJob - No CSV files found in local path: C:\project\testdata\citic
2025-12-24 12:13:03 - o.a.catalina.session.ManagerBase - Start expire sessions StandardManager at 1766549583685 sessioncount 0
2025-12-24 12:13:03 - o.a.catalina.session.ManagerBase - End expire sessions StandardManager processingTime 0 expired sessions: 0
2025-12-24 12:13:04 - com.zaxxer.hikari.pool.HikariPool - HikariPool-1 - Pool stats (total=10, active=0, idle=10, waiting=0)
2025-12-24 12:13:04 - com.zaxxer.hikari.pool.HikariPool - HikariPool-1 - Fill pool skipped, pool is at sufficient level.
2025-12-24 12:13:11 - o.quartz.core.QuartzSchedulerThread - batch acquisition of 0 triggers
2025-12-24 12:13:34 - com.zaxxer.hikari.pool.HikariPool - HikariPool-1 - Pool stats (total=10, active=0, idle=10, waiting=0)
2025-12-24 12:13:34 - com.zaxxer.hikari.pool.HikariPool - HikariPool-1 - Fill pool skipped, pool is at sufficient level.
2025-12-24 12:13:38 - o.quartz.core.QuartzSchedulerThread - batch acquisition of 0 triggers
2025-12-24 12:14:00 - c.c.hrimport.job.ScheduledImportJob - 開始執行 HR 匯入（本機路徑） localPath=C:\project\testdata\citic
2025-12-24 12:14:00 - c.c.hrimport.job.ScheduledImportJob - No CSV files found in local path: C:\project\testdata\citic
2025-12-24 12:14:03 - o.a.catalina.session.ManagerBase - Start expire sessions StandardManager at 1766549643693 sessioncount 0
2025-12-24 12:14:03 - o.a.catalina.session.ManagerBase - End expire sessions StandardManager processingTime 0 expired sessions: 0
2025-12-24 12:14:04 - com.zaxxer.hikari.pool.HikariPool - HikariPool-1 - Pool stats (total=10, active=0, idle=10, waiting=0)
2025-12-24 12:14:04 - com.zaxxer.hikari.pool.HikariPool - HikariPool-1 - Fill pool skipped, pool is at sufficient level.
2025-12-24 12:14:04 - o.quartz.core.QuartzSchedulerThread - batch acquisition of 0 triggers
2025-12-24 12:14:34 - com.zaxxer.hikari.pool.HikariPool - HikariPool-1 - Pool stats (total=10, active=0, idle=10, waiting=0)
2025-12-24 12:14:34 - com.zaxxer.hikari.pool.HikariPool - HikariPool-1 - Fill pool skipped, pool is at sufficient level.
2025-12-24 12:14:34 - o.quartz.core.QuartzSchedulerThread - batch acquisition of 0 triggers
2025-12-24 12:14:59 - o.quartz.core.QuartzSchedulerThread - batch acquisition of 0 triggers
2025-12-24 12:15:00 - c.c.hrimport.job.ScheduledImportJob - 開始執行 HR 匯入（本機路徑） localPath=C:\project\testdata\citic
2025-12-24 12:15:00 - c.c.hrimport.job.ScheduledImportJob - No CSV files found in local path: C:\project\testdata\citic
2025-12-24 12:15:03 - o.a.catalina.session.ManagerBase - Start expire sessions StandardManager at 1766549703700 sessioncount 0
2025-12-24 12:15:03 - o.a.catalina.session.ManagerBase - End expire sessions StandardManager processingTime 0 expired sessions: 0
2025-12-24 12:15:04 - com.zaxxer.hikari.pool.HikariPool - HikariPool-1 - Pool stats (total=10, active=0, idle=10, waiting=0)
2025-12-24 12:15:04 - com.zaxxer.hikari.pool.HikariPool - HikariPool-1 - Fill pool skipped, pool is at sufficient level.
2025-12-24 12:15:28 - o.quartz.core.QuartzSchedulerThread - batch acquisition of 0 triggers
2025-12-24 12:15:34 - com.zaxxer.hikari.pool.HikariPool - HikariPool-1 - Pool stats (total=10, active=0, idle=10, waiting=0)
2025-12-24 12:15:34 - com.zaxxer.hikari.pool.HikariPool - HikariPool-1 - Fill pool skipped, pool is at sufficient level.
2025-12-24 12:15:54 - o.quartz.core.QuartzSchedulerThread - batch acquisition of 0 triggers
2025-12-24 12:16:00 - c.c.hrimport.job.ScheduledImportJob - 開始執行 HR 匯入（本機路徑） localPath=C:\project\testdata\citic
2025-12-24 12:16:00 - c.c.hrimport.job.ScheduledImportJob - No CSV files found in local path: C:\project\testdata\citic
2025-12-24 12:16:03 - o.a.catalina.session.ManagerBase - Start expire sessions StandardManager at 1766549763707 sessioncount 0
2025-12-24 12:16:03 - o.a.catalina.session.ManagerBase - End expire sessions StandardManager processingTime 1 expired sessions: 0
2025-12-24 12:16:04 - com.zaxxer.hikari.pool.HikariPool - HikariPool-1 - Pool stats (total=10, active=0, idle=10, waiting=0)
2025-12-24 12:16:04 - com.zaxxer.hikari.pool.HikariPool - HikariPool-1 - Fill pool skipped, pool is at sufficient level.
2025-12-24 12:16:20 - o.quartz.core.QuartzSchedulerThread - batch acquisition of 0 triggers
2025-12-24 12:16:34 - com.zaxxer.hikari.pool.HikariPool - HikariPool-1 - Pool stats (total=10, active=0, idle=10, waiting=0)
2025-12-24 12:16:34 - com.zaxxer.hikari.pool.HikariPool - HikariPool-1 - Fill pool skipped, pool is at sufficient level.
2025-12-24 12:16:49 - o.quartz.core.QuartzSchedulerThread - batch acquisition of 0 triggers
2025-12-24 12:17:00 - c.c.hrimport.job.ScheduledImportJob - 開始執行 HR 匯入（本機路徑） localPath=C:\project\testdata\citic
2025-12-24 12:17:00 - c.c.hrimport.job.ScheduledImportJob - No CSV files found in local path: C:\project\testdata\citic
2025-12-24 12:17:03 - o.a.catalina.session.ManagerBase - Start expire sessions StandardManager at 1766549823716 sessioncount 0
2025-12-24 12:17:03 - o.a.catalina.session.ManagerBase - End expire sessions StandardManager processingTime 1 expired sessions: 0
2025-12-24 12:17:04 - com.zaxxer.hikari.pool.HikariPool - HikariPool-1 - Pool stats (total=10, active=0, idle=10, waiting=0)
2025-12-24 12:17:04 - com.zaxxer.hikari.pool.HikariPool - HikariPool-1 - Fill pool skipped, pool is at sufficient level.
2025-12-24 12:17:15 - o.quartz.core.QuartzSchedulerThread - batch acquisition of 0 triggers
2025-12-24 12:17:34 - com.zaxxer.hikari.pool.HikariPool - HikariPool-1 - Pool stats (total=10, active=0, idle=10, waiting=0)
2025-12-24 12:17:34 - com.zaxxer.hikari.pool.HikariPool - HikariPool-1 - Fill pool skipped, pool is at sufficient level.
2025-12-24 12:17:45 - o.quartz.core.QuartzSchedulerThread - batch acquisition of 0 triggers
2025-12-24 12:18:00 - c.c.hrimport.job.ScheduledImportJob - 開始執行 HR 匯入（本機路徑） localPath=C:\project\testdata\citic
2025-12-24 12:18:00 - c.c.hrimport.job.ScheduledImportJob - No CSV files found in local path: C:\project\testdata\citic
2025-12-24 12:18:03 - o.a.catalina.session.ManagerBase - Start expire sessions StandardManager at 1766549883726 sessioncount 0
2025-12-24 12:18:03 - o.a.catalina.session.ManagerBase - End expire sessions StandardManager processingTime 0 expired sessions: 0
2025-12-24 12:18:04 - com.zaxxer.hikari.pool.HikariPool - HikariPool-1 - Pool stats (total=10, active=0, idle=10, waiting=0)
2025-12-24 12:18:04 - com.zaxxer.hikari.pool.HikariPool - HikariPool-1 - Fill pool skipped, pool is at sufficient level.
2025-12-24 12:18:12 - o.quartz.core.QuartzSchedulerThread - batch acquisition of 0 triggers
2025-12-24 12:18:34 - com.zaxxer.hikari.pool.HikariPool - HikariPool-1 - Pool stats (total=10, active=0, idle=10, waiting=0)
2025-12-24 12:18:34 - com.zaxxer.hikari.pool.HikariPool - HikariPool-1 - Fill pool skipped, pool is at sufficient level.
2025-12-24 12:18:41 - o.quartz.core.QuartzSchedulerThread - batch acquisition of 0 triggers
2025-12-24 12:19:00 - c.c.hrimport.job.ScheduledImportJob - 開始執行 HR 匯入（本機路徑） localPath=C:\project\testdata\citic
2025-12-24 12:19:00 - c.c.hrimport.job.ScheduledImportJob - No CSV files found in local path: C:\project\testdata\citic
2025-12-24 12:19:03 - o.a.catalina.session.ManagerBase - Start expire sessions StandardManager at 1766549943735 sessioncount 0
2025-12-24 12:19:03 - o.a.catalina.session.ManagerBase - End expire sessions StandardManager processingTime 1 expired sessions: 0
2025-12-24 12:19:04 - com.zaxxer.hikari.pool.HikariPool - HikariPool-1 - Pool stats (total=10, active=0, idle=10, waiting=0)
2025-12-24 12:19:04 - com.zaxxer.hikari.pool.HikariPool - HikariPool-1 - Fill pool skipped, pool is at sufficient level.
2025-12-24 12:19:10 - o.quartz.core.QuartzSchedulerThread - batch acquisition of 0 triggers
2025-12-24 12:19:34 - com.zaxxer.hikari.pool.HikariPool - HikariPool-1 - Pool stats (total=10, active=0, idle=10, waiting=0)
2025-12-24 12:19:34 - com.zaxxer.hikari.pool.HikariPool - HikariPool-1 - Fill pool skipped, pool is at sufficient level.
2025-12-24 12:19:38 - o.quartz.core.QuartzSchedulerThread - batch acquisition of 0 triggers
2025-12-24 12:20:00 - c.c.hrimport.job.ScheduledImportJob - 開始執行 HR 匯入（本機路徑） localPath=C:\project\testdata\citic
2025-12-24 12:20:00 - c.c.hrimport.job.ScheduledImportJob - No CSV files found in local path: C:\project\testdata\citic
2025-12-24 12:20:03 - o.a.catalina.session.ManagerBase - Start expire sessions StandardManager at 1766550003745 sessioncount 0
2025-12-24 12:20:03 - o.a.catalina.session.ManagerBase - End expire sessions StandardManager processingTime 1 expired sessions: 0
2025-12-24 12:20:04 - com.zaxxer.hikari.pool.HikariPool - HikariPool-1 - Pool stats (total=10, active=0, idle=10, waiting=0)
2025-12-24 12:20:04 - com.zaxxer.hikari.pool.HikariPool - HikariPool-1 - Fill pool skipped, pool is at sufficient level.
2025-12-24 12:20:08 - o.quartz.core.QuartzSchedulerThread - batch acquisition of 0 triggers
2025-12-24 12:20:33 - o.quartz.core.QuartzSchedulerThread - batch acquisition of 0 triggers
2025-12-24 12:20:34 - com.zaxxer.hikari.pool.HikariPool - HikariPool-1 - Pool stats (total=10, active=0, idle=10, waiting=0)
2025-12-24 12:20:34 - com.zaxxer.hikari.pool.HikariPool - HikariPool-1 - Fill pool skipped, pool is at sufficient level.
2025-12-24 12:21:00 - c.c.hrimport.job.ScheduledImportJob - 開始執行 HR 匯入（本機路徑） localPath=C:\project\testdata\citic
2025-12-24 12:21:00 - c.c.hrimport.job.ScheduledImportJob - No CSV files found in local path: C:\project\testdata\citic
2025-12-24 12:21:02 - o.quartz.core.QuartzSchedulerThread - batch acquisition of 0 triggers
2025-12-24 12:21:03 - o.a.catalina.session.ManagerBase - Start expire sessions StandardManager at 1766550063751 sessioncount 0
2025-12-24 12:21:03 - o.a.catalina.session.ManagerBase - End expire sessions StandardManager processingTime 0 expired sessions: 0
2025-12-24 12:21:04 - com.zaxxer.hikari.pool.HikariPool - HikariPool-1 - Pool stats (total=10, active=0, idle=10, waiting=0)
2025-12-24 12:21:04 - com.zaxxer.hikari.pool.HikariPool - HikariPool-1 - Fill pool skipped, pool is at sufficient level.
2025-12-24 12:21:26 - o.quartz.core.QuartzSchedulerThread - batch acquisition of 0 triggers
2025-12-24 12:21:34 - com.zaxxer.hikari.pool.HikariPool - HikariPool-1 - Pool stats (total=10, active=0, idle=10, waiting=0)
2025-12-24 12:21:34 - com.zaxxer.hikari.pool.HikariPool - HikariPool-1 - Fill pool skipped, pool is at sufficient level.
2025-12-24 12:21:53 - o.quartz.core.QuartzSchedulerThread - batch acquisition of 0 triggers
2025-12-24 12:22:00 - c.c.hrimport.job.ScheduledImportJob - 開始執行 HR 匯入（本機路徑） localPath=C:\project\testdata\citic
2025-12-24 12:22:00 - c.c.hrimport.job.ScheduledImportJob - No CSV files found in local path: C:\project\testdata\citic
2025-12-24 12:22:03 - o.a.catalina.session.ManagerBase - Start expire sessions StandardManager at 1766550123759 sessioncount 0
2025-12-24 12:22:03 - o.a.catalina.session.ManagerBase - End expire sessions StandardManager processingTime 0 expired sessions: 0
2025-12-24 12:22:04 - com.zaxxer.hikari.pool.HikariPool - HikariPool-1 - Pool stats (total=10, active=0, idle=10, waiting=0)
2025-12-24 12:22:04 - com.zaxxer.hikari.pool.HikariPool - HikariPool-1 - Fill pool skipped, pool is at sufficient level.
2025-12-24 12:22:17 - o.quartz.core.QuartzSchedulerThread - batch acquisition of 0 triggers
2025-12-24 12:22:34 - com.zaxxer.hikari.pool.HikariPool - HikariPool-1 - Pool stats (total=10, active=0, idle=10, waiting=0)
2025-12-24 12:22:34 - com.zaxxer.hikari.pool.HikariPool - HikariPool-1 - Fill pool skipped, pool is at sufficient level.
2025-12-24 12:22:45 - o.quartz.core.QuartzSchedulerThread - batch acquisition of 0 triggers
2025-12-24 12:23:00 - c.c.hrimport.job.ScheduledImportJob - 開始執行 HR 匯入（本機路徑） localPath=C:\project\testdata\citic
2025-12-24 12:23:00 - c.c.hrimport.job.ScheduledImportJob - No CSV files found in local path: C:\project\testdata\citic
2025-12-24 12:23:03 - o.a.catalina.session.ManagerBase - Start expire sessions StandardManager at 1766550183771 sessioncount 0
2025-12-24 12:23:03 - o.a.catalina.session.ManagerBase - End expire sessions StandardManager processingTime 1 expired sessions: 0
2025-12-24 12:23:04 - com.zaxxer.hikari.pool.HikariPool - HikariPool-1 - Pool stats (total=10, active=0, idle=10, waiting=0)
2025-12-24 12:23:04 - com.zaxxer.hikari.pool.HikariPool - HikariPool-1 - Fill pool skipped, pool is at sufficient level.
2025-12-24 12:23:12 - o.quartz.core.QuartzSchedulerThread - batch acquisition of 0 triggers
2025-12-24 12:23:34 - com.zaxxer.hikari.pool.HikariPool - HikariPool-1 - Pool stats (total=10, active=0, idle=10, waiting=0)
2025-12-24 12:23:34 - com.zaxxer.hikari.pool.HikariPool - HikariPool-1 - Fill pool skipped, pool is at sufficient level.
2025-12-24 12:23:38 - o.quartz.core.QuartzSchedulerThread - batch acquisition of 0 triggers
2025-12-24 12:24:00 - c.c.hrimport.job.ScheduledImportJob - 開始執行 HR 匯入（本機路徑） localPath=C:\project\testdata\citic
2025-12-24 12:24:00 - c.c.hrimport.job.ScheduledImportJob - No CSV files found in local path: C:\project\testdata\citic
2025-12-24 12:24:03 - o.a.catalina.session.ManagerBase - Start expire sessions StandardManager at 1766550243793 sessioncount 0
2025-12-24 12:24:03 - o.a.catalina.session.ManagerBase - End expire sessions StandardManager processingTime 0 expired sessions: 0
2025-12-24 12:24:04 - com.zaxxer.hikari.pool.HikariPool - HikariPool-1 - Pool stats (total=10, active=0, idle=10, waiting=0)
2025-12-24 12:24:04 - com.zaxxer.hikari.pool.HikariPool - HikariPool-1 - Fill pool skipped, pool is at sufficient level.
2025-12-24 12:24:07 - o.quartz.core.QuartzSchedulerThread - batch acquisition of 0 triggers
2025-12-24 12:24:34 - com.zaxxer.hikari.pool.HikariPool - HikariPool-1 - Pool stats (total=10, active=0, idle=10, waiting=0)
2025-12-24 12:24:34 - com.zaxxer.hikari.pool.HikariPool - HikariPool-1 - Fill pool skipped, pool is at sufficient level.
2025-12-24 12:24:36 - o.quartz.core.QuartzSchedulerThread - batch acquisition of 0 triggers
2025-12-24 12:25:00 - c.c.hrimport.job.ScheduledImportJob - 開始執行 HR 匯入（本機路徑） localPath=C:\project\testdata\citic
2025-12-24 12:25:00 - c.c.hrimport.job.ScheduledImportJob - No CSV files found in local path: C:\project\testdata\citic
2025-12-24 12:25:03 - o.a.catalina.session.ManagerBase - Start expire sessions StandardManager at 1766550303805 sessioncount 0
2025-12-24 12:25:03 - o.a.catalina.session.ManagerBase - End expire sessions StandardManager processingTime 0 expired sessions: 0
2025-12-24 12:25:04 - com.zaxxer.hikari.pool.HikariPool - HikariPool-1 - Pool stats (total=10, active=0, idle=10, waiting=0)
2025-12-24 12:25:04 - com.zaxxer.hikari.pool.HikariPool - HikariPool-1 - Fill pool skipped, pool is at sufficient level.
2025-12-24 12:25:05 - o.quartz.core.QuartzSchedulerThread - batch acquisition of 0 triggers
2025-12-24 12:25:31 - o.quartz.core.QuartzSchedulerThread - batch acquisition of 0 triggers
2025-12-24 12:25:34 - com.zaxxer.hikari.pool.HikariPool - HikariPool-1 - Pool stats (total=10, active=0, idle=10, waiting=0)
2025-12-24 12:25:34 - com.zaxxer.hikari.pool.HikariPool - HikariPool-1 - Fill pool skipped, pool is at sufficient level.
2025-12-24 12:26:00 - c.c.hrimport.job.ScheduledImportJob - 開始執行 HR 匯入（本機路徑） localPath=C:\project\testdata\citic
2025-12-24 12:26:00 - c.c.hrimport.job.ScheduledImportJob - No CSV files found in local path: C:\project\testdata\citic
2025-12-24 12:26:01 - o.quartz.core.QuartzSchedulerThread - batch acquisition of 0 triggers
2025-12-24 12:26:03 - o.a.catalina.session.ManagerBase - Start expire sessions StandardManager at 1766550363814 sessioncount 0
2025-12-24 12:26:03 - o.a.catalina.session.ManagerBase - End expire sessions StandardManager processingTime 0 expired sessions: 0
2025-12-24 12:26:04 - com.zaxxer.hikari.pool.HikariPool - HikariPool-1 - Pool stats (total=10, active=0, idle=10, waiting=0)
2025-12-24 12:26:04 - com.zaxxer.hikari.pool.HikariPool - HikariPool-1 - Fill pool skipped, pool is at sufficient level.
2025-12-24 12:26:28 - o.quartz.core.QuartzSchedulerThread - batch acquisition of 0 triggers
2025-12-24 12:26:34 - com.zaxxer.hikari.pool.HikariPool - HikariPool-1 - Pool stats (total=10, active=0, idle=10, waiting=0)
2025-12-24 12:26:34 - com.zaxxer.hikari.pool.HikariPool - HikariPool-1 - Fill pool skipped, pool is at sufficient level.
2025-12-24 12:26:52 - o.quartz.core.QuartzSchedulerThread - batch acquisition of 0 triggers
2025-12-24 12:27:00 - c.c.hrimport.job.ScheduledImportJob - 開始執行 HR 匯入（本機路徑） localPath=C:\project\testdata\citic
2025-12-24 12:27:00 - c.c.hrimport.job.ScheduledImportJob - No CSV files found in local path: C:\project\testdata\citic
2025-12-24 12:27:03 - o.a.catalina.session.ManagerBase - Start expire sessions StandardManager at 1766550423823 sessioncount 0
2025-12-24 12:27:03 - o.a.catalina.session.ManagerBase - End expire sessions StandardManager processingTime 0 expired sessions: 0
2025-12-24 12:27:04 - com.zaxxer.hikari.pool.HikariPool - HikariPool-1 - Pool stats (total=10, active=0, idle=10, waiting=0)
2025-12-24 12:27:04 - com.zaxxer.hikari.pool.HikariPool - HikariPool-1 - Fill pool skipped, pool is at sufficient level.
2025-12-24 12:27:16 - o.quartz.core.QuartzSchedulerThread - batch acquisition of 0 triggers
2025-12-24 12:27:34 - com.zaxxer.hikari.pool.HikariPool - HikariPool-1 - Pool stats (total=10, active=0, idle=10, waiting=0)
2025-12-24 12:27:34 - com.zaxxer.hikari.pool.HikariPool - HikariPool-1 - Fill pool skipped, pool is at sufficient level.
2025-12-24 12:27:45 - o.quartz.core.QuartzSchedulerThread - batch acquisition of 0 triggers
2025-12-24 12:28:00 - c.c.hrimport.job.ScheduledImportJob - 開始執行 HR 匯入（本機路徑） localPath=C:\project\testdata\citic
2025-12-24 12:28:00 - c.c.hrimport.job.ScheduledImportJob - No CSV files found in local path: C:\project\testdata\citic
2025-12-24 12:28:03 - o.a.catalina.session.ManagerBase - Start expire sessions StandardManager at 1766550483854 sessioncount 0
2025-12-24 12:28:03 - o.a.catalina.session.ManagerBase - End expire sessions StandardManager processingTime 0 expired sessions: 0
2025-12-24 12:28:04 - com.zaxxer.hikari.pool.HikariPool - HikariPool-1 - Pool stats (total=10, active=0, idle=10, waiting=0)
2025-12-24 12:28:04 - com.zaxxer.hikari.pool.HikariPool - HikariPool-1 - Fill pool skipped, pool is at sufficient level.
2025-12-24 12:28:10 - o.quartz.core.QuartzSchedulerThread - batch acquisition of 0 triggers
2025-12-24 12:28:34 - com.zaxxer.hikari.pool.HikariPool - HikariPool-1 - Pool stats (total=10, active=0, idle=10, waiting=0)
2025-12-24 12:28:34 - com.zaxxer.hikari.pool.HikariPool - HikariPool-1 - Fill pool skipped, pool is at sufficient level.
2025-12-24 12:28:36 - o.quartz.core.QuartzSchedulerThread - batch acquisition of 0 triggers
2025-12-24 12:29:00 - c.c.hrimport.job.ScheduledImportJob - 開始執行 HR 匯入（本機路徑） localPath=C:\project\testdata\citic
2025-12-24 12:29:00 - c.c.hrimport.job.ScheduledImportJob - No CSV files found in local path: C:\project\testdata\citic
2025-12-24 12:29:03 - o.a.catalina.session.ManagerBase - Start expire sessions StandardManager at 1766550543860 sessioncount 0
2025-12-24 12:29:03 - o.a.catalina.session.ManagerBase - End expire sessions StandardManager processingTime 0 expired sessions: 0
2025-12-24 12:29:04 - com.zaxxer.hikari.pool.HikariPool - HikariPool-1 - Pool stats (total=10, active=0, idle=10, waiting=0)
2025-12-24 12:29:04 - com.zaxxer.hikari.pool.HikariPool - HikariPool-1 - Fill pool skipped, pool is at sufficient level.
2025-12-24 12:29:05 - o.quartz.core.QuartzSchedulerThread - batch acquisition of 0 triggers
2025-12-24 12:29:34 - com.zaxxer.hikari.pool.HikariPool - HikariPool-1 - Pool stats (total=10, active=0, idle=10, waiting=0)
2025-12-24 12:29:34 - com.zaxxer.hikari.pool.HikariPool - HikariPool-1 - Fill pool skipped, pool is at sufficient level.
2025-12-24 12:29:34 - o.quartz.core.QuartzSchedulerThread - batch acquisition of 0 triggers
2025-12-24 12:30:00 - c.c.hrimport.job.ScheduledImportJob - 開始執行 HR 匯入（本機路徑） localPath=C:\project\testdata\citic
2025-12-24 12:30:00 - c.c.hrimport.job.ScheduledImportJob - No CSV files found in local path: C:\project\testdata\citic
2025-12-24 12:30:01 - o.quartz.core.QuartzSchedulerThread - batch acquisition of 0 triggers
2025-12-24 12:30:03 - o.a.catalina.session.ManagerBase - Start expire sessions StandardManager at 1766550603903 sessioncount 0
2025-12-24 12:30:03 - o.a.catalina.session.ManagerBase - End expire sessions StandardManager processingTime 1 expired sessions: 0
2025-12-24 12:30:04 - com.zaxxer.hikari.pool.HikariPool - HikariPool-1 - Pool stats (total=10, active=0, idle=10, waiting=0)
2025-12-24 12:30:04 - com.zaxxer.hikari.pool.HikariPool - HikariPool-1 - Fill pool skipped, pool is at sufficient level.
2025-12-24 12:30:24 - o.quartz.core.QuartzSchedulerThread - batch acquisition of 0 triggers
2025-12-24 12:30:34 - com.zaxxer.hikari.pool.HikariPool - HikariPool-1 - Pool stats (total=10, active=0, idle=10, waiting=0)
2025-12-24 12:30:34 - com.zaxxer.hikari.pool.HikariPool - HikariPool-1 - Fill pool skipped, pool is at sufficient level.
2025-12-24 12:30:52 - o.quartz.core.QuartzSchedulerThread - batch acquisition of 0 triggers
2025-12-24 12:31:00 - c.c.hrimport.job.ScheduledImportJob - 開始執行 HR 匯入（本機路徑） localPath=C:\project\testdata\citic
2025-12-24 12:31:00 - c.c.hrimport.job.ScheduledImportJob - No CSV files found in local path: C:\project\testdata\citic
2025-12-24 12:31:03 - o.a.catalina.session.ManagerBase - Start expire sessions StandardManager at 1766550663911 sessioncount 0
2025-12-24 12:31:03 - o.a.catalina.session.ManagerBase - End expire sessions StandardManager processingTime 0 expired sessions: 0
2025-12-24 12:31:04 - com.zaxxer.hikari.pool.HikariPool - HikariPool-1 - Pool stats (total=10, active=0, idle=10, waiting=0)
2025-12-24 12:31:04 - com.zaxxer.hikari.pool.HikariPool - HikariPool-1 - Fill pool skipped, pool is at sufficient level.
2025-12-24 12:31:20 - o.quartz.core.QuartzSchedulerThread - batch acquisition of 0 triggers
2025-12-24 12:31:34 - com.zaxxer.hikari.pool.HikariPool - HikariPool-1 - Pool stats (total=10, active=0, idle=10, waiting=0)
2025-12-24 12:31:34 - com.zaxxer.hikari.pool.HikariPool - HikariPool-1 - Fill pool skipped, pool is at sufficient level.
2025-12-24 12:31:48 - o.quartz.core.QuartzSchedulerThread - batch acquisition of 0 triggers
2025-12-24 12:32:00 - c.c.hrimport.job.ScheduledImportJob - 開始執行 HR 匯入（本機路徑） localPath=C:\project\testdata\citic
2025-12-24 12:32:00 - c.c.hrimport.job.ScheduledImportJob - No CSV files found in local path: C:\project\testdata\citic
2025-12-24 12:32:03 - o.a.catalina.session.ManagerBase - Start expire sessions StandardManager at 1766550723945 sessioncount 0
2025-12-24 12:32:03 - o.a.catalina.session.ManagerBase - End expire sessions StandardManager processingTime 0 expired sessions: 0
2025-12-24 12:32:04 - com.zaxxer.hikari.pool.HikariPool - HikariPool-1 - Pool stats (total=10, active=0, idle=10, waiting=0)
2025-12-24 12:32:04 - com.zaxxer.hikari.pool.HikariPool - HikariPool-1 - Fill pool skipped, pool is at sufficient level.
2025-12-24 12:32:14 - o.quartz.core.QuartzSchedulerThread - batch acquisition of 0 triggers
2025-12-24 12:32:34 - com.zaxxer.hikari.pool.HikariPool - HikariPool-1 - Pool stats (total=10, active=0, idle=10, waiting=0)
2025-12-24 12:32:34 - com.zaxxer.hikari.pool.HikariPool - HikariPool-1 - Fill pool skipped, pool is at sufficient level.
2025-12-24 12:32:43 - o.quartz.core.QuartzSchedulerThread - batch acquisition of 0 triggers
2025-12-24 12:32:47 - com.zaxxer.hikari.pool.PoolBase - HikariPool-1 - Closing connection org.postgresql.jdbc.PgConnection@5c2618b1: (connection has passed maxLifetime)
2025-12-24 12:32:47 - org.postgresql.Driver - Connecting with URL: jdbc:postgresql://192.168.112.146:5432/ai3ecp
2025-12-24 12:32:47 - org.postgresql.jdbc.PgConnection - PostgreSQL JDBC Driver 42.3.8
2025-12-24 12:32:47 - org.postgresql.jdbc.PgConnection -   setDefaultFetchSize = 0
2025-12-24 12:32:47 - org.postgresql.jdbc.PgConnection -   setPrepareThreshold = 5
2025-12-24 12:32:47 - o.p.core.v3.ConnectionFactoryImpl - Trying to establish a protocol version 3 connection to 192.168.112.146:5432
2025-12-24 12:32:47 - o.p.core.v3.ConnectionFactoryImpl - Receive Buffer Size is 65,536
2025-12-24 12:32:47 - o.p.core.v3.ConnectionFactoryImpl - Send Buffer Size is 65,536
2025-12-24 12:32:47 - com.zaxxer.hikari.pool.HikariPool - HikariPool-1 - Added connection org.postgresql.jdbc.PgConnection@276e195f
2025-12-24 12:33:00 - c.c.hrimport.job.ScheduledImportJob - 開始執行 HR 匯入（本機路徑） localPath=C:\project\testdata\citic
2025-12-24 12:33:00 - c.c.hrimport.job.ScheduledImportJob - No CSV files found in local path: C:\project\testdata\citic
2025-12-24 12:33:03 - o.a.catalina.session.ManagerBase - Start expire sessions StandardManager at 1766550783949 sessioncount 0
2025-12-24 12:33:03 - o.a.catalina.session.ManagerBase - End expire sessions StandardManager processingTime 0 expired sessions: 0
2025-12-24 12:33:04 - com.zaxxer.hikari.pool.PoolBase - HikariPool-1 - Closing connection org.postgresql.jdbc.PgConnection@581997ed: (connection has passed maxLifetime)
2025-12-24 12:33:04 - org.postgresql.Driver - Connecting with URL: jdbc:postgresql://192.168.112.146:5432/ai3ecp
2025-12-24 12:33:04 - org.postgresql.jdbc.PgConnection - PostgreSQL JDBC Driver 42.3.8
2025-12-24 12:33:04 - org.postgresql.jdbc.PgConnection -   setDefaultFetchSize = 0
2025-12-24 12:33:04 - org.postgresql.jdbc.PgConnection -   setPrepareThreshold = 5
2025-12-24 12:33:04 - o.p.core.v3.ConnectionFactoryImpl - Trying to establish a protocol version 3 connection to 192.168.112.146:5432
2025-12-24 12:33:04 - o.p.core.v3.ConnectionFactoryImpl - Receive Buffer Size is 65,536
2025-12-24 12:33:04 - o.p.core.v3.ConnectionFactoryImpl - Send Buffer Size is 65,536
2025-12-24 12:33:04 - com.zaxxer.hikari.pool.HikariPool - HikariPool-1 - Added connection org.postgresql.jdbc.PgConnection@7c23063f
2025-12-24 12:33:04 - com.zaxxer.hikari.pool.HikariPool - HikariPool-1 - Pool stats (total=10, active=0, idle=10, waiting=0)
2025-12-24 12:33:04 - com.zaxxer.hikari.pool.HikariPool - HikariPool-1 - Fill pool skipped, pool is at sufficient level.
2025-12-24 12:33:11 - o.quartz.core.QuartzSchedulerThread - batch acquisition of 0 triggers
2025-12-24 12:33:13 - com.zaxxer.hikari.pool.PoolBase - HikariPool-1 - Closing connection org.postgresql.jdbc.PgConnection@52e1fc9d: (connection has passed maxLifetime)
2025-12-24 12:33:13 - org.postgresql.Driver - Connecting with URL: jdbc:postgresql://192.168.112.146:5432/ai3ecp
2025-12-24 12:33:13 - org.postgresql.jdbc.PgConnection - PostgreSQL JDBC Driver 42.3.8
2025-12-24 12:33:13 - org.postgresql.jdbc.PgConnection -   setDefaultFetchSize = 0
2025-12-24 12:33:13 - org.postgresql.jdbc.PgConnection -   setPrepareThreshold = 5
2025-12-24 12:33:13 - o.p.core.v3.ConnectionFactoryImpl - Trying to establish a protocol version 3 connection to 192.168.112.146:5432
2025-12-24 12:33:13 - o.p.core.v3.ConnectionFactoryImpl - Receive Buffer Size is 65,536
2025-12-24 12:33:13 - o.p.core.v3.ConnectionFactoryImpl - Send Buffer Size is 65,536
2025-12-24 12:33:13 - com.zaxxer.hikari.pool.HikariPool - HikariPool-1 - Added connection org.postgresql.jdbc.PgConnection@53e5e2cf
2025-12-24 12:33:15 - com.zaxxer.hikari.pool.PoolBase - HikariPool-1 - Closing connection org.postgresql.jdbc.PgConnection@7388d2f7: (connection has passed maxLifetime)
2025-12-24 12:33:15 - org.postgresql.Driver - Connecting with URL: jdbc:postgresql://192.168.112.146:5432/ai3ecp
2025-12-24 12:33:15 - org.postgresql.jdbc.PgConnection - PostgreSQL JDBC Driver 42.3.8
2025-12-24 12:33:15 - org.postgresql.jdbc.PgConnection -   setDefaultFetchSize = 0
2025-12-24 12:33:15 - org.postgresql.jdbc.PgConnection -   setPrepareThreshold = 5
2025-12-24 12:33:15 - o.p.core.v3.ConnectionFactoryImpl - Trying to establish a protocol version 3 connection to 192.168.112.146:5432
2025-12-24 12:33:15 - o.p.core.v3.ConnectionFactoryImpl - Receive Buffer Size is 65,536
2025-12-24 12:33:15 - o.p.core.v3.ConnectionFactoryImpl - Send Buffer Size is 65,536
2025-12-24 12:33:15 - com.zaxxer.hikari.pool.HikariPool - HikariPool-1 - Added connection org.postgresql.jdbc.PgConnection@5d2216c3
2025-12-24 12:33:22 - com.zaxxer.hikari.pool.PoolBase - HikariPool-1 - Closing connection org.postgresql.jdbc.PgConnection@bca7169: (connection has passed maxLifetime)
2025-12-24 12:33:22 - org.postgresql.Driver - Connecting with URL: jdbc:postgresql://192.168.112.146:5432/ai3ecp
2025-12-24 12:33:22 - org.postgresql.jdbc.PgConnection - PostgreSQL JDBC Driver 42.3.8
2025-12-24 12:33:22 - org.postgresql.jdbc.PgConnection -   setDefaultFetchSize = 0
2025-12-24 12:33:22 - org.postgresql.jdbc.PgConnection -   setPrepareThreshold = 5
2025-12-24 12:33:22 - o.p.core.v3.ConnectionFactoryImpl - Trying to establish a protocol version 3 connection to 192.168.112.146:5432
2025-12-24 12:33:22 - o.p.core.v3.ConnectionFactoryImpl - Receive Buffer Size is 65,536
2025-12-24 12:33:22 - o.p.core.v3.ConnectionFactoryImpl - Send Buffer Size is 65,536
2025-12-24 12:33:22 - com.zaxxer.hikari.pool.HikariPool - HikariPool-1 - Added connection org.postgresql.jdbc.PgConnection@1ad71b04
2025-12-24 12:33:23 - com.zaxxer.hikari.pool.PoolBase - HikariPool-1 - Closing connection org.postgresql.jdbc.PgConnection@ff5e4c8: (connection has passed maxLifetime)
2025-12-24 12:33:23 - org.postgresql.Driver - Connecting with URL: jdbc:postgresql://192.168.112.146:5432/ai3ecp
2025-12-24 12:33:23 - org.postgresql.jdbc.PgConnection - PostgreSQL JDBC Driver 42.3.8
2025-12-24 12:33:23 - org.postgresql.jdbc.PgConnection -   setDefaultFetchSize = 0
2025-12-24 12:33:23 - org.postgresql.jdbc.PgConnection -   setPrepareThreshold = 5
2025-12-24 12:33:23 - o.p.core.v3.ConnectionFactoryImpl - Trying to establish a protocol version 3 connection to 192.168.112.146:5432
2025-12-24 12:33:23 - o.p.core.v3.ConnectionFactoryImpl - Receive Buffer Size is 65,536
2025-12-24 12:33:23 - o.p.core.v3.ConnectionFactoryImpl - Send Buffer Size is 65,536
2025-12-24 12:33:23 - com.zaxxer.hikari.pool.HikariPool - HikariPool-1 - Added connection org.postgresql.jdbc.PgConnection@1410e62e
2025-12-24 12:33:27 - com.zaxxer.hikari.pool.PoolBase - HikariPool-1 - Closing connection org.postgresql.jdbc.PgConnection@77b758d9: (connection has passed maxLifetime)
2025-12-24 12:33:27 - org.postgresql.Driver - Connecting with URL: jdbc:postgresql://192.168.112.146:5432/ai3ecp
2025-12-24 12:33:27 - org.postgresql.jdbc.PgConnection - PostgreSQL JDBC Driver 42.3.8
2025-12-24 12:33:27 - org.postgresql.jdbc.PgConnection -   setDefaultFetchSize = 0
2025-12-24 12:33:27 - org.postgresql.jdbc.PgConnection -   setPrepareThreshold = 5
2025-12-24 12:33:27 - o.p.core.v3.ConnectionFactoryImpl - Trying to establish a protocol version 3 connection to 192.168.112.146:5432
2025-12-24 12:33:27 - o.p.core.v3.ConnectionFactoryImpl - Receive Buffer Size is 65,536
2025-12-24 12:33:27 - o.p.core.v3.ConnectionFactoryImpl - Send Buffer Size is 65,536
2025-12-24 12:33:27 - com.zaxxer.hikari.pool.HikariPool - HikariPool-1 - Added connection org.postgresql.jdbc.PgConnection@102f7074
2025-12-24 12:33:32 - com.zaxxer.hikari.pool.PoolBase - HikariPool-1 - Closing connection org.postgresql.jdbc.PgConnection@7970b987: (connection has passed maxLifetime)
2025-12-24 12:33:32 - org.postgresql.Driver - Connecting with URL: jdbc:postgresql://192.168.112.146:5432/ai3ecp
2025-12-24 12:33:32 - org.postgresql.jdbc.PgConnection - PostgreSQL JDBC Driver 42.3.8
2025-12-24 12:33:32 - org.postgresql.jdbc.PgConnection -   setDefaultFetchSize = 0
2025-12-24 12:33:32 - org.postgresql.jdbc.PgConnection -   setPrepareThreshold = 5
2025-12-24 12:33:32 - o.p.core.v3.ConnectionFactoryImpl - Trying to establish a protocol version 3 connection to 192.168.112.146:5432
2025-12-24 12:33:32 - o.p.core.v3.ConnectionFactoryImpl - Receive Buffer Size is 65,536
2025-12-24 12:33:32 - o.p.core.v3.ConnectionFactoryImpl - Send Buffer Size is 65,536
2025-12-24 12:33:33 - com.zaxxer.hikari.pool.HikariPool - HikariPool-1 - Added connection org.postgresql.jdbc.PgConnection@2d11a6b6
2025-12-24 12:33:34 - com.zaxxer.hikari.pool.HikariPool - HikariPool-1 - Pool stats (total=10, active=0, idle=10, waiting=0)
2025-12-24 12:33:34 - com.zaxxer.hikari.pool.HikariPool - HikariPool-1 - Fill pool skipped, pool is at sufficient level.
2025-12-24 12:33:35 - o.quartz.core.QuartzSchedulerThread - batch acquisition of 0 triggers
2025-12-24 12:33:39 - com.zaxxer.hikari.pool.PoolBase - HikariPool-1 - Closing connection org.postgresql.jdbc.PgConnection@4af77b52: (connection has passed maxLifetime)
2025-12-24 12:33:39 - org.postgresql.Driver - Connecting with URL: jdbc:postgresql://192.168.112.146:5432/ai3ecp
2025-12-24 12:33:39 - org.postgresql.jdbc.PgConnection - PostgreSQL JDBC Driver 42.3.8
2025-12-24 12:33:39 - org.postgresql.jdbc.PgConnection -   setDefaultFetchSize = 0
2025-12-24 12:33:39 - org.postgresql.jdbc.PgConnection -   setPrepareThreshold = 5
2025-12-24 12:33:39 - o.p.core.v3.ConnectionFactoryImpl - Trying to establish a protocol version 3 connection to 192.168.112.146:5432
2025-12-24 12:33:39 - o.p.core.v3.ConnectionFactoryImpl - Receive Buffer Size is 65,536
2025-12-24 12:33:39 - o.p.core.v3.ConnectionFactoryImpl - Send Buffer Size is 65,536
2025-12-24 12:33:39 - com.zaxxer.hikari.pool.HikariPool - HikariPool-1 - Added connection org.postgresql.jdbc.PgConnection@a1726ed
2025-12-24 12:33:49 - com.zaxxer.hikari.pool.PoolBase - HikariPool-1 - Closing connection org.postgresql.jdbc.PgConnection@50d8fb8: (connection has passed maxLifetime)
2025-12-24 12:33:49 - org.postgresql.Driver - Connecting with URL: jdbc:postgresql://192.168.112.146:5432/ai3ecp
2025-12-24 12:33:49 - org.postgresql.jdbc.PgConnection - PostgreSQL JDBC Driver 42.3.8
2025-12-24 12:33:49 - org.postgresql.jdbc.PgConnection -   setDefaultFetchSize = 0
2025-12-24 12:33:49 - org.postgresql.jdbc.PgConnection -   setPrepareThreshold = 5
2025-12-24 12:33:49 - o.p.core.v3.ConnectionFactoryImpl - Trying to establish a protocol version 3 connection to 192.168.112.146:5432
2025-12-24 12:33:49 - o.p.core.v3.ConnectionFactoryImpl - Receive Buffer Size is 65,536
2025-12-24 12:33:49 - o.p.core.v3.ConnectionFactoryImpl - Send Buffer Size is 65,536
2025-12-24 12:33:49 - com.zaxxer.hikari.pool.HikariPool - HikariPool-1 - Added connection org.postgresql.jdbc.PgConnection@4254ecc9
2025-12-24 12:34:00 - c.c.hrimport.job.ScheduledImportJob - 開始執行 HR 匯入（本機路徑） localPath=C:\project\testdata\citic
2025-12-24 12:34:00 - c.c.hrimport.job.ScheduledImportJob - No CSV files found in local path: C:\project\testdata\citic
2025-12-24 12:34:00 - o.quartz.core.QuartzSchedulerThread - batch acquisition of 0 triggers
2025-12-24 12:34:03 - o.a.catalina.session.ManagerBase - Start expire sessions StandardManager at 1766550843954 sessioncount 0
2025-12-24 12:34:03 - o.a.catalina.session.ManagerBase - End expire sessions StandardManager processingTime 0 expired sessions: 0
2025-12-24 12:34:04 - com.zaxxer.hikari.pool.HikariPool - HikariPool-1 - Pool stats (total=10, active=0, idle=10, waiting=0)
2025-12-24 12:34:04 - com.zaxxer.hikari.pool.HikariPool - HikariPool-1 - Fill pool skipped, pool is at sufficient level.
2025-12-24 12:34:24 - o.quartz.core.QuartzSchedulerThread - batch acquisition of 0 triggers
2025-12-24 12:34:34 - com.zaxxer.hikari.pool.HikariPool - HikariPool-1 - Pool stats (total=10, active=0, idle=10, waiting=0)
2025-12-24 12:34:34 - com.zaxxer.hikari.pool.HikariPool - HikariPool-1 - Fill pool skipped, pool is at sufficient level.
2025-12-24 12:34:47 - o.quartz.core.QuartzSchedulerThread - batch acquisition of 0 triggers
2025-12-24 12:35:00 - c.c.hrimport.job.ScheduledImportJob - 開始執行 HR 匯入（本機路徑） localPath=C:\project\testdata\citic
2025-12-24 12:35:00 - c.c.hrimport.job.ScheduledImportJob - No CSV files found in local path: C:\project\testdata\citic
2025-12-24 12:35:03 - o.a.catalina.session.ManagerBase - Start expire sessions StandardManager at 1766550903996 sessioncount 0
2025-12-24 12:35:03 - o.a.catalina.session.ManagerBase - End expire sessions StandardManager processingTime 0 expired sessions: 0
2025-12-24 12:35:04 - com.zaxxer.hikari.pool.HikariPool - HikariPool-1 - Pool stats (total=10, active=0, idle=10, waiting=0)
2025-12-24 12:35:04 - com.zaxxer.hikari.pool.HikariPool - HikariPool-1 - Fill pool skipped, pool is at sufficient level.
2025-12-24 12:35:12 - o.quartz.core.QuartzSchedulerThread - batch acquisition of 0 triggers
2025-12-24 12:35:34 - com.zaxxer.hikari.pool.HikariPool - HikariPool-1 - Pool stats (total=10, active=0, idle=10, waiting=0)
2025-12-24 12:35:34 - com.zaxxer.hikari.pool.HikariPool - HikariPool-1 - Fill pool skipped, pool is at sufficient level.
2025-12-24 12:35:42 - o.quartz.core.QuartzSchedulerThread - batch acquisition of 0 triggers
2025-12-24 12:36:00 - c.c.hrimport.job.ScheduledImportJob - 開始執行 HR 匯入（本機路徑） localPath=C:\project\testdata\citic
2025-12-24 12:36:00 - c.c.hrimport.job.ScheduledImportJob - No CSV files found in local path: C:\project\testdata\citic
2025-12-24 12:36:04 - o.a.catalina.session.ManagerBase - Start expire sessions StandardManager at 1766550964004 sessioncount 0
2025-12-24 12:36:04 - o.a.catalina.session.ManagerBase - End expire sessions StandardManager processingTime 0 expired sessions: 0
2025-12-24 12:36:04 - com.zaxxer.hikari.pool.HikariPool - HikariPool-1 - Pool stats (total=10, active=0, idle=10, waiting=0)
2025-12-24 12:36:04 - com.zaxxer.hikari.pool.HikariPool - HikariPool-1 - Fill pool skipped, pool is at sufficient level.
2025-12-24 12:36:10 - o.quartz.core.QuartzSchedulerThread - batch acquisition of 0 triggers
2025-12-24 12:36:34 - com.zaxxer.hikari.pool.HikariPool - HikariPool-1 - Pool stats (total=10, active=0, idle=10, waiting=0)
2025-12-24 12:36:34 - com.zaxxer.hikari.pool.HikariPool - HikariPool-1 - Fill pool skipped, pool is at sufficient level.
2025-12-24 12:36:40 - o.quartz.core.QuartzSchedulerThread - batch acquisition of 0 triggers
2025-12-24 12:37:00 - c.c.hrimport.job.ScheduledImportJob - 開始執行 HR 匯入（本機路徑） localPath=C:\project\testdata\citic
2025-12-24 12:37:00 - c.c.hrimport.job.ScheduledImportJob - No CSV files found in local path: C:\project\testdata\citic
2025-12-24 12:37:04 - o.a.catalina.session.ManagerBase - Start expire sessions StandardManager at 1766551024031 sessioncount 0
2025-12-24 12:37:04 - o.a.catalina.session.ManagerBase - End expire sessions StandardManager processingTime 0 expired sessions: 0
2025-12-24 12:37:04 - com.zaxxer.hikari.pool.HikariPool - HikariPool-1 - Pool stats (total=10, active=0, idle=10, waiting=0)
2025-12-24 12:37:04 - com.zaxxer.hikari.pool.HikariPool - HikariPool-1 - Fill pool skipped, pool is at sufficient level.
2025-12-24 12:37:09 - o.quartz.core.QuartzSchedulerThread - batch acquisition of 0 triggers
2025-12-24 12:37:33 - o.quartz.core.QuartzSchedulerThread - batch acquisition of 0 triggers
2025-12-24 12:37:34 - com.zaxxer.hikari.pool.HikariPool - HikariPool-1 - Pool stats (total=10, active=0, idle=10, waiting=0)
2025-12-24 12:37:34 - com.zaxxer.hikari.pool.HikariPool - HikariPool-1 - Fill pool skipped, pool is at sufficient level.
2025-12-24 12:37:59 - o.quartz.core.QuartzSchedulerThread - batch acquisition of 0 triggers
2025-12-24 12:38:00 - c.c.hrimport.job.ScheduledImportJob - 開始執行 HR 匯入（本機路徑） localPath=C:\project\testdata\citic
2025-12-24 12:38:00 - c.c.hrimport.job.ScheduledImportJob - No CSV files found in local path: C:\project\testdata\citic
2025-12-24 12:38:04 - o.a.catalina.session.ManagerBase - Start expire sessions StandardManager at 1766551084040 sessioncount 0
2025-12-24 12:38:04 - o.a.catalina.session.ManagerBase - End expire sessions StandardManager processingTime 0 expired sessions: 0
2025-12-24 12:38:04 - com.zaxxer.hikari.pool.HikariPool - HikariPool-1 - Pool stats (total=10, active=0, idle=10, waiting=0)
2025-12-24 12:38:04 - com.zaxxer.hikari.pool.HikariPool - HikariPool-1 - Fill pool skipped, pool is at sufficient level.
2025-12-24 12:38:25 - o.quartz.core.QuartzSchedulerThread - batch acquisition of 0 triggers
2025-12-24 12:38:34 - com.zaxxer.hikari.pool.HikariPool - HikariPool-1 - Pool stats (total=10, active=0, idle=10, waiting=0)
2025-12-24 12:38:34 - com.zaxxer.hikari.pool.HikariPool - HikariPool-1 - Fill pool skipped, pool is at sufficient level.
2025-12-24 12:38:52 - o.quartz.core.QuartzSchedulerThread - batch acquisition of 0 triggers
2025-12-24 12:39:00 - c.c.hrimport.job.ScheduledImportJob - 開始執行 HR 匯入（本機路徑） localPath=C:\project\testdata\citic
2025-12-24 12:39:00 - c.c.hrimport.job.ScheduledImportJob - No CSV files found in local path: C:\project\testdata\citic
2025-12-24 12:39:04 - o.a.catalina.session.ManagerBase - Start expire sessions StandardManager at 1766551144046 sessioncount 0
2025-12-24 12:39:04 - o.a.catalina.session.ManagerBase - End expire sessions StandardManager processingTime 0 expired sessions: 0
2025-12-24 12:39:04 - com.zaxxer.hikari.pool.HikariPool - HikariPool-1 - Pool stats (total=10, active=0, idle=10, waiting=0)
2025-12-24 12:39:04 - com.zaxxer.hikari.pool.HikariPool - HikariPool-1 - Fill pool skipped, pool is at sufficient level.
2025-12-24 12:39:16 - o.quartz.core.QuartzSchedulerThread - batch acquisition of 0 triggers
2025-12-24 12:39:34 - com.zaxxer.hikari.pool.HikariPool - HikariPool-1 - Pool stats (total=10, active=0, idle=10, waiting=0)
2025-12-24 12:39:34 - com.zaxxer.hikari.pool.HikariPool - HikariPool-1 - Fill pool skipped, pool is at sufficient level.
2025-12-24 12:39:43 - o.quartz.core.QuartzSchedulerThread - batch acquisition of 0 triggers
2025-12-24 12:40:00 - c.c.hrimport.job.ScheduledImportJob - 開始執行 HR 匯入（本機路徑） localPath=C:\project\testdata\citic
2025-12-24 12:40:00 - c.c.hrimport.job.ScheduledImportJob - No CSV files found in local path: C:\project\testdata\citic
2025-12-24 12:40:04 - o.a.catalina.session.ManagerBase - Start expire sessions StandardManager at 1766551204052 sessioncount 0
2025-12-24 12:40:04 - o.a.catalina.session.ManagerBase - End expire sessions StandardManager processingTime 0 expired sessions: 0
2025-12-24 12:40:04 - com.zaxxer.hikari.pool.HikariPool - HikariPool-1 - Pool stats (total=10, active=0, idle=10, waiting=0)
2025-12-24 12:40:04 - com.zaxxer.hikari.pool.HikariPool - HikariPool-1 - Fill pool skipped, pool is at sufficient level.
2025-12-24 12:40:12 - o.quartz.core.QuartzSchedulerThread - batch acquisition of 0 triggers
2025-12-24 12:40:34 - com.zaxxer.hikari.pool.HikariPool - HikariPool-1 - Pool stats (total=10, active=0, idle=10, waiting=0)
2025-12-24 12:40:34 - com.zaxxer.hikari.pool.HikariPool - HikariPool-1 - Fill pool skipped, pool is at sufficient level.
2025-12-24 12:40:39 - o.quartz.core.QuartzSchedulerThread - batch acquisition of 0 triggers
2025-12-24 12:41:00 - c.c.hrimport.job.ScheduledImportJob - 開始執行 HR 匯入（本機路徑） localPath=C:\project\testdata\citic
2025-12-24 12:41:00 - c.c.hrimport.job.ScheduledImportJob - No CSV files found in local path: C:\project\testdata\citic
2025-12-24 12:41:04 - o.a.catalina.session.ManagerBase - Start expire sessions StandardManager at 1766551264059 sessioncount 0
2025-12-24 12:41:04 - o.a.catalina.session.ManagerBase - End expire sessions StandardManager processingTime 0 expired sessions: 0
2025-12-24 12:41:04 - com.zaxxer.hikari.pool.HikariPool - HikariPool-1 - Pool stats (total=10, active=0, idle=10, waiting=0)
2025-12-24 12:41:04 - com.zaxxer.hikari.pool.HikariPool - HikariPool-1 - Fill pool skipped, pool is at sufficient level.
2025-12-24 12:41:07 - o.quartz.core.QuartzSchedulerThread - batch acquisition of 0 triggers
2025-12-24 12:41:32 - o.quartz.core.QuartzSchedulerThread - batch acquisition of 0 triggers
2025-12-24 12:41:34 - com.zaxxer.hikari.pool.HikariPool - HikariPool-1 - Pool stats (total=10, active=0, idle=10, waiting=0)
2025-12-24 12:41:34 - com.zaxxer.hikari.pool.HikariPool - HikariPool-1 - Fill pool skipped, pool is at sufficient level.
2025-12-24 12:42:00 - c.c.hrimport.job.ScheduledImportJob - 開始執行 HR 匯入（本機路徑） localPath=C:\project\testdata\citic
2025-12-24 12:42:00 - c.c.hrimport.job.ScheduledImportJob - No CSV files found in local path: C:\project\testdata\citic
2025-12-24 12:42:01 - o.quartz.core.QuartzSchedulerThread - batch acquisition of 0 triggers
2025-12-24 12:42:04 - o.a.catalina.session.ManagerBase - Start expire sessions StandardManager at 1766551324085 sessioncount 0
2025-12-24 12:42:04 - o.a.catalina.session.ManagerBase - End expire sessions StandardManager processingTime 0 expired sessions: 0
2025-12-24 12:42:04 - com.zaxxer.hikari.pool.HikariPool - HikariPool-1 - Pool stats (total=10, active=0, idle=10, waiting=0)
2025-12-24 12:42:04 - com.zaxxer.hikari.pool.HikariPool - HikariPool-1 - Fill pool skipped, pool is at sufficient level.
2025-12-24 12:42:29 - o.quartz.core.QuartzSchedulerThread - batch acquisition of 0 triggers
2025-12-24 12:42:34 - com.zaxxer.hikari.pool.HikariPool - HikariPool-1 - Pool stats (total=10, active=0, idle=10, waiting=0)
2025-12-24 12:42:34 - com.zaxxer.hikari.pool.HikariPool - HikariPool-1 - Fill pool skipped, pool is at sufficient level.
2025-12-24 12:42:58 - o.quartz.core.QuartzSchedulerThread - batch acquisition of 0 triggers
2025-12-24 12:43:00 - c.c.hrimport.job.ScheduledImportJob - 開始執行 HR 匯入（本機路徑） localPath=C:\project\testdata\citic
2025-12-24 12:43:00 - c.c.hrimport.job.ScheduledImportJob - No CSV files found in local path: C:\project\testdata\citic
2025-12-24 12:43:04 - o.a.catalina.session.ManagerBase - Start expire sessions StandardManager at 1766551384094 sessioncount 0
2025-12-24 12:43:04 - o.a.catalina.session.ManagerBase - End expire sessions StandardManager processingTime 0 expired sessions: 0
2025-12-24 12:43:04 - com.zaxxer.hikari.pool.HikariPool - HikariPool-1 - Pool stats (total=10, active=0, idle=10, waiting=0)
2025-12-24 12:43:04 - com.zaxxer.hikari.pool.HikariPool - HikariPool-1 - Fill pool skipped, pool is at sufficient level.
2025-12-24 12:43:22 - o.quartz.core.QuartzSchedulerThread - batch acquisition of 0 triggers
2025-12-24 12:43:34 - com.zaxxer.hikari.pool.HikariPool - HikariPool-1 - Pool stats (total=10, active=0, idle=10, waiting=0)
2025-12-24 12:43:34 - com.zaxxer.hikari.pool.HikariPool - HikariPool-1 - Fill pool skipped, pool is at sufficient level.
2025-12-24 12:43:51 - o.quartz.core.QuartzSchedulerThread - batch acquisition of 0 triggers
2025-12-24 12:44:00 - c.c.hrimport.job.ScheduledImportJob - 開始執行 HR 匯入（本機路徑） localPath=C:\project\testdata\citic
2025-12-24 12:44:00 - c.c.hrimport.job.ScheduledImportJob - No CSV files found in local path: C:\project\testdata\citic
2025-12-24 12:44:04 - o.a.catalina.session.ManagerBase - Start expire sessions StandardManager at 1766551444099 sessioncount 0
2025-12-24 12:44:04 - o.a.catalina.session.ManagerBase - End expire sessions StandardManager processingTime 0 expired sessions: 0
2025-12-24 12:44:04 - com.zaxxer.hikari.pool.HikariPool - HikariPool-1 - Pool stats (total=10, active=0, idle=10, waiting=0)
2025-12-24 12:44:04 - com.zaxxer.hikari.pool.HikariPool - HikariPool-1 - Fill pool skipped, pool is at sufficient level.
2025-12-24 12:44:14 - o.quartz.core.QuartzSchedulerThread - batch acquisition of 0 triggers
2025-12-24 12:44:34 - com.zaxxer.hikari.pool.HikariPool - HikariPool-1 - Pool stats (total=10, active=0, idle=10, waiting=0)
2025-12-24 12:44:34 - com.zaxxer.hikari.pool.HikariPool - HikariPool-1 - Fill pool skipped, pool is at sufficient level.
2025-12-24 12:44:41 - o.quartz.core.QuartzSchedulerThread - batch acquisition of 0 triggers
2025-12-24 12:45:00 - c.c.hrimport.job.ScheduledImportJob - 開始執行 HR 匯入（本機路徑） localPath=C:\project\testdata\citic
2025-12-24 12:45:00 - c.c.hrimport.job.ScheduledImportJob - No CSV files found in local path: C:\project\testdata\citic
2025-12-24 12:45:04 - o.a.catalina.session.ManagerBase - Start expire sessions StandardManager at 1766551504106 sessioncount 0
2025-12-24 12:45:04 - o.a.catalina.session.ManagerBase - End expire sessions StandardManager processingTime 0 expired sessions: 0
2025-12-24 12:45:04 - com.zaxxer.hikari.pool.HikariPool - HikariPool-1 - Pool stats (total=10, active=0, idle=10, waiting=0)
2025-12-24 12:45:04 - com.zaxxer.hikari.pool.HikariPool - HikariPool-1 - Fill pool skipped, pool is at sufficient level.
2025-12-24 12:45:11 - o.quartz.core.QuartzSchedulerThread - batch acquisition of 0 triggers
2025-12-24 12:45:34 - com.zaxxer.hikari.pool.HikariPool - HikariPool-1 - Pool stats (total=10, active=0, idle=10, waiting=0)
2025-12-24 12:45:34 - com.zaxxer.hikari.pool.HikariPool - HikariPool-1 - Fill pool skipped, pool is at sufficient level.
2025-12-24 12:45:35 - o.quartz.core.QuartzSchedulerThread - batch acquisition of 0 triggers
2025-12-24 12:46:00 - c.c.hrimport.job.ScheduledImportJob - 開始執行 HR 匯入（本機路徑） localPath=C:\project\testdata\citic
2025-12-24 12:46:00 - c.c.hrimport.job.ScheduledImportJob - No CSV files found in local path: C:\project\testdata\citic
2025-12-24 12:46:04 - o.a.catalina.session.ManagerBase - Start expire sessions StandardManager at 1766551564118 sessioncount 0
2025-12-24 12:46:04 - o.a.catalina.session.ManagerBase - End expire sessions StandardManager processingTime 0 expired sessions: 0
2025-12-24 12:46:04 - com.zaxxer.hikari.pool.HikariPool - HikariPool-1 - Pool stats (total=10, active=0, idle=10, waiting=0)
2025-12-24 12:46:04 - com.zaxxer.hikari.pool.HikariPool - HikariPool-1 - Fill pool skipped, pool is at sufficient level.
2025-12-24 12:46:04 - o.quartz.core.QuartzSchedulerThread - batch acquisition of 0 triggers
2025-12-24 12:46:30 - o.quartz.core.QuartzSchedulerThread - batch acquisition of 0 triggers
2025-12-24 12:46:34 - com.zaxxer.hikari.pool.HikariPool - HikariPool-1 - Pool stats (total=10, active=0, idle=10, waiting=0)
2025-12-24 12:46:34 - com.zaxxer.hikari.pool.HikariPool - HikariPool-1 - Fill pool skipped, pool is at sufficient level.
2025-12-24 12:46:58 - o.quartz.core.QuartzSchedulerThread - batch acquisition of 0 triggers
2025-12-24 12:47:00 - c.c.hrimport.job.ScheduledImportJob - 開始執行 HR 匯入（本機路徑） localPath=C:\project\testdata\citic
2025-12-24 12:47:00 - c.c.hrimport.job.ScheduledImportJob - No CSV files found in local path: C:\project\testdata\citic
2025-12-24 12:47:04 - o.a.catalina.session.ManagerBase - Start expire sessions StandardManager at 1766551624140 sessioncount 0
2025-12-24 12:47:04 - o.a.catalina.session.ManagerBase - End expire sessions StandardManager processingTime 0 expired sessions: 0
2025-12-24 12:47:04 - com.zaxxer.hikari.pool.HikariPool - HikariPool-1 - Pool stats (total=10, active=0, idle=10, waiting=0)
2025-12-24 12:47:04 - com.zaxxer.hikari.pool.HikariPool - HikariPool-1 - Fill pool skipped, pool is at sufficient level.
2025-12-24 12:47:27 - o.quartz.core.QuartzSchedulerThread - batch acquisition of 0 triggers
2025-12-24 12:47:34 - com.zaxxer.hikari.pool.HikariPool - HikariPool-1 - Pool stats (total=10, active=0, idle=10, waiting=0)
2025-12-24 12:47:34 - com.zaxxer.hikari.pool.HikariPool - HikariPool-1 - Fill pool skipped, pool is at sufficient level.
2025-12-24 12:47:51 - o.quartz.core.QuartzSchedulerThread - batch acquisition of 0 triggers
2025-12-24 12:48:00 - c.c.hrimport.job.ScheduledImportJob - 開始執行 HR 匯入（本機路徑） localPath=C:\project\testdata\citic
2025-12-24 12:48:00 - c.c.hrimport.job.ScheduledImportJob - No CSV files found in local path: C:\project\testdata\citic
2025-12-24 12:48:04 - o.a.catalina.session.ManagerBase - Start expire sessions StandardManager at 1766551684145 sessioncount 0
2025-12-24 12:48:04 - o.a.catalina.session.ManagerBase - End expire sessions StandardManager processingTime 0 expired sessions: 0
2025-12-24 12:48:04 - com.zaxxer.hikari.pool.HikariPool - HikariPool-1 - Pool stats (total=10, active=0, idle=10, waiting=0)
2025-12-24 12:48:04 - com.zaxxer.hikari.pool.HikariPool - HikariPool-1 - Fill pool skipped, pool is at sufficient level.
2025-12-24 12:48:20 - o.quartz.core.QuartzSchedulerThread - batch acquisition of 0 triggers
2025-12-24 12:48:34 - com.zaxxer.hikari.pool.HikariPool - HikariPool-1 - Pool stats (total=10, active=0, idle=10, waiting=0)
2025-12-24 12:48:34 - com.zaxxer.hikari.pool.HikariPool - HikariPool-1 - Fill pool skipped, pool is at sufficient level.
2025-12-24 12:48:47 - o.quartz.core.QuartzSchedulerThread - batch acquisition of 0 triggers
2025-12-24 12:49:00 - c.c.hrimport.job.ScheduledImportJob - 開始執行 HR 匯入（本機路徑） localPath=C:\project\testdata\citic
2025-12-24 12:49:00 - c.c.hrimport.job.ScheduledImportJob - No CSV files found in local path: C:\project\testdata\citic
2025-12-24 12:49:04 - o.a.catalina.session.ManagerBase - Start expire sessions StandardManager at 1766551744151 sessioncount 0
2025-12-24 12:49:04 - o.a.catalina.session.ManagerBase - End expire sessions StandardManager processingTime 0 expired sessions: 0
2025-12-24 12:49:04 - com.zaxxer.hikari.pool.HikariPool - HikariPool-1 - Pool stats (total=10, active=0, idle=10, waiting=0)
2025-12-24 12:49:04 - com.zaxxer.hikari.pool.HikariPool - HikariPool-1 - Fill pool skipped, pool is at sufficient level.
2025-12-24 12:49:12 - o.quartz.core.QuartzSchedulerThread - batch acquisition of 0 triggers
2025-12-24 12:49:34 - com.zaxxer.hikari.pool.HikariPool - HikariPool-1 - Pool stats (total=10, active=0, idle=10, waiting=0)
2025-12-24 12:49:34 - com.zaxxer.hikari.pool.HikariPool - HikariPool-1 - Fill pool skipped, pool is at sufficient level.
2025-12-24 12:49:36 - o.quartz.core.QuartzSchedulerThread - batch acquisition of 0 triggers
2025-12-24 12:50:00 - c.c.hrimport.job.ScheduledImportJob - 開始執行 HR 匯入（本機路徑） localPath=C:\project\testdata\citic
2025-12-24 12:50:00 - c.c.hrimport.job.ScheduledImportJob - No CSV files found in local path: C:\project\testdata\citic
2025-12-24 12:50:04 - o.a.catalina.session.ManagerBase - Start expire sessions StandardManager at 1766551804156 sessioncount 0
2025-12-24 12:50:04 - o.a.catalina.session.ManagerBase - End expire sessions StandardManager processingTime 0 expired sessions: 0
2025-12-24 12:50:04 - com.zaxxer.hikari.pool.HikariPool - HikariPool-1 - Pool stats (total=10, active=0, idle=10, waiting=0)
2025-12-24 12:50:04 - com.zaxxer.hikari.pool.HikariPool - HikariPool-1 - Fill pool skipped, pool is at sufficient level.
2025-12-24 12:50:06 - o.quartz.core.QuartzSchedulerThread - batch acquisition of 0 triggers
2025-12-24 12:50:29 - o.quartz.core.QuartzSchedulerThread - batch acquisition of 0 triggers
2025-12-24 12:50:34 - com.zaxxer.hikari.pool.HikariPool - HikariPool-1 - Pool stats (total=10, active=0, idle=10, waiting=0)
2025-12-24 12:50:34 - com.zaxxer.hikari.pool.HikariPool - HikariPool-1 - Fill pool skipped, pool is at sufficient level.
2025-12-24 12:50:57 - o.quartz.core.QuartzSchedulerThread - batch acquisition of 0 triggers
2025-12-24 12:51:00 - c.c.hrimport.job.ScheduledImportJob - 開始執行 HR 匯入（本機路徑） localPath=C:\project\testdata\citic
2025-12-24 12:51:00 - c.c.hrimport.job.ScheduledImportJob - No CSV files found in local path: C:\project\testdata\citic
2025-12-24 12:51:04 - o.a.catalina.session.ManagerBase - Start expire sessions StandardManager at 1766551864184 sessioncount 0
2025-12-24 12:51:04 - o.a.catalina.session.ManagerBase - End expire sessions StandardManager processingTime 0 expired sessions: 0
2025-12-24 12:51:04 - com.zaxxer.hikari.pool.HikariPool - HikariPool-1 - Pool stats (total=10, active=0, idle=10, waiting=0)
2025-12-24 12:51:04 - com.zaxxer.hikari.pool.HikariPool - HikariPool-1 - Fill pool skipped, pool is at sufficient level.
2025-12-24 12:51:25 - o.quartz.core.QuartzSchedulerThread - batch acquisition of 0 triggers
2025-12-24 12:51:34 - com.zaxxer.hikari.pool.HikariPool - HikariPool-1 - Pool stats (total=10, active=0, idle=10, waiting=0)
2025-12-24 12:51:34 - com.zaxxer.hikari.pool.HikariPool - HikariPool-1 - Fill pool skipped, pool is at sufficient level.
2025-12-24 12:51:51 - o.quartz.core.QuartzSchedulerThread - batch acquisition of 0 triggers
2025-12-24 12:52:00 - c.c.hrimport.job.ScheduledImportJob - 開始執行 HR 匯入（本機路徑） localPath=C:\project\testdata\citic
2025-12-24 12:52:00 - c.c.hrimport.job.ScheduledImportJob - No CSV files found in local path: C:\project\testdata\citic
2025-12-24 12:52:04 - o.a.catalina.session.ManagerBase - Start expire sessions StandardManager at 1766551924232 sessioncount 0
2025-12-24 12:52:04 - o.a.catalina.session.ManagerBase - End expire sessions StandardManager processingTime 0 expired sessions: 0
2025-12-24 12:52:04 - com.zaxxer.hikari.pool.HikariPool - HikariPool-1 - Pool stats (total=10, active=0, idle=10, waiting=0)
2025-12-24 12:52:04 - com.zaxxer.hikari.pool.HikariPool - HikariPool-1 - Fill pool skipped, pool is at sufficient level.
2025-12-24 12:52:16 - o.quartz.core.QuartzSchedulerThread - batch acquisition of 0 triggers
2025-12-24 12:52:34 - com.zaxxer.hikari.pool.HikariPool - HikariPool-1 - Pool stats (total=10, active=0, idle=10, waiting=0)
2025-12-24 12:52:34 - com.zaxxer.hikari.pool.HikariPool - HikariPool-1 - Fill pool skipped, pool is at sufficient level.
2025-12-24 12:52:45 - o.quartz.core.QuartzSchedulerThread - batch acquisition of 0 triggers
2025-12-24 12:53:00 - c.c.hrimport.job.ScheduledImportJob - 開始執行 HR 匯入（本機路徑） localPath=C:\project\testdata\citic
2025-12-24 12:53:00 - c.c.hrimport.job.ScheduledImportJob - No CSV files found in local path: C:\project\testdata\citic
2025-12-24 12:53:04 - o.a.catalina.session.ManagerBase - Start expire sessions StandardManager at 1766551984238 sessioncount 0
2025-12-24 12:53:04 - o.a.catalina.session.ManagerBase - End expire sessions StandardManager processingTime 0 expired sessions: 0
2025-12-24 12:53:04 - com.zaxxer.hikari.pool.HikariPool - HikariPool-1 - Pool stats (total=10, active=0, idle=10, waiting=0)
2025-12-24 12:53:04 - com.zaxxer.hikari.pool.HikariPool - HikariPool-1 - Fill pool skipped, pool is at sufficient level.
2025-12-24 12:53:11 - o.quartz.core.QuartzSchedulerThread - batch acquisition of 0 triggers
2025-12-24 12:53:34 - com.zaxxer.hikari.pool.HikariPool - HikariPool-1 - Pool stats (total=10, active=0, idle=10, waiting=0)
2025-12-24 12:53:34 - com.zaxxer.hikari.pool.HikariPool - HikariPool-1 - Fill pool skipped, pool is at sufficient level.
2025-12-24 12:53:34 - o.quartz.core.QuartzSchedulerThread - batch acquisition of 0 triggers
2025-12-24 12:54:00 - c.c.hrimport.job.ScheduledImportJob - 開始執行 HR 匯入（本機路徑） localPath=C:\project\testdata\citic
2025-12-24 12:54:00 - c.c.hrimport.job.ScheduledImportJob - No CSV files found in local path: C:\project\testdata\citic
2025-12-24 12:54:01 - o.quartz.core.QuartzSchedulerThread - batch acquisition of 0 triggers
2025-12-24 12:54:04 - o.a.catalina.session.ManagerBase - Start expire sessions StandardManager at 1766552044245 sessioncount 0
2025-12-24 12:54:04 - o.a.catalina.session.ManagerBase - End expire sessions StandardManager processingTime 0 expired sessions: 0
2025-12-24 12:54:04 - com.zaxxer.hikari.pool.HikariPool - HikariPool-1 - Pool stats (total=10, active=0, idle=10, waiting=0)
2025-12-24 12:54:04 - com.zaxxer.hikari.pool.HikariPool - HikariPool-1 - Fill pool skipped, pool is at sufficient level.
2025-12-24 12:54:30 - o.quartz.core.QuartzSchedulerThread - batch acquisition of 0 triggers
2025-12-24 12:54:34 - com.zaxxer.hikari.pool.HikariPool - HikariPool-1 - Pool stats (total=10, active=0, idle=10, waiting=0)
2025-12-24 12:54:34 - com.zaxxer.hikari.pool.HikariPool - HikariPool-1 - Fill pool skipped, pool is at sufficient level.
2025-12-24 12:54:58 - o.quartz.core.QuartzSchedulerThread - batch acquisition of 0 triggers
2025-12-24 12:55:00 - c.c.hrimport.job.ScheduledImportJob - 開始執行 HR 匯入（本機路徑） localPath=C:\project\testdata\citic
2025-12-24 12:55:00 - c.c.hrimport.job.ScheduledImportJob - No CSV files found in local path: C:\project\testdata\citic
2025-12-24 12:55:04 - o.a.catalina.session.ManagerBase - Start expire sessions StandardManager at 1766552104253 sessioncount 0
2025-12-24 12:55:04 - o.a.catalina.session.ManagerBase - End expire sessions StandardManager processingTime 1 expired sessions: 0
2025-12-24 12:55:04 - com.zaxxer.hikari.pool.HikariPool - HikariPool-1 - Pool stats (total=10, active=0, idle=10, waiting=0)
2025-12-24 12:55:04 - com.zaxxer.hikari.pool.HikariPool - HikariPool-1 - Fill pool skipped, pool is at sufficient level.
2025-12-24 12:55:22 - o.quartz.core.QuartzSchedulerThread - batch acquisition of 0 triggers
2025-12-24 12:55:34 - com.zaxxer.hikari.pool.HikariPool - HikariPool-1 - Pool stats (total=10, active=0, idle=10, waiting=0)
2025-12-24 12:55:34 - com.zaxxer.hikari.pool.HikariPool - HikariPool-1 - Fill pool skipped, pool is at sufficient level.
2025-12-24 12:55:51 - o.quartz.core.QuartzSchedulerThread - batch acquisition of 0 triggers
2025-12-24 12:56:00 - c.c.hrimport.job.ScheduledImportJob - 開始執行 HR 匯入（本機路徑） localPath=C:\project\testdata\citic
2025-12-24 12:56:00 - c.c.hrimport.job.ScheduledImportJob - No CSV files found in local path: C:\project\testdata\citic
2025-12-24 12:56:04 - o.a.catalina.session.ManagerBase - Start expire sessions StandardManager at 1766552164271 sessioncount 0
2025-12-24 12:56:04 - o.a.catalina.session.ManagerBase - End expire sessions StandardManager processingTime 1 expired sessions: 0
2025-12-24 12:56:04 - com.zaxxer.hikari.pool.HikariPool - HikariPool-1 - Pool stats (total=10, active=0, idle=10, waiting=0)
2025-12-24 12:56:04 - com.zaxxer.hikari.pool.HikariPool - HikariPool-1 - Fill pool skipped, pool is at sufficient level.
2025-12-24 12:56:20 - o.quartz.core.QuartzSchedulerThread - batch acquisition of 0 triggers
2025-12-24 12:56:34 - com.zaxxer.hikari.pool.HikariPool - HikariPool-1 - Pool stats (total=10, active=0, idle=10, waiting=0)
2025-12-24 12:56:34 - com.zaxxer.hikari.pool.HikariPool - HikariPool-1 - Fill pool skipped, pool is at sufficient level.
2025-12-24 12:56:43 - o.quartz.core.QuartzSchedulerThread - batch acquisition of 0 triggers
2025-12-24 12:57:00 - c.c.hrimport.job.ScheduledImportJob - 開始執行 HR 匯入（本機路徑） localPath=C:\project\testdata\citic
2025-12-24 12:57:00 - c.c.hrimport.job.ScheduledImportJob - No CSV files found in local path: C:\project\testdata\citic
2025-12-24 12:57:04 - o.a.catalina.session.ManagerBase - Start expire sessions StandardManager at 1766552224292 sessioncount 0
2025-12-24 12:57:04 - o.a.catalina.session.ManagerBase - End expire sessions StandardManager processingTime 0 expired sessions: 0
2025-12-24 12:57:04 - com.zaxxer.hikari.pool.HikariPool - HikariPool-1 - Pool stats (total=10, active=0, idle=10, waiting=0)
2025-12-24 12:57:04 - com.zaxxer.hikari.pool.HikariPool - HikariPool-1 - Fill pool skipped, pool is at sufficient level.
2025-12-24 12:57:12 - o.quartz.core.QuartzSchedulerThread - batch acquisition of 0 triggers
2025-12-24 12:57:34 - com.zaxxer.hikari.pool.HikariPool - HikariPool-1 - Pool stats (total=10, active=0, idle=10, waiting=0)
2025-12-24 12:57:34 - com.zaxxer.hikari.pool.HikariPool - HikariPool-1 - Fill pool skipped, pool is at sufficient level.
2025-12-24 12:57:38 - o.quartz.core.QuartzSchedulerThread - batch acquisition of 0 triggers
2025-12-24 12:58:00 - c.c.hrimport.job.ScheduledImportJob - 開始執行 HR 匯入（本機路徑） localPath=C:\project\testdata\citic
2025-12-24 12:58:00 - c.c.hrimport.job.ScheduledImportJob - No CSV files found in local path: C:\project\testdata\citic
2025-12-24 12:58:04 - o.a.catalina.session.ManagerBase - Start expire sessions StandardManager at 1766552284299 sessioncount 0
2025-12-24 12:58:04 - o.a.catalina.session.ManagerBase - End expire sessions StandardManager processingTime 0 expired sessions: 0
2025-12-24 12:58:04 - com.zaxxer.hikari.pool.HikariPool - HikariPool-1 - Pool stats (total=10, active=0, idle=10, waiting=0)
2025-12-24 12:58:04 - com.zaxxer.hikari.pool.HikariPool - HikariPool-1 - Fill pool skipped, pool is at sufficient level.
2025-12-24 12:58:05 - o.quartz.core.QuartzSchedulerThread - batch acquisition of 0 triggers
2025-12-24 12:58:29 - o.quartz.core.QuartzSchedulerThread - batch acquisition of 0 triggers
2025-12-24 12:58:34 - com.zaxxer.hikari.pool.HikariPool - HikariPool-1 - Pool stats (total=10, active=0, idle=10, waiting=0)
2025-12-24 12:58:34 - com.zaxxer.hikari.pool.HikariPool - HikariPool-1 - Fill pool skipped, pool is at sufficient level.
2025-12-24 12:58:58 - o.quartz.core.QuartzSchedulerThread - batch acquisition of 0 triggers
2025-12-24 12:59:00 - c.c.hrimport.job.ScheduledImportJob - 開始執行 HR 匯入（本機路徑） localPath=C:\project\testdata\citic
2025-12-24 12:59:00 - c.c.hrimport.job.ScheduledImportJob - No CSV files found in local path: C:\project\testdata\citic
2025-12-24 12:59:04 - o.a.catalina.session.ManagerBase - Start expire sessions StandardManager at 1766552344329 sessioncount 0
2025-12-24 12:59:04 - o.a.catalina.session.ManagerBase - End expire sessions StandardManager processingTime 0 expired sessions: 0
2025-12-24 12:59:04 - com.zaxxer.hikari.pool.HikariPool - HikariPool-1 - Pool stats (total=10, active=0, idle=10, waiting=0)
2025-12-24 12:59:04 - com.zaxxer.hikari.pool.HikariPool - HikariPool-1 - Fill pool skipped, pool is at sufficient level.
2025-12-24 12:59:24 - o.quartz.core.QuartzSchedulerThread - batch acquisition of 0 triggers
2025-12-24 12:59:34 - com.zaxxer.hikari.pool.HikariPool - HikariPool-1 - Pool stats (total=10, active=0, idle=10, waiting=0)
2025-12-24 12:59:34 - com.zaxxer.hikari.pool.HikariPool - HikariPool-1 - Fill pool skipped, pool is at sufficient level.
2025-12-24 12:59:48 - o.quartz.core.QuartzSchedulerThread - batch acquisition of 0 triggers
2025-12-24 13:00:00 - c.c.hrimport.job.ScheduledImportJob - 開始執行 HR 匯入（本機路徑） localPath=C:\project\testdata\citic
2025-12-24 13:00:00 - c.c.hrimport.job.ScheduledImportJob - No CSV files found in local path: C:\project\testdata\citic
2025-12-24 13:00:04 - o.a.catalina.session.ManagerBase - Start expire sessions StandardManager at 1766552404335 sessioncount 0
2025-12-24 13:00:04 - o.a.catalina.session.ManagerBase - End expire sessions StandardManager processingTime 0 expired sessions: 0
2025-12-24 13:00:04 - com.zaxxer.hikari.pool.HikariPool - HikariPool-1 - Pool stats (total=10, active=0, idle=10, waiting=0)
2025-12-24 13:00:04 - com.zaxxer.hikari.pool.HikariPool - HikariPool-1 - Fill pool skipped, pool is at sufficient level.
2025-12-24 13:00:14 - o.quartz.core.QuartzSchedulerThread - batch acquisition of 0 triggers
2025-12-24 13:00:34 - com.zaxxer.hikari.pool.HikariPool - HikariPool-1 - Pool stats (total=10, active=0, idle=10, waiting=0)
2025-12-24 13:00:34 - com.zaxxer.hikari.pool.HikariPool - HikariPool-1 - Fill pool skipped, pool is at sufficient level.
2025-12-24 13:00:44 - o.quartz.core.QuartzSchedulerThread - batch acquisition of 0 triggers
2025-12-24 13:01:00 - c.c.hrimport.job.ScheduledImportJob - 開始執行 HR 匯入（本機路徑） localPath=C:\project\testdata\citic
2025-12-24 13:01:00 - c.c.hrimport.job.ScheduledImportJob - No CSV files found in local path: C:\project\testdata\citic
2025-12-24 13:01:04 - o.a.catalina.session.ManagerBase - Start expire sessions StandardManager at 1766552464341 sessioncount 0
2025-12-24 13:01:04 - o.a.catalina.session.ManagerBase - End expire sessions StandardManager processingTime 0 expired sessions: 0
2025-12-24 13:01:04 - com.zaxxer.hikari.pool.HikariPool - HikariPool-1 - Pool stats (total=10, active=0, idle=10, waiting=0)
2025-12-24 13:01:04 - com.zaxxer.hikari.pool.HikariPool - HikariPool-1 - Fill pool skipped, pool is at sufficient level.
2025-12-24 13:01:13 - o.quartz.core.QuartzSchedulerThread - batch acquisition of 0 triggers
2025-12-24 13:01:34 - com.zaxxer.hikari.pool.HikariPool - HikariPool-1 - Pool stats (total=10, active=0, idle=10, waiting=0)
2025-12-24 13:01:34 - com.zaxxer.hikari.pool.HikariPool - HikariPool-1 - Fill pool skipped, pool is at sufficient level.
2025-12-24 13:01:39 - o.quartz.core.QuartzSchedulerThread - batch acquisition of 0 triggers
2025-12-24 13:02:00 - c.c.hrimport.job.ScheduledImportJob - 開始執行 HR 匯入（本機路徑） localPath=C:\project\testdata\citic
2025-12-24 13:02:00 - c.c.hrimport.job.ScheduledImportJob - No CSV files found in local path: C:\project\testdata\citic
2025-12-24 13:02:04 - o.a.catalina.session.ManagerBase - Start expire sessions StandardManager at 1766552524347 sessioncount 0
2025-12-24 13:02:04 - o.a.catalina.session.ManagerBase - End expire sessions StandardManager processingTime 0 expired sessions: 0
2025-12-24 13:02:04 - com.zaxxer.hikari.pool.HikariPool - HikariPool-1 - Pool stats (total=10, active=0, idle=10, waiting=0)
2025-12-24 13:02:04 - com.zaxxer.hikari.pool.HikariPool - HikariPool-1 - Fill pool skipped, pool is at sufficient level.
2025-12-24 13:02:07 - com.zaxxer.hikari.pool.PoolBase - HikariPool-1 - Closing connection org.postgresql.jdbc.PgConnection@276e195f: (connection has passed maxLifetime)
2025-12-24 13:02:07 - org.postgresql.Driver - Connecting with URL: jdbc:postgresql://192.168.112.146:5432/ai3ecp
2025-12-24 13:02:07 - org.postgresql.jdbc.PgConnection - PostgreSQL JDBC Driver 42.3.8
2025-12-24 13:02:07 - org.postgresql.jdbc.PgConnection -   setDefaultFetchSize = 0
2025-12-24 13:02:07 - org.postgresql.jdbc.PgConnection -   setPrepareThreshold = 5
2025-12-24 13:02:07 - o.p.core.v3.ConnectionFactoryImpl - Trying to establish a protocol version 3 connection to 192.168.112.146:5432
2025-12-24 13:02:07 - o.p.core.v3.ConnectionFactoryImpl - Receive Buffer Size is 65,536
2025-12-24 13:02:07 - o.p.core.v3.ConnectionFactoryImpl - Send Buffer Size is 65,536
2025-12-24 13:02:07 - com.zaxxer.hikari.pool.HikariPool - HikariPool-1 - Added connection org.postgresql.jdbc.PgConnection@57ad6246
2025-12-24 13:02:07 - o.quartz.core.QuartzSchedulerThread - batch acquisition of 0 triggers
2025-12-24 13:02:25 - com.zaxxer.hikari.pool.PoolBase - HikariPool-1 - Closing connection org.postgresql.jdbc.PgConnection@7c23063f: (connection has passed maxLifetime)
2025-12-24 13:02:25 - org.postgresql.Driver - Connecting with URL: jdbc:postgresql://192.168.112.146:5432/ai3ecp
2025-12-24 13:02:25 - org.postgresql.jdbc.PgConnection - PostgreSQL JDBC Driver 42.3.8
2025-12-24 13:02:25 - org.postgresql.jdbc.PgConnection -   setDefaultFetchSize = 0
2025-12-24 13:02:25 - org.postgresql.jdbc.PgConnection -   setPrepareThreshold = 5
2025-12-24 13:02:25 - o.p.core.v3.ConnectionFactoryImpl - Trying to establish a protocol version 3 connection to 192.168.112.146:5432
2025-12-24 13:02:25 - o.p.core.v3.ConnectionFactoryImpl - Receive Buffer Size is 65,536
2025-12-24 13:02:25 - o.p.core.v3.ConnectionFactoryImpl - Send Buffer Size is 65,536
2025-12-24 13:02:25 - com.zaxxer.hikari.pool.HikariPool - HikariPool-1 - Added connection org.postgresql.jdbc.PgConnection@21b45bb7
2025-12-24 13:02:32 - o.quartz.core.QuartzSchedulerThread - batch acquisition of 0 triggers
2025-12-24 13:02:34 - com.zaxxer.hikari.pool.HikariPool - HikariPool-1 - Pool stats (total=10, active=0, idle=10, waiting=0)
2025-12-24 13:02:34 - com.zaxxer.hikari.pool.HikariPool - HikariPool-1 - Fill pool skipped, pool is at sufficient level.
2025-12-24 13:03:00 - c.c.hrimport.job.ScheduledImportJob - 開始執行 HR 匯入（本機路徑） localPath=C:\project\testdata\citic
2025-12-24 13:03:00 - c.c.hrimport.job.ScheduledImportJob - No CSV files found in local path: C:\project\testdata\citic
2025-12-24 13:03:01 - o.quartz.core.QuartzSchedulerThread - batch acquisition of 0 triggers
2025-12-24 13:03:04 - o.a.catalina.session.ManagerBase - Start expire sessions StandardManager at 1766552584353 sessioncount 0
2025-12-24 13:03:04 - o.a.catalina.session.ManagerBase - End expire sessions StandardManager processingTime 1 expired sessions: 0
2025-12-24 13:03:04 - com.zaxxer.hikari.pool.HikariPool - HikariPool-1 - Pool stats (total=10, active=0, idle=10, waiting=0)
2025-12-24 13:03:04 - com.zaxxer.hikari.pool.HikariPool - HikariPool-1 - Fill pool skipped, pool is at sufficient level.
2025-12-24 13:03:05 - com.zaxxer.hikari.pool.PoolBase - HikariPool-1 - Closing connection org.postgresql.jdbc.PgConnection@53e5e2cf: (connection has passed maxLifetime)
2025-12-24 13:03:05 - org.postgresql.Driver - Connecting with URL: jdbc:postgresql://192.168.112.146:5432/ai3ecp
2025-12-24 13:03:05 - org.postgresql.jdbc.PgConnection - PostgreSQL JDBC Driver 42.3.8
2025-12-24 13:03:05 - org.postgresql.jdbc.PgConnection -   setDefaultFetchSize = 0
2025-12-24 13:03:05 - org.postgresql.jdbc.PgConnection -   setPrepareThreshold = 5
2025-12-24 13:03:05 - o.p.core.v3.ConnectionFactoryImpl - Trying to establish a protocol version 3 connection to 192.168.112.146:5432
2025-12-24 13:03:05 - o.p.core.v3.ConnectionFactoryImpl - Receive Buffer Size is 65,536
2025-12-24 13:03:05 - o.p.core.v3.ConnectionFactoryImpl - Send Buffer Size is 65,536
2025-12-24 13:03:05 - com.zaxxer.hikari.pool.HikariPool - HikariPool-1 - Added connection org.postgresql.jdbc.PgConnection@2ada0e44
2025-12-24 13:03:12 - com.zaxxer.hikari.pool.PoolBase - HikariPool-1 - Closing connection org.postgresql.jdbc.PgConnection@1410e62e: (connection has passed maxLifetime)
2025-12-24 13:03:12 - org.postgresql.Driver - Connecting with URL: jdbc:postgresql://192.168.112.146:5432/ai3ecp
2025-12-24 13:03:12 - org.postgresql.jdbc.PgConnection - PostgreSQL JDBC Driver 42.3.8
2025-12-24 13:03:12 - org.postgresql.jdbc.PgConnection -   setDefaultFetchSize = 0
2025-12-24 13:03:12 - org.postgresql.jdbc.PgConnection -   setPrepareThreshold = 5
2025-12-24 13:03:12 - o.p.core.v3.ConnectionFactoryImpl - Trying to establish a protocol version 3 connection to 192.168.112.146:5432
2025-12-24 13:03:12 - o.p.core.v3.ConnectionFactoryImpl - Receive Buffer Size is 65,536
2025-12-24 13:03:12 - o.p.core.v3.ConnectionFactoryImpl - Send Buffer Size is 65,536
2025-12-24 13:03:12 - com.zaxxer.hikari.pool.HikariPool - HikariPool-1 - Added connection org.postgresql.jdbc.PgConnection@3874bfea
2025-12-24 13:03:13 - com.zaxxer.hikari.pool.PoolBase - HikariPool-1 - Closing connection org.postgresql.jdbc.PgConnection@5d2216c3: (connection has passed maxLifetime)
2025-12-24 13:03:13 - org.postgresql.Driver - Connecting with URL: jdbc:postgresql://192.168.112.146:5432/ai3ecp
2025-12-24 13:03:13 - org.postgresql.jdbc.PgConnection - PostgreSQL JDBC Driver 42.3.8
2025-12-24 13:03:13 - org.postgresql.jdbc.PgConnection -   setDefaultFetchSize = 0
2025-12-24 13:03:13 - org.postgresql.jdbc.PgConnection -   setPrepareThreshold = 5
2025-12-24 13:03:13 - o.p.core.v3.ConnectionFactoryImpl - Trying to establish a protocol version 3 connection to 192.168.112.146:5432
2025-12-24 13:03:13 - o.p.core.v3.ConnectionFactoryImpl - Receive Buffer Size is 65,536
2025-12-24 13:03:13 - o.p.core.v3.ConnectionFactoryImpl - Send Buffer Size is 65,536
2025-12-24 13:03:13 - com.zaxxer.hikari.pool.HikariPool - HikariPool-1 - Added connection org.postgresql.jdbc.PgConnection@36b34694
2025-12-24 13:03:14 - com.zaxxer.hikari.pool.PoolBase - HikariPool-1 - Closing connection org.postgresql.jdbc.PgConnection@a1726ed: (connection has passed maxLifetime)
2025-12-24 13:03:14 - org.postgresql.Driver - Connecting with URL: jdbc:postgresql://192.168.112.146:5432/ai3ecp
2025-12-24 13:03:14 - org.postgresql.jdbc.PgConnection - PostgreSQL JDBC Driver 42.3.8
2025-12-24 13:03:14 - org.postgresql.jdbc.PgConnection -   setDefaultFetchSize = 0
2025-12-24 13:03:14 - org.postgresql.jdbc.PgConnection -   setPrepareThreshold = 5
2025-12-24 13:03:14 - o.p.core.v3.ConnectionFactoryImpl - Trying to establish a protocol version 3 connection to 192.168.112.146:5432
2025-12-24 13:03:14 - o.p.core.v3.ConnectionFactoryImpl - Receive Buffer Size is 65,536
2025-12-24 13:03:14 - o.p.core.v3.ConnectionFactoryImpl - Send Buffer Size is 65,536
2025-12-24 13:03:15 - com.zaxxer.hikari.pool.HikariPool - HikariPool-1 - Added connection org.postgresql.jdbc.PgConnection@328cd49a
2025-12-24 13:03:17 - com.zaxxer.hikari.pool.PoolBase - HikariPool-1 - Closing connection org.postgresql.jdbc.PgConnection@2d11a6b6: (connection has passed maxLifetime)
2025-12-24 13:03:17 - org.postgresql.Driver - Connecting with URL: jdbc:postgresql://192.168.112.146:5432/ai3ecp
2025-12-24 13:03:17 - org.postgresql.jdbc.PgConnection - PostgreSQL JDBC Driver 42.3.8
2025-12-24 13:03:17 - org.postgresql.jdbc.PgConnection -   setDefaultFetchSize = 0
2025-12-24 13:03:17 - org.postgresql.jdbc.PgConnection -   setPrepareThreshold = 5
2025-12-24 13:03:17 - o.p.core.v3.ConnectionFactoryImpl - Trying to establish a protocol version 3 connection to 192.168.112.146:5432
2025-12-24 13:03:17 - o.p.core.v3.ConnectionFactoryImpl - Receive Buffer Size is 65,536
2025-12-24 13:03:17 - o.p.core.v3.ConnectionFactoryImpl - Send Buffer Size is 65,536
2025-12-24 13:03:17 - com.zaxxer.hikari.pool.HikariPool - HikariPool-1 - Added connection org.postgresql.jdbc.PgConnection@778e4caf
2025-12-24 13:03:17 - com.zaxxer.hikari.pool.PoolBase - HikariPool-1 - Closing connection org.postgresql.jdbc.PgConnection@1ad71b04: (connection has passed maxLifetime)
2025-12-24 13:03:17 - org.postgresql.Driver - Connecting with URL: jdbc:postgresql://192.168.112.146:5432/ai3ecp
2025-12-24 13:03:17 - org.postgresql.jdbc.PgConnection - PostgreSQL JDBC Driver 42.3.8
2025-12-24 13:03:17 - org.postgresql.jdbc.PgConnection -   setDefaultFetchSize = 0
2025-12-24 13:03:17 - org.postgresql.jdbc.PgConnection -   setPrepareThreshold = 5
2025-12-24 13:03:17 - o.p.core.v3.ConnectionFactoryImpl - Trying to establish a protocol version 3 connection to 192.168.112.146:5432
2025-12-24 13:03:17 - o.p.core.v3.ConnectionFactoryImpl - Receive Buffer Size is 65,536
2025-12-24 13:03:17 - o.p.core.v3.ConnectionFactoryImpl - Send Buffer Size is 65,536
2025-12-24 13:03:17 - com.zaxxer.hikari.pool.HikariPool - HikariPool-1 - Added connection org.postgresql.jdbc.PgConnection@6a98365b
2025-12-24 13:03:22 - com.zaxxer.hikari.pool.PoolBase - HikariPool-1 - Closing connection org.postgresql.jdbc.PgConnection@102f7074: (connection has passed maxLifetime)
2025-12-24 13:03:22 - org.postgresql.Driver - Connecting with URL: jdbc:postgresql://192.168.112.146:5432/ai3ecp
2025-12-24 13:03:22 - org.postgresql.jdbc.PgConnection - PostgreSQL JDBC Driver 42.3.8
2025-12-24 13:03:22 - org.postgresql.jdbc.PgConnection -   setDefaultFetchSize = 0
2025-12-24 13:03:22 - org.postgresql.jdbc.PgConnection -   setPrepareThreshold = 5
2025-12-24 13:03:22 - o.p.core.v3.ConnectionFactoryImpl - Trying to establish a protocol version 3 connection to 192.168.112.146:5432
2025-12-24 13:03:22 - o.p.core.v3.ConnectionFactoryImpl - Receive Buffer Size is 65,536
2025-12-24 13:03:22 - o.p.core.v3.ConnectionFactoryImpl - Send Buffer Size is 65,536
2025-12-24 13:03:22 - com.zaxxer.hikari.pool.HikariPool - HikariPool-1 - Added connection org.postgresql.jdbc.PgConnection@2970a122
2025-12-24 13:03:25 - o.quartz.core.QuartzSchedulerThread - batch acquisition of 0 triggers
2025-12-24 13:03:31 - com.zaxxer.hikari.pool.PoolBase - HikariPool-1 - Closing connection org.postgresql.jdbc.PgConnection@4254ecc9: (connection has passed maxLifetime)
2025-12-24 13:03:31 - org.postgresql.Driver - Connecting with URL: jdbc:postgresql://192.168.112.146:5432/ai3ecp
2025-12-24 13:03:31 - org.postgresql.jdbc.PgConnection - PostgreSQL JDBC Driver 42.3.8
2025-12-24 13:03:31 - org.postgresql.jdbc.PgConnection -   setDefaultFetchSize = 0
2025-12-24 13:03:31 - org.postgresql.jdbc.PgConnection -   setPrepareThreshold = 5
2025-12-24 13:03:31 - o.p.core.v3.ConnectionFactoryImpl - Trying to establish a protocol version 3 connection to 192.168.112.146:5432
2025-12-24 13:03:31 - o.p.core.v3.ConnectionFactoryImpl - Receive Buffer Size is 65,536
2025-12-24 13:03:31 - o.p.core.v3.ConnectionFactoryImpl - Send Buffer Size is 65,536
2025-12-24 13:03:31 - com.zaxxer.hikari.pool.HikariPool - HikariPool-1 - Added connection org.postgresql.jdbc.PgConnection@652d8c8d
2025-12-24 13:03:34 - com.zaxxer.hikari.pool.HikariPool - HikariPool-1 - Pool stats (total=10, active=0, idle=10, waiting=0)
2025-12-24 13:03:34 - com.zaxxer.hikari.pool.HikariPool - HikariPool-1 - Fill pool skipped, pool is at sufficient level.
2025-12-24 13:03:53 - o.quartz.core.QuartzSchedulerThread - batch acquisition of 0 triggers
2025-12-24 13:04:00 - c.c.hrimport.job.ScheduledImportJob - 開始執行 HR 匯入（本機路徑） localPath=C:\project\testdata\citic
2025-12-24 13:04:00 - c.c.hrimport.job.ScheduledImportJob - No CSV files found in local path: C:\project\testdata\citic
2025-12-24 13:04:04 - o.a.catalina.session.ManagerBase - Start expire sessions StandardManager at 1766552644360 sessioncount 0
2025-12-24 13:04:04 - o.a.catalina.session.ManagerBase - End expire sessions StandardManager processingTime 0 expired sessions: 0
2025-12-24 13:04:04 - com.zaxxer.hikari.pool.HikariPool - HikariPool-1 - Pool stats (total=10, active=0, idle=10, waiting=0)
2025-12-24 13:04:04 - com.zaxxer.hikari.pool.HikariPool - HikariPool-1 - Fill pool skipped, pool is at sufficient level.
2025-12-24 13:04:19 - o.quartz.core.QuartzSchedulerThread - batch acquisition of 0 triggers
2025-12-24 13:04:34 - com.zaxxer.hikari.pool.HikariPool - HikariPool-1 - Pool stats (total=10, active=0, idle=10, waiting=0)
2025-12-24 13:04:34 - com.zaxxer.hikari.pool.HikariPool - HikariPool-1 - Fill pool skipped, pool is at sufficient level.
2025-12-24 13:04:46 - o.quartz.core.QuartzSchedulerThread - batch acquisition of 0 triggers
2025-12-24 13:05:00 - c.c.hrimport.job.ScheduledImportJob - 開始執行 HR 匯入（本機路徑） localPath=C:\project\testdata\citic
2025-12-24 13:05:00 - c.c.hrimport.job.ScheduledImportJob - No CSV files found in local path: C:\project\testdata\citic
2025-12-24 13:05:04 - o.a.catalina.session.ManagerBase - Start expire sessions StandardManager at 1766552704369 sessioncount 0
2025-12-24 13:05:04 - o.a.catalina.session.ManagerBase - End expire sessions StandardManager processingTime 0 expired sessions: 0
2025-12-24 13:05:04 - com.zaxxer.hikari.pool.HikariPool - HikariPool-1 - Pool stats (total=10, active=0, idle=10, waiting=0)
2025-12-24 13:05:04 - com.zaxxer.hikari.pool.HikariPool - HikariPool-1 - Fill pool skipped, pool is at sufficient level.
2025-12-24 13:05:10 - o.quartz.core.QuartzSchedulerThread - batch acquisition of 0 triggers
2025-12-24 13:05:34 - com.zaxxer.hikari.pool.HikariPool - HikariPool-1 - Pool stats (total=10, active=0, idle=10, waiting=0)
2025-12-24 13:05:34 - com.zaxxer.hikari.pool.HikariPool - HikariPool-1 - Fill pool skipped, pool is at sufficient level.
2025-12-24 13:05:36 - o.quartz.core.QuartzSchedulerThread - batch acquisition of 0 triggers
2025-12-24 13:06:00 - c.c.hrimport.job.ScheduledImportJob - 開始執行 HR 匯入（本機路徑） localPath=C:\project\testdata\citic
2025-12-24 13:06:00 - c.c.hrimport.job.ScheduledImportJob - No CSV files found in local path: C:\project\testdata\citic
2025-12-24 13:06:01 - o.quartz.core.QuartzSchedulerThread - batch acquisition of 0 triggers
2025-12-24 13:06:04 - o.a.catalina.session.ManagerBase - Start expire sessions StandardManager at 1766552764377 sessioncount 0
2025-12-24 13:06:04 - o.a.catalina.session.ManagerBase - End expire sessions StandardManager processingTime 1 expired sessions: 0
2025-12-24 13:06:04 - com.zaxxer.hikari.pool.HikariPool - HikariPool-1 - Pool stats (total=10, active=0, idle=10, waiting=0)
2025-12-24 13:06:04 - com.zaxxer.hikari.pool.HikariPool - HikariPool-1 - Fill pool skipped, pool is at sufficient level.
2025-12-24 13:06:28 - o.quartz.core.QuartzSchedulerThread - batch acquisition of 0 triggers
2025-12-24 13:06:34 - com.zaxxer.hikari.pool.HikariPool - HikariPool-1 - Pool stats (total=10, active=0, idle=10, waiting=0)
2025-12-24 13:06:34 - com.zaxxer.hikari.pool.HikariPool - HikariPool-1 - Fill pool skipped, pool is at sufficient level.
2025-12-24 13:06:55 - o.quartz.core.QuartzSchedulerThread - batch acquisition of 0 triggers
2025-12-24 13:07:00 - c.c.hrimport.job.ScheduledImportJob - 開始執行 HR 匯入（本機路徑） localPath=C:\project\testdata\citic
2025-12-24 13:07:00 - c.c.hrimport.job.ScheduledImportJob - No CSV files found in local path: C:\project\testdata\citic
2025-12-24 13:07:04 - o.a.catalina.session.ManagerBase - Start expire sessions StandardManager at 1766552824386 sessioncount 0
2025-12-24 13:07:04 - o.a.catalina.session.ManagerBase - End expire sessions StandardManager processingTime 3 expired sessions: 0
2025-12-24 13:07:04 - com.zaxxer.hikari.pool.HikariPool - HikariPool-1 - Pool stats (total=10, active=0, idle=10, waiting=0)
2025-12-24 13:07:04 - com.zaxxer.hikari.pool.HikariPool - HikariPool-1 - Fill pool skipped, pool is at sufficient level.
2025-12-24 13:07:22 - o.quartz.core.QuartzSchedulerThread - batch acquisition of 0 triggers
2025-12-24 13:07:34 - com.zaxxer.hikari.pool.HikariPool - HikariPool-1 - Pool stats (total=10, active=0, idle=10, waiting=0)
2025-12-24 13:07:34 - com.zaxxer.hikari.pool.HikariPool - HikariPool-1 - Fill pool skipped, pool is at sufficient level.
2025-12-24 13:07:52 - o.quartz.core.QuartzSchedulerThread - batch acquisition of 0 triggers
2025-12-24 13:08:00 - c.c.hrimport.job.ScheduledImportJob - 開始執行 HR 匯入（本機路徑） localPath=C:\project\testdata\citic
2025-12-24 13:08:00 - c.c.hrimport.job.ScheduledImportJob - No CSV files found in local path: C:\project\testdata\citic
2025-12-24 13:08:04 - o.a.catalina.session.ManagerBase - Start expire sessions StandardManager at 1766552884417 sessioncount 0
2025-12-24 13:08:04 - o.a.catalina.session.ManagerBase - End expire sessions StandardManager processingTime 1 expired sessions: 0
2025-12-24 13:08:04 - com.zaxxer.hikari.pool.HikariPool - HikariPool-1 - Pool stats (total=10, active=0, idle=10, waiting=0)
2025-12-24 13:08:04 - com.zaxxer.hikari.pool.HikariPool - HikariPool-1 - Fill pool skipped, pool is at sufficient level.
2025-12-24 13:08:21 - o.quartz.core.QuartzSchedulerThread - batch acquisition of 0 triggers
2025-12-24 13:08:34 - com.zaxxer.hikari.pool.HikariPool - HikariPool-1 - Pool stats (total=10, active=0, idle=10, waiting=0)
2025-12-24 13:08:34 - com.zaxxer.hikari.pool.HikariPool - HikariPool-1 - Fill pool skipped, pool is at sufficient level.
2025-12-24 13:08:50 - o.quartz.core.QuartzSchedulerThread - batch acquisition of 0 triggers
2025-12-24 13:09:00 - c.c.hrimport.job.ScheduledImportJob - 開始執行 HR 匯入（本機路徑） localPath=C:\project\testdata\citic
2025-12-24 13:09:00 - c.c.hrimport.job.ScheduledImportJob - No CSV files found in local path: C:\project\testdata\citic
2025-12-24 13:09:04 - o.a.catalina.session.ManagerBase - Start expire sessions StandardManager at 1766552944425 sessioncount 0
2025-12-24 13:09:04 - o.a.catalina.session.ManagerBase - End expire sessions StandardManager processingTime 0 expired sessions: 0
2025-12-24 13:09:04 - com.zaxxer.hikari.pool.HikariPool - HikariPool-1 - Pool stats (total=10, active=0, idle=10, waiting=0)
2025-12-24 13:09:04 - com.zaxxer.hikari.pool.HikariPool - HikariPool-1 - Fill pool skipped, pool is at sufficient level.
2025-12-24 13:09:15 - o.quartz.core.QuartzSchedulerThread - batch acquisition of 0 triggers
2025-12-24 13:09:22 - o.s.b.a.ApplicationAvailabilityBean - Application availability state ReadinessState changed from ACCEPTING_TRAFFIC to REFUSING_TRAFFIC
2025-12-24 13:09:22 - o.s.b.w.s.c.AnnotationConfigServletWebServerApplicationContext - Closing org.springframework.boot.web.servlet.context.AnnotationConfigServletWebServerApplicationContext@46b61c56, started on Wed Dec 24 11:33:57 CST 2025
2025-12-24 13:09:22 - o.s.c.s.DefaultLifecycleProcessor - Stopping beans in phase 2147483647
2025-12-24 13:09:22 - org.quartz.core.QuartzScheduler - Scheduler quartzScheduler_$_NON_CLUSTERED paused.
2025-12-24 13:09:22 - o.s.c.s.DefaultLifecycleProcessor - Bean 'quartzScheduler' completed its stop procedure
2025-12-24 13:09:22 - o.s.c.s.DefaultLifecycleProcessor - Bean 'webServerGracefulShutdown' completed its stop procedure
2025-12-24 13:09:22 - o.s.c.s.DefaultLifecycleProcessor - Stopping beans in phase 2147483646
2025-12-24 13:09:22 - o.s.c.s.DefaultLifecycleProcessor - Bean 'webServerStartStop' completed its stop procedure
2025-12-24 13:09:22 - o.s.c.s.DefaultLifecycleProcessor - Stopping beans in phase -2147483647
2025-12-24 13:09:22 - o.s.c.s.DefaultLifecycleProcessor - Bean 'springBootLoggingLifecycle' completed its stop procedure
2025-12-24 13:09:22 - o.s.s.c.ThreadPoolTaskScheduler - Shutting down ExecutorService 'taskScheduler'
2025-12-24 13:09:22 - o.s.s.quartz.SchedulerFactoryBean - Shutting down Quartz Scheduler
2025-12-24 13:09:22 - org.quartz.core.QuartzScheduler - Scheduler quartzScheduler_$_NON_CLUSTERED shutting down.
2025-12-24 13:09:22 - org.quartz.core.QuartzScheduler - Scheduler quartzScheduler_$_NON_CLUSTERED paused.
2025-12-24 13:09:22 - org.quartz.simpl.SimpleThreadPool - Shutting down threadpool...
2025-12-24 13:09:22 - org.quartz.simpl.SimpleThreadPool - Shutdown of threadpool complete.
2025-12-24 13:09:22 - org.quartz.core.QuartzScheduler - Scheduler quartzScheduler_$_NON_CLUSTERED shutdown complete.
2025-12-24 13:09:22 - o.s.s.c.ThreadPoolTaskExecutor - Shutting down ExecutorService 'applicationTaskExecutor'
2025-12-24 13:09:22 - o.s.o.j.LocalContainerEntityManagerFactoryBean - Closing JPA EntityManagerFactory for persistence unit 'default'
2025-12-24 13:09:22 - o.h.internal.SessionFactoryImpl - HHH000031: Closing
2025-12-24 13:09:22 - o.h.type.spi.TypeConfiguration$Scope - Un-scoping TypeConfiguration [org.hibernate.type.spi.TypeConfiguration$Scope@227c5c46] from SessionFactory [org.hibernate.internal.SessionFactoryImpl@c318864]
2025-12-24 13:09:22 - o.h.s.i.AbstractServiceRegistryImpl - Implicitly destroying ServiceRegistry on de-registration of all child ServiceRegistries
2025-12-24 13:09:22 - o.h.b.r.i.BootstrapServiceRegistryImpl - Implicitly destroying Boot-strap registry on de-registration of all child ServiceRegistries
2025-12-24 13:09:22 - com.zaxxer.hikari.HikariDataSource - HikariPool-1 - Shutdown initiated...
2025-12-24 13:09:22 - com.zaxxer.hikari.pool.HikariPool - HikariPool-1 - Before shutdown stats (total=10, active=0, idle=10, waiting=0)
2025-12-24 13:09:22 - com.zaxxer.hikari.pool.PoolBase - HikariPool-1 - Closing connection org.postgresql.jdbc.PgConnection@57ad6246: (connection evicted)
2025-12-24 13:09:22 - com.zaxxer.hikari.pool.PoolBase - HikariPool-1 - Closing connection org.postgresql.jdbc.PgConnection@21b45bb7: (connection evicted)
2025-12-24 13:09:22 - com.zaxxer.hikari.pool.PoolBase - HikariPool-1 - Closing connection org.postgresql.jdbc.PgConnection@2ada0e44: (connection evicted)
2025-12-24 13:09:22 - com.zaxxer.hikari.pool.PoolBase - HikariPool-1 - Closing connection org.postgresql.jdbc.PgConnection@3874bfea: (connection evicted)
2025-12-24 13:09:22 - com.zaxxer.hikari.pool.PoolBase - HikariPool-1 - Closing connection org.postgresql.jdbc.PgConnection@36b34694: (connection evicted)
2025-12-24 13:09:22 - com.zaxxer.hikari.pool.PoolBase - HikariPool-1 - Closing connection org.postgresql.jdbc.PgConnection@328cd49a: (connection evicted)
2025-12-24 13:09:22 - com.zaxxer.hikari.pool.PoolBase - HikariPool-1 - Closing connection org.postgresql.jdbc.PgConnection@778e4caf: (connection evicted)
2025-12-24 13:09:22 - com.zaxxer.hikari.pool.PoolBase - HikariPool-1 - Closing connection org.postgresql.jdbc.PgConnection@6a98365b: (connection evicted)
2025-12-24 13:09:22 - com.zaxxer.hikari.pool.PoolBase - HikariPool-1 - Closing connection org.postgresql.jdbc.PgConnection@2970a122: (connection evicted)
2025-12-24 13:09:22 - com.zaxxer.hikari.pool.PoolBase - HikariPool-1 - Closing connection org.postgresql.jdbc.PgConnection@652d8c8d: (connection evicted)
2025-12-24 13:09:22 - com.zaxxer.hikari.pool.HikariPool - HikariPool-1 - After shutdown stats (total=0, active=0, idle=0, waiting=0)
2025-12-24 13:09:22 - com.zaxxer.hikari.HikariDataSource - HikariPool-1 - Shutdown completed.
